time_ms,app_state,surface_state,faults,drive_command_native,steering_offset_us,steering_pulse_us,suction_mode,logical_suction_request,hardware_suction_output,adhesion_risk,state_elapsed_ms,transition_candidate,transition_up_observed
1,0,0,0,0,0,1510,0,0,0,1000,0,0,0
2,1,1,0,0,-45,1465,1,0,0,0,0,0,0
3,1,1,0,0,-45,1465,1,0,0,0,0,0,0
4,2,1,0,0,-45,1465,1,0,0,0,0,0,0
5,2,1,0,0,-45,1465,1,0,0,0,0,0,0
6,3,1,0,0,-45,1465,1,0,0,0,0,0,0
7,3,1,0,0,-45,1465,1,0,0,0,0,0,0
8,3,1,0,0,-45,1465,1,0,0,0,2,0,0
9,3,1,0,0,-45,1465,1,0,0,0,2,0,0
10,3,1,0,0,-45,1465,1,0,0,0,4,0,0
11,3,1,0,0,-45,1465,1,0,0,0,4,0,0
12,3,1,0,0,-45,1465,1,0,0,0,6,0,0
13,3,1,0,0,-45,1465,1,0,0,0,6,0,0
14,3,1,0,0,-45,1465,1,0,0,0,8,0,0
15,3,1,0,0,-45,1465,1,0,0,0,8,0,0
16,3,1,0,0,-45,1465,1,0,0,0,10,0,0
17,3,1,0,0,-45,1465,1,0,0,0,10,0,0
18,3,1,0,0,-45,1465,1,0,0,0,12,0,0
19,3,1,0,0,-45,1465,1,0,0,0,12,0,0
20,3,1,0,0,-45,1465,1,0,0,0,14,0,0
21,3,1,0,0,-45,1465,1,0,0,0,14,0,0
22,3,1,0,0,-45,1465,1,0,0,0,16,0,0
23,3,1,0,0,-45,1465,1,0,0,0,16,0,0
24,3,1,0,0,-45,1465,1,0,0,0,18,0,0
25,3,1,0,0,-45,1465,1,0,0,0,18,0,0
26,3,1,0,0,-45,1465,1,0,0,0,20,0,0
27,3,1,0,0,-45,1465,1,0,0,0,20,0,0
28,3,1,0,0,-45,1465,1,0,0,0,22,0,0
29,3,1,0,0,-45,1465,1,0,0,0,22,0,0
30,3,1,0,0,-45,1465,1,0,0,0,24,0,0
31,3,1,0,0,-45,1465,1,0,0,0,24,0,0
32,3,1,0,0,-45,1465,1,0,0,0,26,0,0
33,3,1,0,0,-45,1465,1,0,0,0,26,0,0
34,3,1,0,0,-45,1465,1,0,0,0,28,0,0
35,3,1,0,0,-45,1465,1,0,0,0,28,0,0
36,3,1,0,0,-45,1465,1,0,0,0,30,0,0
37,3,1,0,0,-45,1465,1,0,0,0,30,0,0
38,3,1,0,0,-45,1465,1,0,0,0,32,0,0
39,3,1,0,0,-45,1465,1,0,0,0,32,0,0
40,3,1,0,0,-45,1465,1,0,0,0,34,0,0
41,3,1,0,0,-45,1465,1,0,0,0,34,0,0
42,3,1,0,0,-45,1465,1,0,0,0,36,0,0
43,3,1,0,0,-45,1465,1,0,0,0,36,0,0
44,3,1,0,0,-45,1465,1,0,0,0,38,0,0
45,3,1,0,0,-45,1465,1,0,0,0,38,0,0
46,3,1,0,0,-45,1465,1,0,0,0,40,0,0
47,3,1,0,0,-45,1465,1,0,0,0,40,0,0
48,3,1,0,0,-45,1465,1,0,0,0,42,0,0
49,3,1,0,0,-45,1465,1,0,0,0,42,0,0
50,3,1,0,0,-45,1465,1,0,0,0,44,0,0
51,3,1,0,0,-45,1465,1,0,0,0,44,0,0
52,3,1,0,0,-45,1465,1,0,0,0,46,0,0
53,3,1,0,0,-45,1465,1,0,0,0,46,0,0
54,3,1,0,0,-45,1465,1,0,0,0,48,0,0
55,3,1,0,0,-45,1465,1,0,0,0,48,0,0
56,3,1,0,0,-45,1465,1,0,0,0,50,0,0
57,3,1,0,0,-45,1465,1,0,0,0,50,0,0
58,3,1,0,0,-45,1465,1,0,0,0,52,0,0
59,3,1,0,0,-45,1465,1,0,0,0,52,0,0
60,3,1,0,0,-45,1465,1,0,0,0,54,0,0
61,3,1,0,0,-45,1465,1,0,0,0,54,0,0
62,3,1,0,0,-45,1465,1,0,0,0,56,0,0
63,3,1,0,0,-45,1465,1,0,0,0,56,0,0
64,3,1,0,0,-45,1465,1,0,0,0,58,0,0
65,3,1,0,0,-45,1465,1,0,0,0,58,0,0
66,3,1,0,0,-45,1465,1,0,0,0,60,0,0
67,3,1,0,0,-45,1465,1,0,0,0,60,0,0
68,3,1,0,0,-45,1465,1,0,0,0,62,0,0
69,3,1,0,0,-45,1465,1,0,0,0,62,0,0
70,3,1,0,0,-45,1465,1,0,0,0,64,0,0
71,3,1,0,0,-45,1465,1,0,0,0,64,0,0
72,3,1,0,0,-45,1465,1,0,0,0,66,0,0
73,3,1,0,0,-45,1465,1,0,0,0,66,0,0
74,3,1,0,0,-45,1465,1,0,0,0,68,0,0
75,3,1,0,0,-45,1465,1,0,0,0,68,0,0
76,3,1,0,0,-45,1465,1,0,0,0,70,0,0
77,3,1,0,0,-45,1465,1,0,0,0,70,0,0
78,3,1,0,0,-45,1465,1,0,0,0,72,0,0
79,3,1,0,0,-45,1465,1,0,0,0,72,0,0
80,3,1,0,0,-45,1465,1,0,0,0,74,0,0
81,3,1,0,0,-45,1465,1,0,0,0,74,0,0
82,3,1,0,0,-45,1465,1,0,0,0,76,0,0
83,3,1,0,0,-45,1465,1,0,0,0,76,0,0
84,3,1,0,0,-45,1465,1,0,0,0,78,0,0
85,3,1,0,0,-45,1465,1,0,0,0,78,0,0
86,3,1,0,0,-45,1465,1,0,0,0,80,0,0
87,3,1,0,0,-45,1465,1,0,0,0,80,0,0
88,3,1,0,0,-45,1465,1,0,0,0,82,0,0
89,3,1,0,0,-45,1465,1,0,0,0,82,0,0
90,3,1,0,0,-45,1465,1,0,0,0,84,0,0
91,3,1,0,0,-45,1465,1,0,0,0,84,0,0
92,3,1,0,0,-45,1465,1,0,0,0,86,0,0
93,3,1,0,0,-45,1465,1,0,0,0,86,0,0
94,3,1,0,0,-45,1465,1,0,0,0,88,0,0
95,3,1,0,0,-45,1465,1,0,0,0,88,0,0
96,3,1,0,0,-45,1465,1,0,0,0,90,0,0
97,3,1,0,0,-45,1465,1,0,0,0,90,0,0
98,3,1,0,0,-45,1465,1,0,0,0,92,0,0
99,3,1,0,0,-45,1465,1,0,0,0,92,0,0
100,3,1,0,0,-45,1465,1,0,0,0,94,0,0
101,3,1,0,0,-45,1465,1,0,0,0,94,0,0
102,4,1,0,500,-45,1465,1,0,0,0,0,0,0
103,4,1,0,500,-45,1465,1,0,0,0,0,0,0
104,4,1,0,500,-45,1465,1,0,0,0,2,0,0
105,4,1,0,500,-45,1465,1,0,0,0,2,0,0
106,4,1,0,500,-45,1465,1,0,0,0,4,0,0
107,4,1,0,500,-45,1465,1,0,0,0,4,0,0
108,4,1,0,500,-45,1465,1,0,0,0,6,0,0
109,4,1,0,500,-45,1465,1,0,0,0,6,0,0
110,4,1,0,500,-45,1465,1,0,0,0,8,0,0
111,4,1,0,500,-45,1465,1,0,0,0,8,0,0
112,4,1,0,500,-45,1465,1,0,0,0,10,0,0
113,4,1,0,500,-45,1465,1,0,0,0,10,0,0
114,4,1,0,500,-45,1465,1,0,0,0,12,0,0
115,4,1,0,500,-45,1465,1,0,0,0,12,0,0
116,4,1,0,500,-45,1465,1,0,0,0,14,0,0
117,4,1,0,500,-45,1465,1,0,0,0,14,0,0
118,4,1,0,500,-45,1465,1,0,0,0,16,0,0
119,4,1,0,500,-45,1465,1,0,0,0,16,0,0
120,4,1,0,500,-45,1465,1,0,0,0,18,0,0
121,4,1,0,500,-45,1465,1,0,0,0,18,0,0
122,4,1,0,500,-45,1465,1,0,0,0,20,0,0
123,4,1,0,500,-45,1465,1,0,0,0,20,0,0
124,4,1,0,500,-45,1465,1,0,0,0,22,0,0
125,4,1,0,500,-45,1465,1,0,0,0,22,0,0
126,4,1,0,500,-45,1465,1,0,0,0,24,0,0
127,4,1,0,500,-45,1465,1,0,0,0,24,0,0
128,4,1,0,500,-45,1465,1,0,0,0,26,0,0
129,4,1,0,500,-45,1465,1,0,0,0,26,0,0
130,4,1,0,500,-45,1465,1,0,0,0,28,0,0
131,4,1,0,500,-45,1465,1,0,0,0,28,0,0
132,4,1,0,500,-45,1465,1,0,0,0,30,0,0
133,4,1,0,500,-45,1465,1,0,0,0,30,0,0
134,4,1,0,500,-45,1465,1,0,0,0,32,0,0
135,4,1,0,500,-45,1465,1,0,0,0,32,0,0
136,4,1,0,500,-45,1465,1,0,0,0,34,0,0
137,4,1,0,500,-45,1465,1,0,0,0,34,0,0
138,4,1,0,500,-45,1465,1,0,0,0,36,0,0
139,4,1,0,500,-45,1465,1,0,0,0,36,0,0
140,4,1,0,500,-45,1465,1,0,0,0,38,0,0
141,4,1,0,500,-45,1465,1,0,0,0,38,0,0
142,4,1,0,500,-45,1465,1,0,0,0,40,0,0
143,4,1,0,500,-45,1465,1,0,0,0,40,0,0
144,4,1,0,500,-45,1465,1,0,0,0,42,0,0
145,4,1,0,500,-45,1465,1,0,0,0,42,0,0
146,4,1,0,500,-45,1465,1,0,0,0,44,0,0
147,4,1,0,500,-45,1465,1,0,0,0,44,0,0
148,4,1,0,500,-45,1465,1,0,0,0,46,0,0
149,4,1,0,500,-45,1465,1,0,0,0,46,0,0
150,4,1,0,500,-45,1465,1,0,0,0,48,0,0
151,4,1,0,500,-45,1465,1,0,0,0,48,0,0
152,4,1,0,500,-45,1465,1,0,0,0,50,0,0
153,4,1,0,500,-45,1465,1,0,0,0,50,0,0
154,4,1,0,500,-45,1465,1,0,0,0,52,0,0
155,4,1,0,500,-45,1465,1,0,0,0,52,0,0
156,4,1,0,500,-45,1465,1,0,0,0,54,0,0
157,4,1,0,500,-45,1465,1,0,0,0,54,0,0
158,4,1,0,500,-45,1465,1,0,0,0,56,0,0
159,4,1,0,500,-45,1465,1,0,0,0,56,0,0
160,4,1,0,500,-45,1465,1,0,0,0,58,0,0
161,4,1,0,500,-45,1465,1,0,0,0,58,0,0
162,4,1,0,500,-45,1465,1,0,0,0,60,0,0
163,4,1,0,500,-45,1465,1,0,0,0,60,0,0
164,4,1,0,500,-45,1465,1,0,0,0,62,0,0
165,4,1,0,500,-45,1465,1,0,0,0,62,0,0
166,4,1,0,500,-45,1465,1,0,0,0,64,0,0
167,4,1,0,500,-45,1465,1,0,0,0,64,0,0
168,4,1,0,500,-45,1465,1,0,0,0,66,0,0
169,4,1,0,500,-45,1465,1,0,0,0,66,0,0
170,4,1,0,500,-45,1465,1,0,0,0,68,0,0
171,4,1,0,500,-45,1465,1,0,0,0,68,0,0
172,4,1,0,500,-45,1465,1,0,0,0,70,0,0
173,4,1,0,500,-45,1465,1,0,0,0,70,0,0
174,4,1,0,500,-45,1465,1,0,0,0,72,0,0
175,4,1,0,500,-45,1465,1,0,0,0,72,0,0
176,4,1,0,500,-45,1465,1,0,0,0,74,0,0
177,4,1,0,500,-45,1465,1,0,0,0,74,0,0
178,4,1,0,500,-45,1465,1,0,0,0,76,0,0
179,4,1,0,500,-45,1465,1,0,0,0,76,0,0
180,4,1,0,500,-45,1465,1,0,0,0,78,0,0
181,4,1,0,500,-45,1465,1,0,0,0,78,0,0
182,4,1,0,500,-45,1465,1,0,0,0,80,0,0
183,4,1,0,500,-45,1465,1,0,0,0,80,0,0
184,4,1,0,500,-45,1465,1,0,0,0,82,0,0
185,4,1,0,500,-45,1465,1,0,0,0,82,0,0
186,4,1,0,500,-45,1465,1,0,0,0,84,0,0
187,4,1,0,500,-45,1465,1,0,0,0,84,0,0
188,4,1,0,500,-45,1465,1,0,0,0,86,0,0
189,4,1,0,500,-45,1465,1,0,0,0,86,0,0
190,4,1,0,500,-45,1465,1,0,0,0,88,0,0
191,4,1,0,500,-45,1465,1,0,0,0,88,0,0
192,4,1,0,500,-45,1465,1,0,0,0,90,0,0
193,4,1,0,500,-45,1465,1,0,0,0,90,0,0
194,4,1,0,500,-45,1465,1,0,0,0,92,0,0
195,4,1,0,500,-45,1465,1,0,0,0,92,0,0
196,4,1,0,500,-45,1465,1,0,0,0,94,0,0
197,4,1,0,500,-45,1465,1,0,0,0,94,0,0
198,4,1,0,500,-45,1465,1,0,0,0,96,0,0
199,4,1,0,500,-45,1465,1,0,0,0,96,0,0
200,4,1,0,500,-45,1465,1,0,0,0,98,0,0
201,4,1,0,500,-45,1465,1,0,0,0,98,0,0
202,4,1,0,500,-45,1465,1,0,0,0,100,0,0
203,4,1,0,500,-45,1465,1,0,0,0,100,0,0
204,4,1,0,500,-45,1465,1,0,0,0,102,0,0
205,4,1,0,500,-45,1465,1,0,0,0,102,0,0
206,4,1,0,500,-45,1465,1,0,0,0,104,0,0
207,4,1,0,500,-45,1465,1,0,0,0,104,0,0
208,4,1,0,500,-45,1465,1,0,0,0,106,0,0
209,4,1,0,500,-45,1465,1,0,0,0,106,0,0
210,4,1,0,500,-45,1465,1,0,0,0,108,0,0
211,4,1,0,500,-45,1465,1,0,0,0,108,0,0
212,4,1,0,500,-45,1465,1,0,0,0,110,0,0
213,4,1,0,500,-45,1465,1,0,0,0,110,0,0
214,4,1,0,500,-45,1465,1,0,0,0,112,0,0
215,4,1,0,500,-45,1465,1,0,0,0,112,0,0
216,4,1,0,500,-45,1465,1,0,0,0,114,0,0
217,4,1,0,500,-45,1465,1,0,0,0,114,0,0
218,4,1,0,500,-45,1465,1,0,0,0,116,0,0
219,4,1,0,500,-45,1465,1,0,0,0,116,0,0
220,4,1,0,500,-45,1465,1,0,0,0,118,0,0
221,4,1,0,500,-45,1465,1,0,0,0,118,0,0
222,4,1,0,500,-45,1465,1,0,0,0,120,0,0
223,4,1,0,500,-45,1465,1,0,0,0,120,0,0
224,4,1,0,500,-45,1465,1,0,0,0,122,0,0
225,4,1,0,500,-45,1465,1,0,0,0,122,0,0
226,4,1,0,500,-45,1465,1,0,0,0,124,0,0
227,4,1,0,500,-45,1465,1,0,0,0,124,0,0
228,4,1,0,500,-45,1465,1,0,0,0,126,0,0
229,4,1,0,500,-45,1465,1,0,0,0,126,0,0
230,4,1,0,500,-45,1465,1,0,0,0,128,0,0
231,4,1,0,500,-45,1465,1,0,0,0,128,0,0
232,4,1,0,500,-45,1465,1,0,0,0,130,0,0
233,4,1,0,500,-45,1465,1,0,0,0,130,0,0
234,4,1,0,500,-45,1465,1,0,0,0,132,0,0
235,4,1,0,500,-45,1465,1,0,0,0,132,0,0
236,4,1,0,500,-45,1465,1,0,0,0,134,0,0
237,4,1,0,500,-45,1465,1,0,0,0,134,0,0
238,4,1,0,500,-45,1465,1,0,0,0,136,0,0
239,4,1,0,500,-45,1465,1,0,0,0,136,0,0
240,4,1,0,500,-45,1465,1,0,0,0,138,0,0
241,4,1,0,500,-45,1465,1,0,0,0,138,0,0
242,4,1,0,500,-45,1465,1,0,0,0,140,0,0
243,4,1,0,500,-45,1465,1,0,0,0,140,0,0
244,4,1,0,500,-45,1465,1,0,0,0,142,0,0
245,4,1,0,500,-45,1465,1,0,0,0,142,0,0
246,4,1,0,500,-45,1465,1,0,0,0,144,0,0
247,4,1,0,500,-45,1465,1,0,0,0,144,0,0
248,4,1,0,500,-45,1465,1,0,0,0,146,0,0
249,4,1,0,500,-45,1465,1,0,0,0,146,0,0
250,4,1,0,500,-45,1465,1,0,0,0,148,0,0
251,4,1,0,500,-45,1465,1,0,0,0,148,0,0
252,4,1,0,500,-45,1465,1,0,0,0,150,0,0
253,4,1,0,500,-45,1465,1,0,0,0,150,0,0
254,4,1,0,500,-45,1465,1,0,0,0,152,0,0
255,4,1,0,500,-45,1465,1,0,0,0,152,0,0
256,4,1,0,500,-45,1465,1,0,0,0,154,0,0
257,4,1,0,500,-45,1465,1,0,0,0,154,0,0
258,4,1,0,500,-45,1465,1,0,0,0,156,0,0
259,4,1,0,500,-45,1465,1,0,0,0,156,0,0
260,4,1,0,500,-45,1465,1,0,0,0,158,0,0
261,4,1,0,500,-45,1465,1,0,0,0,158,0,0
262,4,1,0,500,-45,1465,1,0,0,0,160,0,0
263,4,1,0,500,-45,1465,1,0,0,0,160,0,0
264,4,1,0,500,-45,1465,1,0,0,0,162,0,0
265,4,1,0,500,-45,1465,1,0,0,0,162,0,0
266,4,1,0,500,-45,1465,1,0,0,0,164,0,0
267,4,1,0,500,-45,1465,1,0,0,0,164,0,0
268,4,1,0,500,-45,1465,1,0,0,0,166,0,0
269,4,1,0,500,-45,1465,1,0,0,0,166,0,0
270,4,1,0,500,-45,1465,1,0,0,0,168,0,0
271,4,1,0,500,-45,1465,1,0,0,0,168,0,0
272,4,1,0,500,-45,1465,1,0,0,0,170,0,0
273,4,1,0,500,-45,1465,1,0,0,0,170,0,0
274,4,1,0,500,-45,1465,1,0,0,0,172,0,0
275,4,1,0,500,-45,1465,1,0,0,0,172,0,0
276,4,1,0,500,-45,1465,1,0,0,0,174,0,0
277,4,1,0,500,-45,1465,1,0,0,0,174,0,0
278,4,1,0,500,-45,1465,1,0,0,0,176,0,0
279,4,1,0,500,-45,1465,1,0,0,0,176,0,0
280,4,1,0,500,-45,1465,1,0,0,0,178,0,0
281,4,1,0,500,-45,1465,1,0,0,0,178,0,0
282,4,1,0,500,-45,1465,1,0,0,0,180,0,0
283,4,1,0,500,-45,1465,1,0,0,0,180,0,0
284,4,1,0,500,-45,1465,1,0,0,0,182,0,0
285,4,1,0,500,-45,1465,1,0,0,0,182,0,0
286,4,1,0,500,-45,1465,1,0,0,0,184,0,0
287,4,1,0,500,-45,1465,1,0,0,0,184,0,0
288,4,1,0,500,-45,1465,1,0,0,0,186,0,0
289,4,1,0,500,-45,1465,1,0,0,0,186,0,0
290,4,1,0,500,-45,1465,1,0,0,0,188,0,0
291,4,1,0,500,-45,1465,1,0,0,0,188,0,0
292,4,1,0,500,-45,1465,1,0,0,0,190,0,0
293,4,1,0,500,-45,1465,1,0,0,0,190,0,0
294,4,1,0,500,-45,1465,1,0,0,0,192,0,0
295,4,1,0,500,-45,1465,1,0,0,0,192,0,0
296,4,1,0,500,-45,1465,1,0,0,0,194,0,0
297,4,1,0,500,-45,1465,1,0,0,0,194,0,0
298,4,1,0,500,-45,1465,1,0,0,0,196,0,0
299,4,1,0,500,-45,1465,1,0,0,0,196,0,0
300,4,1,0,500,-45,1465,1,0,0,0,198,0,0
301,4,1,0,500,-45,1465,1,0,0,0,198,0,0
302,4,1,0,500,-45,1465,1,0,0,0,200,0,0
303,4,1,0,500,-45,1465,1,0,0,0,200,0,0
304,4,1,0,500,-45,1465,1,0,0,0,202,0,0
305,4,1,0,500,-45,1465,1,0,0,0,202,0,0
306,4,1,0,500,-45,1465,1,0,0,0,204,0,0
307,4,1,0,500,-45,1465,1,0,0,0,204,0,0
308,4,1,0,500,-45,1465,1,0,0,0,206,0,0
309,4,1,0,500,-45,1465,1,0,0,0,206,0,0
310,4,1,0,500,-45,1465,1,0,0,0,208,0,0
311,4,1,0,500,-45,1465,1,0,0,0,208,0,0
312,4,1,0,500,-45,1465,1,0,0,0,210,0,0
313,4,1,0,500,-45,1465,1,0,0,0,210,0,0
314,4,1,0,500,-45,1465,1,0,0,0,212,0,0
315,4,1,0,500,-45,1465,1,0,0,0,212,0,0
316,4,1,0,500,-45,1465,1,0,0,0,214,0,0
317,4,1,0,500,-45,1465,1,0,0,0,214,0,0
318,4,1,0,500,-45,1465,1,0,0,0,216,0,0
319,4,1,0,500,-45,1465,1,0,0,0,216,0,0
320,4,1,0,500,-45,1465,1,0,0,0,218,0,0
321,4,1,0,500,-45,1465,1,0,0,0,218,0,0
322,4,1,0,500,-45,1465,1,0,0,0,220,0,0
323,4,1,0,500,-45,1465,1,0,0,0,220,0,0
324,4,1,0,500,-45,1465,1,0,0,0,222,0,0
325,4,1,0,500,-45,1465,1,0,0,0,222,0,0
326,4,1,0,500,-45,1465,1,0,0,0,224,0,0
327,4,1,0,500,-45,1465,1,0,0,0,224,0,0
328,4,1,0,500,-45,1465,1,0,0,0,226,0,0
329,4,1,0,500,-45,1465,1,0,0,0,226,0,0
330,4,1,0,500,-45,1465,1,0,0,0,228,0,0
331,4,1,0,500,-45,1465,1,0,0,0,228,0,0
332,4,1,0,500,-45,1465,1,0,0,0,230,0,0
333,4,1,0,500,-45,1465,1,0,0,0,230,0,0
334,4,1,0,500,-45,1465,1,0,0,0,232,0,0
335,4,1,0,500,-45,1465,1,0,0,0,232,0,0
336,4,1,0,500,-45,1465,1,0,0,0,234,0,0
337,4,1,0,500,-45,1465,1,0,0,0,234,0,0
338,4,1,0,500,-45,1465,1,0,0,0,236,0,0
339,4,1,0,500,-45,1465,1,0,0,0,236,0,0
340,4,1,0,500,-45,1465,1,0,0,0,238,0,0
341,4,1,0,500,-45,1465,1,0,0,0,238,0,0
342,4,1,0,500,-45,1465,1,0,0,0,240,0,0
343,4,1,0,500,-45,1465,1,0,0,0,240,0,0
344,4,1,0,500,-45,1465,1,0,0,0,242,0,0
345,4,1,0,500,-45,1465,1,0,0,0,242,0,0
346,4,1,0,500,-45,1465,1,0,0,0,244,0,0
347,4,1,0,500,-45,1465,1,0,0,0,244,0,0
348,4,1,0,500,-45,1465,1,0,0,0,246,0,0
349,4,1,0,500,-45,1465,1,0,0,0,246,0,0
350,4,1,0,500,45,1555,1,0,0,0,248,0,0
351,4,1,0,500,45,1555,1,0,0,0,248,0,0
352,4,1,0,500,45,1555,1,0,0,0,250,0,0
353,4,1,0,500,45,1555,1,0,0,0,250,0,0
354,4,1,0,500,45,1555,1,0,0,0,252,0,0
355,4,1,0,500,45,1555,1,0,0,0,252,0,0
356,4,1,0,500,45,1555,1,0,0,0,254,0,0
357,4,1,0,500,45,1555,1,0,0,0,254,0,0
358,4,1,0,500,45,1555,1,0,0,0,256,0,0
359,4,1,0,500,45,1555,1,0,0,0,256,0,0
360,4,1,0,500,45,1555,1,0,0,0,258,0,0
361,4,1,0,500,45,1555,1,0,0,0,258,0,0
362,4,1,0,500,45,1555,1,0,0,0,260,0,0
363,4,1,0,500,45,1555,1,0,0,0,260,0,0
364,4,1,0,500,45,1555,1,0,0,0,262,0,0
365,4,1,0,500,45,1555,1,0,0,0,262,0,0
366,4,1,0,500,45,1555,1,0,0,0,264,0,0
367,4,1,0,500,45,1555,1,0,0,0,264,0,0
368,4,1,0,500,45,1555,1,0,0,0,266,0,0
369,4,1,0,500,45,1555,1,0,0,0,266,0,0
370,4,1,0,500,45,1555,1,0,0,0,268,0,0
371,4,1,0,500,45,1555,1,0,0,0,268,0,0
372,4,1,0,500,45,1555,1,0,0,0,270,0,0
373,4,1,0,500,45,1555,1,0,0,0,270,0,0
374,4,1,0,500,45,1555,1,0,0,0,272,0,0
375,4,1,0,500,45,1555,1,0,0,0,272,0,0
376,4,1,0,500,45,1555,1,0,0,0,274,0,0
377,4,1,0,500,45,1555,1,0,0,0,274,0,0
378,4,1,0,500,45,1555,1,0,0,0,276,0,0
379,4,1,0,500,45,1555,1,0,0,0,276,0,0
380,4,1,0,500,45,1555,1,0,0,0,278,0,0
381,4,1,0,500,45,1555,1,0,0,0,278,0,0
382,4,1,0,500,45,1555,1,0,0,0,280,0,0
383,4,1,0,500,45,1555,1,0,0,0,280,0,0
384,4,1,0,500,45,1555,1,0,0,0,282,0,0
385,4,1,0,500,45,1555,1,0,0,0,282,0,0
386,4,1,0,500,45,1555,1,0,0,0,284,0,0
387,4,1,0,500,45,1555,1,0,0,0,284,0,0
388,4,1,0,500,45,1555,1,0,0,0,286,0,0
389,4,1,0,500,45,1555,1,0,0,0,286,0,0
390,4,1,0,500,45,1555,1,0,0,0,288,0,0
391,4,1,0,500,45,1555,1,0,0,0,288,0,0
392,4,1,0,500,45,1555,1,0,0,0,290,0,0
393,4,1,0,500,45,1555,1,0,0,0,290,0,0
394,4,1,0,500,45,1555,1,0,0,0,292,0,0
395,4,1,0,500,45,1555,1,0,0,0,292,0,0
396,4,1,0,500,45,1555,1,0,0,0,294,0,0
397,4,1,0,500,45,1555,1,0,0,0,294,0,0
398,4,1,0,500,45,1555,1,0,0,0,296,0,0
399,4,1,0,500,45,1555,1,0,0,0,296,0,0
400,4,1,0,500,45,1555,1,0,0,0,298,0,0
401,4,1,0,500,45,1555,1,0,0,0,298,0,0
402,4,1,0,500,45,1555,1,0,0,0,300,0,0
403,4,1,0,500,45,1555,1,0,0,0,300,0,0
404,4,1,0,500,45,1555,1,0,0,0,302,0,0
405,4,1,0,500,45,1555,1,0,0,0,302,0,0
406,4,1,0,500,45,1555,1,0,0,0,304,0,0
407,4,1,0,500,45,1555,1,0,0,0,304,0,0
408,4,1,0,500,45,1555,1,0,0,0,306,0,0
409,4,1,0,500,45,1555,1,0,0,0,306,0,0
410,4,1,0,500,45,1555,1,0,0,0,308,0,0
411,4,1,0,500,45,1555,1,0,0,0,308,0,0
412,4,1,0,500,45,1555,1,0,0,0,310,0,0
413,4,1,0,500,45,1555,1,0,0,0,310,0,0
414,4,1,0,500,45,1555,1,0,0,0,312,0,0
415,4,1,0,500,45,1555,1,0,0,0,312,0,0
416,4,1,0,500,45,1555,1,0,0,0,314,0,0
417,4,1,0,500,45,1555,1,0,0,0,314,0,0
418,4,1,0,500,45,1555,1,0,0,0,316,0,0
419,4,1,0,500,45,1555,1,0,0,0,316,0,0
420,4,1,0,500,45,1555,1,0,0,0,318,0,0
421,4,1,0,500,45,1555,1,0,0,0,318,0,0
422,4,1,0,500,45,1555,1,0,0,0,320,0,0
423,4,1,0,500,45,1555,1,0,0,0,320,0,0
424,4,1,0,500,45,1555,1,0,0,0,322,0,0
425,4,1,0,500,45,1555,1,0,0,0,322,0,0
426,4,1,0,500,45,1555,1,0,0,0,324,0,0
427,4,1,0,500,45,1555,1,0,0,0,324,0,0
428,4,1,0,500,45,1555,1,0,0,0,326,0,0
429,4,1,0,500,45,1555,1,0,0,0,326,0,0
430,4,1,0,500,45,1555,1,0,0,0,328,0,0
431,4,1,0,500,45,1555,1,0,0,0,328,0,0
432,4,1,0,500,45,1555,1,0,0,0,330,0,0
433,4,1,0,500,45,1555,1,0,0,0,330,0,0
434,4,1,0,500,45,1555,1,0,0,0,332,0,0
435,4,1,0,500,45,1555,1,0,0,0,332,0,0
436,4,1,0,500,45,1555,1,0,0,0,334,0,0
437,4,1,0,500,45,1555,1,0,0,0,334,0,0
438,4,1,0,500,45,1555,1,0,0,0,336,0,0
439,4,1,0,500,45,1555,1,0,0,0,336,0,0
440,4,1,0,500,45,1555,1,0,0,0,338,0,0
441,4,1,0,500,45,1555,1,0,0,0,338,0,0
442,4,1,0,500,45,1555,1,0,0,0,340,0,0
443,4,1,0,500,45,1555,1,0,0,0,340,0,0
444,4,1,0,500,45,1555,1,0,0,0,342,0,0
445,4,1,0,500,45,1555,1,0,0,0,342,0,0
446,4,1,0,500,45,1555,1,0,0,0,344,0,0
447,4,1,0,500,45,1555,1,0,0,0,344,0,0
448,4,1,0,500,45,1555,1,0,0,0,346,0,0
449,4,1,0,500,45,1555,1,0,0,0,346,0,0
450,4,1,0,500,45,1555,1,0,0,0,348,0,0
451,4,1,0,500,45,1555,1,0,0,0,348,0,0
452,4,1,0,500,45,1555,1,0,0,0,350,0,0
453,4,1,0,500,45,1555,1,0,0,0,350,0,0
454,4,1,0,500,45,1555,1,0,0,0,352,0,0
455,4,1,0,500,45,1555,1,0,0,0,352,0,0
456,4,1,0,500,45,1555,1,0,0,0,354,0,0
457,4,1,0,500,45,1555,1,0,0,0,354,0,0
458,4,1,0,500,45,1555,1,0,0,0,356,0,0
459,4,1,0,500,45,1555,1,0,0,0,356,0,0
460,4,1,0,500,45,1555,1,0,0,0,358,0,0
461,4,1,0,500,45,1555,1,0,0,0,358,0,0
462,4,1,0,500,45,1555,1,0,0,0,360,0,0
463,4,1,0,500,45,1555,1,0,0,0,360,0,0
464,4,1,0,500,45,1555,1,0,0,0,362,0,0
465,4,1,0,500,45,1555,1,0,0,0,362,0,0
466,4,1,0,500,45,1555,1,0,0,0,364,0,0
467,4,1,0,500,45,1555,1,0,0,0,364,0,0
468,4,1,0,500,45,1555,1,0,0,0,366,0,0
469,4,1,0,500,45,1555,1,0,0,0,366,0,0
470,4,1,0,500,45,1555,1,0,0,0,368,0,0
471,4,1,0,500,45,1555,1,0,0,0,368,0,0
472,4,1,0,500,45,1555,1,0,0,0,370,0,0
473,4,1,0,500,45,1555,1,0,0,0,370,0,0
474,4,1,0,500,45,1555,1,0,0,0,372,0,0
475,4,1,0,500,45,1555,1,0,0,0,372,0,0
476,4,1,0,500,45,1555,1,0,0,0,374,0,0
477,4,1,0,500,45,1555,1,0,0,0,374,0,0
478,4,1,0,500,45,1555,1,0,0,0,376,0,0
479,4,1,0,500,45,1555,1,0,0,0,376,0,0
480,4,1,0,500,45,1555,1,0,0,0,378,0,0
481,4,1,0,500,45,1555,1,0,0,0,378,0,0
482,4,1,0,500,45,1555,1,0,0,0,380,0,0
483,4,1,0,500,45,1555,1,0,0,0,380,0,0
484,4,1,0,500,45,1555,1,0,0,0,382,0,0
485,4,1,0,500,45,1555,1,0,0,0,382,0,0
486,4,1,0,500,45,1555,1,0,0,0,384,0,0
487,4,1,0,500,45,1555,1,0,0,0,384,0,0
488,4,1,0,500,45,1555,1,0,0,0,386,0,0
489,4,1,0,500,45,1555,1,0,0,0,386,0,0
490,4,1,0,500,45,1555,1,0,0,0,388,0,0
491,4,1,0,500,45,1555,1,0,0,0,388,0,0
492,4,1,0,500,45,1555,1,0,0,0,390,0,0
493,4,1,0,500,45,1555,1,0,0,0,390,0,0
494,4,1,0,500,45,1555,1,0,0,0,392,0,0
495,4,1,0,500,45,1555,1,0,0,0,392,0,0
496,4,1,0,500,45,1555,1,0,0,0,394,0,0
497,4,1,0,500,45,1555,1,0,0,0,394,0,0
498,4,1,0,500,45,1555,1,0,0,0,396,0,0
499,4,1,0,500,45,1555,1,0,0,0,396,0,0
500,4,1,0,500,45,1555,1,0,0,0,398,0,0
501,4,1,0,500,45,1555,1,0,0,0,398,0,0
502,4,1,0,500,45,1555,1,0,0,0,400,0,0
503,4,1,0,500,45,1555,1,0,0,0,400,0,0
504,4,1,0,500,45,1555,1,0,0,0,402,0,0
505,4,1,0,500,45,1555,1,0,0,0,402,0,0
506,4,1,0,500,45,1555,1,0,0,0,404,0,0
507,4,1,0,500,45,1555,1,0,0,0,404,0,0
508,4,1,0,500,45,1555,1,0,0,0,406,0,0
509,4,1,0,500,45,1555,1,0,0,0,406,0,0
510,4,1,0,500,45,1555,1,0,0,0,408,0,0
511,4,1,0,500,45,1555,1,0,0,0,408,0,0
512,4,1,0,500,45,1555,1,0,0,0,410,0,0
513,4,1,0,500,45,1555,1,0,0,0,410,0,0
514,4,1,0,500,45,1555,1,0,0,0,412,0,0
515,4,1,0,500,45,1555,1,0,0,0,412,0,0
516,4,1,0,500,45,1555,1,0,0,0,414,0,0
517,4,1,0,500,45,1555,1,0,0,0,414,0,0
518,4,1,0,500,45,1555,1,0,0,0,416,0,0
519,4,1,0,500,45,1555,1,0,0,0,416,0,0
520,4,1,0,500,45,1555,1,0,0,0,418,0,0
521,4,1,0,500,45,1555,1,0,0,0,418,0,0
522,4,1,0,500,45,1555,1,0,0,0,420,0,0
523,4,1,0,500,45,1555,1,0,0,0,420,0,0
524,4,1,0,500,45,1555,1,0,0,0,422,0,0
525,4,1,0,500,45,1555,1,0,0,0,422,0,0
526,4,1,0,500,45,1555,1,0,0,0,424,0,0
527,4,1,0,500,45,1555,1,0,0,0,424,0,0
528,4,1,0,500,45,1555,1,0,0,0,426,0,0
529,4,1,0,500,45,1555,1,0,0,0,426,0,0
530,4,1,0,500,45,1555,1,0,0,0,428,0,0
531,4,1,0,500,45,1555,1,0,0,0,428,0,0
532,4,1,0,500,45,1555,1,0,0,0,430,0,0
533,4,1,0,500,45,1555,1,0,0,0,430,0,0
534,4,1,0,500,45,1555,1,0,0,0,432,0,0
535,4,1,0,500,45,1555,1,0,0,0,432,0,0
536,4,1,0,500,45,1555,1,0,0,0,434,0,0
537,4,1,0,500,45,1555,1,0,0,0,434,0,0
538,4,1,0,500,45,1555,1,0,0,0,436,0,0
539,4,1,0,500,45,1555,1,0,0,0,436,0,0
540,4,1,0,500,45,1555,1,0,0,0,438,0,0
541,4,1,0,500,45,1555,1,0,0,0,438,0,0
542,4,1,0,500,45,1555,1,0,0,0,440,0,0
543,4,1,0,500,45,1555,1,0,0,0,440,0,0
544,4,1,0,500,45,1555,1,0,0,0,442,0,0
545,4,1,0,500,45,1555,1,0,0,0,442,0,0
546,4,1,0,500,45,1555,1,0,0,0,444,0,0
547,4,1,0,500,45,1555,1,0,0,0,444,0,0
548,4,1,0,500,45,1555,1,0,0,0,446,0,0
549,4,1,0,500,45,1555,1,0,0,0,446,0,0
550,4,1,0,500,45,1555,1,0,0,0,448,0,0
551,4,1,0,500,45,1555,1,0,0,0,448,0,0
552,4,1,0,500,45,1555,1,0,0,0,450,0,0
553,4,1,0,500,45,1555,1,0,0,0,450,0,0
554,4,1,0,500,45,1555,1,0,0,0,452,0,0
555,4,1,0,500,45,1555,1,0,0,0,452,0,0
556,4,1,0,500,45,1555,1,0,0,0,454,0,0
557,4,1,0,500,45,1555,1,0,0,0,454,0,0
558,4,1,0,500,45,1555,1,0,0,0,456,0,0
559,4,1,0,500,45,1555,1,0,0,0,456,0,0
560,4,1,0,500,45,1555,1,0,0,0,458,0,0
561,4,1,0,500,45,1555,1,0,0,0,458,0,0
562,4,1,0,500,45,1555,1,0,0,0,460,0,0
563,4,1,0,500,45,1555,1,0,0,0,460,0,0
564,4,1,0,500,45,1555,1,0,0,0,462,0,0
565,4,1,0,500,45,1555,1,0,0,0,462,0,0
566,4,1,0,500,45,1555,1,0,0,0,464,0,0
567,4,1,0,500,45,1555,1,0,0,0,464,0,0
568,4,1,0,500,45,1555,1,0,0,0,466,0,0
569,4,1,0,500,45,1555,1,0,0,0,466,0,0
570,4,1,0,500,45,1555,1,0,0,0,468,0,0
571,4,1,0,500,45,1555,1,0,0,0,468,0,0
572,4,1,0,500,45,1555,1,0,0,0,470,0,0
573,4,1,0,500,45,1555,1,0,0,0,470,0,0
574,4,1,0,500,45,1555,1,0,0,0,472,0,0
575,4,1,0,500,45,1555,1,0,0,0,472,0,0
576,4,1,0,500,45,1555,1,0,0,0,474,0,0
577,4,1,0,500,45,1555,1,0,0,0,474,0,0
578,4,1,0,500,45,1555,1,0,0,0,476,0,0
579,4,1,0,500,45,1555,1,0,0,0,476,0,0
580,4,1,0,500,45,1555,1,0,0,0,478,0,0
581,4,1,0,500,45,1555,1,0,0,0,478,0,0
582,4,1,0,500,45,1555,1,0,0,0,480,0,0
583,4,1,0,500,45,1555,1,0,0,0,480,0,0
584,4,1,0,500,45,1555,1,0,0,0,482,0,0
585,4,1,0,500,45,1555,1,0,0,0,482,0,0
586,4,1,0,500,45,1555,1,0,0,0,484,0,0
587,4,1,0,500,45,1555,1,0,0,0,484,0,0
588,4,1,0,500,45,1555,1,0,0,0,486,0,0
589,4,1,0,500,45,1555,1,0,0,0,486,0,0
590,4,1,0,500,45,1555,1,0,0,0,488,0,0
591,4,1,0,500,45,1555,1,0,0,0,488,0,0
592,4,1,0,500,45,1555,1,0,0,0,490,0,0
593,4,1,0,500,45,1555,1,0,0,0,490,0,0
594,4,1,0,500,45,1555,1,0,0,0,492,0,0
595,4,1,0,500,45,1555,1,0,0,0,492,0,0
596,4,1,0,500,45,1555,1,0,0,0,494,0,0
597,4,1,0,500,45,1555,1,0,0,0,494,0,0
598,4,1,0,500,45,1555,1,0,0,0,496,0,0
599,4,1,0,500,45,1555,1,0,0,0,496,0,0
600,4,1,0,500,45,1555,1,0,0,0,498,0,0
601,4,1,0,500,45,1555,1,0,0,0,498,0,0
602,4,1,0,500,45,1555,1,0,0,0,500,0,0
603,4,1,0,500,45,1555,1,0,0,0,500,0,0
604,4,1,0,500,45,1555,1,0,0,0,502,0,0
605,4,1,0,500,45,1555,1,0,0,0,502,0,0
606,4,1,0,500,45,1555,1,0,0,0,504,0,0
607,4,1,0,500,45,1555,1,0,0,0,504,0,0
608,4,1,0,500,45,1555,1,0,0,0,506,0,0
609,4,1,0,500,45,1555,1,0,0,0,506,0,0
610,4,1,0,500,45,1555,1,0,0,0,508,0,0
611,4,1,0,500,45,1555,1,0,0,0,508,0,0
612,4,1,0,500,45,1555,1,0,0,0,510,0,0
613,4,1,0,500,45,1555,1,0,0,0,510,0,0
614,4,1,0,500,45,1555,1,0,0,0,512,0,0
615,4,1,0,500,45,1555,1,0,0,0,512,0,0
616,4,1,0,500,45,1555,1,0,0,0,514,0,0
617,4,1,0,500,45,1555,1,0,0,0,514,0,0
618,4,1,0,500,45,1555,1,0,0,0,516,0,0
619,4,1,0,500,45,1555,1,0,0,0,516,0,0
620,4,1,0,500,45,1555,1,0,0,0,518,0,0
621,4,1,0,500,45,1555,1,0,0,0,518,0,0
622,4,1,0,500,45,1555,1,0,0,0,520,0,0
623,4,1,0,500,45,1555,1,0,0,0,520,0,0
624,4,1,0,500,45,1555,1,0,0,0,522,0,0
625,4,1,0,500,45,1555,1,0,0,0,522,0,0
626,4,1,0,500,45,1555,1,0,0,0,524,0,0
627,4,1,0,500,45,1555,1,0,0,0,524,0,0
628,4,1,0,500,45,1555,1,0,0,0,526,0,0
629,4,1,0,500,45,1555,1,0,0,0,526,0,0
630,4,1,0,500,45,1555,1,0,0,0,528,0,0
631,4,1,0,500,45,1555,1,0,0,0,528,0,0
632,4,1,0,500,45,1555,1,0,0,0,530,0,0
633,4,1,0,500,45,1555,1,0,0,0,530,0,0
634,4,1,0,500,45,1555,1,0,0,0,532,0,0
635,4,1,0,500,45,1555,1,0,0,0,532,0,0
636,4,1,0,500,45,1555,1,0,0,0,534,0,0
637,4,1,0,500,45,1555,1,0,0,0,534,0,0
638,4,1,0,500,45,1555,1,0,0,0,536,0,0
639,4,1,0,500,45,1555,1,0,0,0,536,0,0
640,4,1,0,500,45,1555,1,0,0,0,538,0,0
641,4,1,0,500,45,1555,1,0,0,0,538,0,0
642,4,1,0,500,45,1555,1,0,0,0,540,0,0
643,4,1,0,500,45,1555,1,0,0,0,540,0,0
644,4,1,0,500,45,1555,1,0,0,0,542,0,0
645,4,1,0,500,45,1555,1,0,0,0,542,0,0
646,4,1,0,500,45,1555,1,0,0,0,544,0,0
647,4,1,0,500,45,1555,1,0,0,0,544,0,0
648,4,1,0,500,45,1555,1,0,0,0,546,0,0
649,4,1,0,500,45,1555,1,0,0,0,546,0,0
650,4,1,0,500,45,1555,1,0,0,0,548,0,0
651,4,1,0,500,45,1555,1,0,0,0,548,0,0
652,4,1,0,500,45,1555,1,0,0,0,550,0,0
653,4,1,0,500,45,1555,1,0,0,0,550,0,0
654,4,1,0,500,45,1555,1,0,0,0,552,0,0
655,4,1,0,500,45,1555,1,0,0,0,552,0,0
656,4,1,0,500,45,1555,1,0,0,0,554,0,0
657,4,1,0,500,45,1555,1,0,0,0,554,0,0
658,4,1,0,500,45,1555,1,0,0,0,556,0,0
659,4,1,0,500,45,1555,1,0,0,0,556,0,0
660,4,1,0,500,45,1555,1,0,0,0,558,0,0
661,4,1,0,500,45,1555,1,0,0,0,558,0,0
662,4,1,0,500,45,1555,1,0,0,0,560,0,0
663,4,1,0,500,45,1555,1,0,0,0,560,0,0
664,4,1,0,500,45,1555,1,0,0,0,562,0,0
665,4,1,0,500,45,1555,1,0,0,0,562,0,0
666,4,1,0,500,45,1555,1,0,0,0,564,0,0
667,4,1,0,500,45,1555,1,0,0,0,564,0,0
668,4,1,0,500,45,1555,1,0,0,0,566,0,0
669,4,1,0,500,45,1555,1,0,0,0,566,0,0
670,4,1,0,500,45,1555,1,0,0,0,568,0,0
671,4,1,0,500,45,1555,1,0,0,0,568,0,0
672,4,1,0,500,45,1555,1,0,0,0,570,0,0
673,4,1,0,500,45,1555,1,0,0,0,570,0,0
674,4,1,0,500,45,1555,1,0,0,0,572,0,0
675,4,1,0,500,45,1555,1,0,0,0,572,0,0
676,4,1,0,500,45,1555,1,0,0,0,574,0,0
677,4,1,0,500,45,1555,1,0,0,0,574,0,0
678,4,1,0,500,45,1555,1,0,0,0,576,0,0
679,4,1,0,500,45,1555,1,0,0,0,576,0,0
680,4,1,0,500,45,1555,1,0,0,0,578,0,0
681,4,1,0,500,45,1555,1,0,0,0,578,0,0
682,4,1,0,500,45,1555,1,0,0,0,580,0,0
683,4,1,0,500,45,1555,1,0,0,0,580,0,0
684,4,1,0,500,45,1555,1,0,0,0,582,0,0
685,4,1,0,500,45,1555,1,0,0,0,582,0,0
686,4,1,0,500,45,1555,1,0,0,0,584,0,0
687,4,1,0,500,45,1555,1,0,0,0,584,0,0
688,4,1,0,500,45,1555,1,0,0,0,586,0,0
689,4,1,0,500,45,1555,1,0,0,0,586,0,0
690,4,1,0,500,45,1555,1,0,0,0,588,0,0
691,4,1,0,500,45,1555,1,0,0,0,588,0,0
692,4,1,0,500,45,1555,1,0,0,0,590,0,0
693,4,1,0,500,45,1555,1,0,0,0,590,0,0
694,4,1,0,500,45,1555,1,0,0,0,592,0,0
695,4,1,0,500,45,1555,1,0,0,0,592,0,0
696,4,1,0,500,45,1555,1,0,0,0,594,0,0
697,4,1,0,500,45,1555,1,0,0,0,594,0,0
698,4,1,0,500,45,1555,1,0,0,0,596,0,0
699,4,1,0,500,45,1555,1,0,0,0,596,0,0
700,4,1,0,500,0,1510,1,0,0,0,598,0,0
701,4,1,0,500,0,1510,1,0,0,0,598,0,0
702,4,1,0,500,0,1510,1,0,0,0,600,0,0
703,4,1,0,500,0,1510,1,0,0,0,600,0,0
704,4,1,0,500,0,1510,1,0,0,0,602,0,0
705,4,1,0,500,0,1510,1,0,0,0,602,0,0
706,4,1,0,500,0,1510,1,0,0,0,604,0,0
707,4,1,0,500,0,1510,1,0,0,0,604,0,0
708,4,1,0,500,0,1510,1,0,0,0,606,0,0
709,4,1,0,500,0,1510,1,0,0,0,606,0,0
710,4,1,0,500,0,1510,1,0,0,0,608,0,0
711,4,1,0,500,0,1510,1,0,0,0,608,0,0
712,4,1,0,500,0,1510,1,0,0,0,610,0,0
713,4,1,0,500,0,1510,1,0,0,0,610,0,0
714,4,1,0,500,0,1510,1,0,0,0,612,0,0
715,4,1,0,500,0,1510,1,0,0,0,612,0,0
716,4,1,0,500,0,1510,1,0,0,0,614,0,0
717,4,1,0,500,0,1510,1,0,0,0,614,0,0
718,4,1,0,500,0,1510,1,0,0,0,616,0,0
719,4,1,0,500,0,1510,1,0,0,0,616,0,0
720,4,1,0,500,0,1510,1,0,0,0,618,0,0
721,4,1,0,500,0,1510,1,0,0,0,618,0,0
722,4,1,0,500,0,1510,1,0,0,0,620,0,0
723,4,1,0,500,0,1510,1,0,0,0,620,0,0
724,4,1,0,500,0,1510,1,0,0,0,622,0,0
725,4,1,0,500,0,1510,1,0,0,0,622,0,0
726,4,1,0,500,0,1510,1,0,0,0,624,0,0
727,4,1,0,500,0,1510,1,0,0,0,624,0,0
728,4,1,0,500,0,1510,1,0,0,0,626,0,0
729,4,1,0,500,0,1510,1,0,0,0,626,0,0
730,4,1,0,500,0,1510,1,0,0,0,628,0,0
731,4,1,0,500,0,1510,1,0,0,0,628,0,0
732,4,1,0,500,0,1510,1,0,0,0,630,0,0
733,4,1,0,500,0,1510,1,0,0,0,630,0,0
734,4,1,0,500,0,1510,1,0,0,0,632,0,0
735,4,1,0,500,0,1510,1,0,0,0,632,0,0
736,4,1,0,500,0,1510,1,0,0,0,634,0,0
737,4,1,0,500,0,1510,1,0,0,0,634,0,0
738,4,1,0,500,0,1510,1,0,0,0,636,0,0
739,4,1,0,500,0,1510,1,0,0,0,636,0,0
740,4,1,0,500,0,1510,1,0,0,0,638,0,0
741,4,1,0,500,0,1510,1,0,0,0,638,0,0
742,4,1,0,500,0,1510,1,0,0,0,640,0,0
743,4,1,0,500,0,1510,1,0,0,0,640,0,0
744,4,1,0,500,0,1510,1,0,0,0,642,0,0
745,4,1,0,500,0,1510,1,0,0,0,642,0,0
746,4,1,0,500,0,1510,1,0,0,0,644,0,0
747,4,1,0,500,0,1510,1,0,0,0,644,0,0
748,4,1,0,500,0,1510,1,0,0,0,646,0,0
749,4,1,0,500,0,1510,1,0,0,0,646,0,0
750,4,1,0,500,0,1510,1,0,0,0,648,0,0
751,4,1,0,500,0,1510,1,0,0,0,648,0,0
752,4,1,0,500,0,1510,1,0,0,0,650,0,0
753,4,1,0,500,0,1510,1,0,0,0,650,0,0
754,4,1,0,500,0,1510,1,0,0,0,652,0,0
755,4,1,0,500,0,1510,1,0,0,0,652,0,0
756,4,1,0,500,0,1510,1,0,0,0,654,0,0
757,4,1,0,500,0,1510,1,0,0,0,654,0,0
758,4,1,0,500,0,1510,1,0,0,0,656,0,0
759,4,1,0,500,0,1510,1,0,0,0,656,0,0
760,4,1,0,500,0,1510,1,0,0,0,658,0,0
761,4,1,0,500,0,1510,1,0,0,0,658,0,0
762,4,1,0,500,0,1510,1,0,0,0,660,0,0
763,4,1,0,500,0,1510,1,0,0,0,660,0,0
764,4,1,0,500,0,1510,1,0,0,0,662,0,0
765,4,1,0,500,0,1510,1,0,0,0,662,0,0
766,4,1,0,500,0,1510,1,0,0,0,664,0,0
767,4,1,0,500,0,1510,1,0,0,0,664,0,0
768,4,1,0,500,0,1510,1,0,0,0,666,0,0
769,4,1,0,500,0,1510,1,0,0,0,666,0,0
770,4,1,0,500,0,1510,1,0,0,0,668,0,0
771,4,1,0,500,0,1510,1,0,0,0,668,0,0
772,4,1,0,500,0,1510,1,0,0,0,670,0,0
773,4,1,0,500,0,1510,1,0,0,0,670,0,0
774,4,1,0,500,0,1510,1,0,0,0,672,0,0
775,4,1,0,500,0,1510,1,0,0,0,672,0,0
776,4,1,0,500,0,1510,1,0,0,0,674,0,0
777,4,1,0,500,0,1510,1,0,0,0,674,0,0
778,4,1,0,500,0,1510,1,0,0,0,676,0,0
779,4,1,0,500,0,1510,1,0,0,0,676,0,0
780,4,1,0,500,0,1510,1,0,0,0,678,0,0
781,4,1,0,500,0,1510,1,0,0,0,678,0,0
782,4,1,0,500,0,1510,1,0,0,0,680,0,0
783,4,1,0,500,0,1510,1,0,0,0,680,0,0
784,4,1,0,500,0,1510,1,0,0,0,682,0,0
785,4,1,0,500,0,1510,1,0,0,0,682,0,0
786,4,1,0,500,0,1510,1,0,0,0,684,0,0
787,4,1,0,500,0,1510,1,0,0,0,684,0,0
788,4,1,0,500,0,1510,1,0,0,0,686,0,0
789,4,1,0,500,0,1510,1,0,0,0,686,0,0
790,4,1,0,500,0,1510,1,0,0,0,688,0,0
791,4,1,0,500,0,1510,1,0,0,0,688,0,0
792,4,1,0,500,0,1510,1,0,0,0,690,0,0
793,4,1,0,500,0,1510,1,0,0,0,690,0,0
794,4,1,0,500,0,1510,1,0,0,0,692,0,0
795,4,1,0,500,0,1510,1,0,0,0,692,0,0
796,4,1,0,500,0,1510,1,0,0,0,694,0,0
797,4,1,0,500,0,1510,1,0,0,0,694,0,0
798,4,1,0,500,0,1510,1,0,0,0,696,0,0
799,4,1,0,500,0,1510,1,0,0,0,696,0,0
800,4,1,0,500,0,1510,1,0,0,0,698,0,0
801,4,1,0,500,0,1510,1,0,0,0,698,0,0
802,4,1,0,500,0,1510,1,0,0,0,700,0,0
803,4,1,0,500,0,1510,1,0,0,0,700,0,0
804,4,1,0,500,0,1510,1,0,0,0,702,0,0
805,4,1,0,500,0,1510,1,0,0,0,702,0,0
806,4,1,0,500,0,1510,1,0,0,0,704,0,0
807,4,1,0,500,0,1510,1,0,0,0,704,0,0
808,4,1,0,500,0,1510,1,0,0,0,706,0,0
809,4,1,0,500,0,1510,1,0,0,0,706,0,0
810,4,1,0,500,0,1510,1,0,0,0,708,0,0
811,4,1,0,500,0,1510,1,0,0,0,708,0,0
812,4,1,0,500,0,1510,1,0,0,0,710,0,0
813,4,1,0,500,0,1510,1,0,0,0,710,0,0
814,4,1,0,500,0,1510,1,0,0,0,712,0,0
815,4,1,0,500,0,1510,1,0,0,0,712,0,0
816,4,1,0,500,0,1510,1,0,0,0,714,0,0
817,4,1,0,500,0,1510,1,0,0,0,714,0,0
818,4,1,0,500,0,1510,1,0,0,0,716,0,0
819,4,1,0,500,0,1510,1,0,0,0,716,0,0
820,4,1,0,500,0,1510,1,0,0,0,718,0,0
821,4,1,0,500,0,1510,1,0,0,0,718,0,0
822,4,1,0,500,0,1510,1,0,0,0,720,0,0
823,4,1,0,500,0,1510,1,0,0,0,720,0,0
824,4,1,0,500,0,1510,1,0,0,0,722,0,0
825,4,1,0,500,0,1510,1,0,0,0,722,0,0
826,4,1,0,500,0,1510,1,0,0,0,724,0,0
827,4,1,0,500,0,1510,1,0,0,0,724,0,0
828,4,1,0,500,0,1510,1,0,0,0,726,0,0
829,4,1,0,500,0,1510,1,0,0,0,726,0,0
830,4,1,0,500,0,1510,1,0,0,0,728,0,0
831,4,1,0,500,0,1510,1,0,0,0,728,0,0
832,4,1,0,500,0,1510,1,0,0,0,730,0,0
833,4,1,0,500,0,1510,1,0,0,0,730,0,0
834,4,1,0,500,0,1510,1,0,0,0,732,0,0
835,4,1,0,500,0,1510,1,0,0,0,732,0,0
836,4,1,0,500,0,1510,1,0,0,0,734,0,0
837,4,1,0,500,0,1510,1,0,0,0,734,0,0
838,4,1,0,500,0,1510,1,0,0,0,736,0,0
839,4,1,0,500,0,1510,1,0,0,0,736,0,0
840,4,1,0,500,0,1510,1,0,0,0,738,0,0
841,4,1,0,500,0,1510,1,0,0,0,738,0,0
842,4,1,0,500,0,1510,1,0,0,0,740,0,0
843,4,1,0,500,0,1510,1,0,0,0,740,0,0
844,4,1,0,500,0,1510,1,0,0,0,742,0,0
845,4,1,0,500,0,1510,1,0,0,0,742,0,0
846,4,1,0,500,0,1510,1,0,0,0,744,0,0
847,4,1,0,500,0,1510,1,0,0,0,744,0,0
848,4,1,0,500,0,1510,1,0,0,0,746,0,0
849,4,1,0,500,0,1510,1,0,0,0,746,0,0
850,4,1,0,500,0,1510,1,0,0,0,748,0,0
851,4,1,0,500,0,1510,1,0,0,0,748,0,0
852,4,1,0,500,0,1510,1,0,0,0,750,0,0
853,4,1,0,500,0,1510,1,0,0,0,750,0,0
854,4,1,0,500,0,1510,1,0,0,0,752,0,0
855,4,1,0,500,0,1510,1,0,0,0,752,0,0
856,4,1,0,500,0,1510,1,0,0,0,754,0,0
857,4,1,0,500,0,1510,1,0,0,0,754,0,0
858,4,1,0,500,0,1510,1,0,0,0,756,0,0
859,4,1,0,500,0,1510,1,0,0,0,756,0,0
860,4,1,0,500,0,1510,1,0,0,0,758,0,0
861,4,1,0,500,0,1510,1,0,0,0,758,0,0
862,4,1,0,500,0,1510,1,0,0,0,760,0,0
863,4,1,0,500,0,1510,1,0,0,0,760,0,0
864,4,1,0,500,0,1510,1,0,0,0,762,0,0
865,4,1,0,500,0,1510,1,0,0,0,762,0,0
866,4,1,0,500,0,1510,1,0,0,0,764,0,0
867,4,1,0,500,0,1510,1,0,0,0,764,0,0
868,4,1,0,500,0,1510,1,0,0,0,766,0,0
869,4,1,0,500,0,1510,1,0,0,0,766,0,0
870,4,1,0,500,0,1510,1,0,0,0,768,0,0
871,4,1,0,500,0,1510,1,0,0,0,768,0,0
872,4,1,0,500,0,1510,1,0,0,0,770,0,0
873,4,1,0,500,0,1510,1,0,0,0,770,0,0
874,4,1,0,500,0,1510,1,0,0,0,772,0,0
875,4,1,0,500,0,1510,1,0,0,0,772,0,0
876,4,1,0,500,0,1510,1,0,0,0,774,0,0
877,4,1,0,500,0,1510,1,0,0,0,774,0,0
878,4,1,0,500,0,1510,1,0,0,0,776,0,0
879,4,1,0,500,0,1510,1,0,0,0,776,0,0
880,4,1,0,500,0,1510,1,0,0,0,778,0,0
881,4,1,0,500,0,1510,1,0,0,0,778,0,0
882,4,1,0,500,0,1510,1,0,0,0,780,0,0
883,4,1,0,500,0,1510,1,0,0,0,780,0,0
884,4,1,0,500,0,1510,1,0,0,0,782,0,0
885,4,1,0,500,0,1510,1,0,0,0,782,0,0
886,4,1,0,500,0,1510,1,0,0,0,784,0,0
887,4,1,0,500,0,1510,1,0,0,0,784,0,0
888,4,1,0,500,0,1510,1,0,0,0,786,0,0
889,4,1,0,500,0,1510,1,0,0,0,786,0,0
890,4,1,0,500,0,1510,1,0,0,0,788,0,0
891,4,1,0,500,0,1510,1,0,0,0,788,0,0
892,4,1,0,500,0,1510,1,0,0,0,790,0,0
893,4,1,0,500,0,1510,1,0,0,0,790,0,0
894,4,1,0,500,0,1510,1,0,0,0,792,0,0
895,4,1,0,500,0,1510,1,0,0,0,792,0,0
896,4,1,0,500,0,1510,1,0,0,0,794,0,0
897,4,1,0,500,0,1510,1,0,0,0,794,0,0
898,4,1,0,500,0,1510,1,0,0,0,796,0,0
899,4,1,0,500,0,1510,1,0,0,0,796,0,0
900,4,1,0,500,0,1510,1,0,0,0,798,0,0
901,4,1,0,500,0,1510,1,0,0,0,798,0,0
902,4,1,0,500,0,1510,1,0,0,0,800,0,0
903,4,1,0,500,0,1510,1,0,0,0,800,0,0
904,4,1,0,500,0,1510,1,0,0,0,802,0,0
905,4,1,0,500,0,1510,1,0,0,0,802,0,0
906,4,1,0,500,0,1510,1,0,0,0,804,0,0
907,4,1,0,500,0,1510,1,0,0,0,804,0,0
908,4,1,0,500,0,1510,1,0,0,0,806,0,0
909,4,1,0,500,0,1510,1,0,0,0,806,0,0
910,4,1,0,500,0,1510,1,0,0,0,808,0,0
911,4,1,0,500,0,1510,1,0,0,0,808,0,0
912,4,1,0,500,0,1510,1,0,0,0,810,0,0
913,4,1,0,500,0,1510,1,0,0,0,810,0,0
914,4,1,0,500,0,1510,1,0,0,0,812,0,0
915,4,1,0,500,0,1510,1,0,0,0,812,0,0
916,4,1,0,500,0,1510,1,0,0,0,814,0,0
917,4,1,0,500,0,1510,1,0,0,0,814,0,0
918,4,1,0,500,0,1510,1,0,0,0,816,0,0
919,4,1,0,500,0,1510,1,0,0,0,816,0,0
920,4,1,0,500,0,1510,1,0,0,0,818,0,0
921,4,1,0,500,0,1510,1,0,0,0,818,0,0
922,4,1,0,500,0,1510,1,0,0,0,820,0,0
923,4,1,0,500,0,1510,1,0,0,0,820,0,0
924,4,1,0,500,0,1510,1,0,0,0,822,0,0
925,4,1,0,500,0,1510,1,0,0,0,822,0,0
926,4,1,0,500,0,1510,1,0,0,0,824,0,0
927,4,1,0,500,0,1510,1,0,0,0,824,0,0
928,4,1,0,500,0,1510,1,0,0,0,826,0,0
929,4,1,0,500,0,1510,1,0,0,0,826,0,0
930,4,1,0,500,0,1510,1,0,0,0,828,0,0
931,4,1,0,500,0,1510,1,0,0,0,828,0,0
932,4,1,0,500,0,1510,1,0,0,0,830,0,0
933,4,1,0,500,0,1510,1,0,0,0,830,0,0
934,4,1,0,500,0,1510,1,0,0,0,832,0,0
935,4,1,0,500,0,1510,1,0,0,0,832,0,0
936,4,1,0,500,0,1510,1,0,0,0,834,0,0
937,4,1,0,500,0,1510,1,0,0,0,834,0,0
938,4,1,0,500,0,1510,1,0,0,0,836,0,0
939,4,1,0,500,0,1510,1,0,0,0,836,0,0
940,4,1,0,500,0,1510,1,0,0,0,838,0,0
941,4,1,0,500,0,1510,1,0,0,0,838,0,0
942,4,1,0,500,0,1510,1,0,0,0,840,0,0
943,4,1,0,500,0,1510,1,0,0,0,840,0,0
944,4,1,0,500,0,1510,1,0,0,0,842,0,0
945,4,1,0,500,0,1510,1,0,0,0,842,0,0
946,4,1,0,500,0,1510,1,0,0,0,844,0,0
947,4,1,0,500,0,1510,1,0,0,0,844,0,0
948,4,1,0,500,0,1510,1,0,0,0,846,0,0
949,4,1,0,500,0,1510,1,0,0,0,846,0,0
950,4,1,0,500,0,1510,1,0,0,0,848,0,0
951,4,1,0,500,0,1510,1,0,0,0,848,0,0
952,4,1,0,500,0,1510,1,0,0,0,850,0,0
953,4,1,0,500,0,1510,1,0,0,0,850,0,0
954,4,1,0,500,0,1510,1,0,0,0,852,0,0
955,4,1,0,500,0,1510,1,0,0,0,852,0,0
956,4,1,0,500,0,1510,1,0,0,0,854,0,0
957,4,1,0,500,0,1510,1,0,0,0,854,0,0
958,4,1,0,500,0,1510,1,0,0,0,856,0,0
959,4,1,0,500,0,1510,1,0,0,0,856,0,0
960,4,1,0,500,0,1510,1,0,0,0,858,0,0
961,4,1,0,500,0,1510,1,0,0,0,858,0,0
962,4,1,0,500,0,1510,1,0,0,0,860,0,0
963,4,1,0,500,0,1510,1,0,0,0,860,0,0
964,4,1,0,500,0,1510,1,0,0,0,862,0,0
965,4,1,0,500,0,1510,1,0,0,0,862,0,0
966,4,1,0,500,0,1510,1,0,0,0,864,0,0
967,4,1,0,500,0,1510,1,0,0,0,864,0,0
968,4,1,0,500,0,1510,1,0,0,0,866,0,0
969,4,1,0,500,0,1510,1,0,0,0,866,0,0
970,4,1,0,500,0,1510,1,0,0,0,868,0,0
971,4,1,0,500,0,1510,1,0,0,0,868,0,0
972,4,1,0,500,0,1510,1,0,0,0,870,0,0
973,4,1,0,500,0,1510,1,0,0,0,870,0,0
974,4,1,0,500,0,1510,1,0,0,0,872,0,0
975,4,1,0,500,0,1510,1,0,0,0,872,0,0
976,4,1,0,500,0,1510,1,0,0,0,874,0,0
977,4,1,0,500,0,1510,1,0,0,0,874,0,0
978,4,1,0,500,0,1510,1,0,0,0,876,0,0
979,4,1,0,500,0,1510,1,0,0,0,876,0,0
980,4,1,0,500,0,1510,1,0,0,0,878,0,0
981,4,1,0,500,0,1510,1,0,0,0,878,0,0
982,4,1,0,500,0,1510,1,0,0,0,880,0,0
983,4,1,0,500,0,1510,1,0,0,0,880,0,0
984,4,1,0,500,0,1510,1,0,0,0,882,0,0
985,4,1,0,500,0,1510,1,0,0,0,882,0,0
986,4,1,0,500,0,1510,1,0,0,0,884,0,0
987,4,1,0,500,0,1510,1,0,0,0,884,0,0
988,4,1,0,500,0,1510,1,0,0,0,886,0,0
989,4,1,0,500,0,1510,1,0,0,0,886,0,0
990,4,1,0,500,0,1510,1,0,0,0,888,0,0
991,4,1,0,500,0,1510,1,0,0,0,888,0,0
992,4,1,0,500,0,1510,1,0,0,0,890,0,0
993,4,1,0,500,0,1510,1,0,0,0,890,0,0
994,4,1,0,500,0,1510,1,0,0,0,892,0,0
995,4,1,0,500,0,1510,1,0,0,0,892,0,0
996,4,1,0,500,0,1510,1,0,0,0,894,0,0
997,4,1,0,500,0,1510,1,0,0,0,894,0,0
998,4,1,0,500,0,1510,1,0,0,0,896,0,0
999,4,1,0,500,0,1510,1,0,0,0,896,0,0
1000,4,1,0,500,0,1510,1,0,0,0,898,0,0
1001,4,1,0,500,0,1510,1,0,0,0,898,0,0
1002,4,1,0,500,0,1510,1,0,0,0,900,0,0
1003,4,1,0,500,0,1510,1,0,0,0,900,0,0
1004,4,1,0,500,0,1510,1,0,0,0,902,0,0
1005,4,1,0,500,0,1510,1,0,0,0,902,0,0
1006,4,1,0,500,0,1510,1,0,0,0,904,0,0
1007,4,1,0,500,0,1510,1,0,0,0,904,0,0
1008,4,1,0,500,0,1510,1,0,0,0,906,0,0
1009,4,1,0,500,0,1510,1,0,0,0,906,0,0
1010,4,1,0,500,0,1510,1,0,0,0,908,0,0
1011,4,1,0,500,0,1510,1,0,0,0,908,0,0
1012,4,1,0,500,0,1510,1,0,0,0,910,0,0
1013,4,1,0,500,0,1510,1,0,0,0,910,0,0
1014,4,1,0,500,0,1510,1,0,0,0,912,0,0
1015,4,1,0,500,0,1510,1,0,0,0,912,0,0
1016,4,1,0,500,0,1510,1,0,0,0,914,0,0
1017,4,1,0,500,0,1510,1,0,0,0,914,0,0
1018,4,1,0,500,0,1510,1,0,0,0,916,0,0
1019,4,1,0,500,0,1510,1,0,0,0,916,0,0
1020,4,1,0,500,0,1510,1,0,0,0,918,0,0
1021,4,1,0,500,0,1510,1,0,0,0,918,0,0
1022,4,1,0,500,0,1510,1,0,0,0,920,0,0
1023,4,1,0,500,0,1510,1,0,0,0,920,0,0
1024,4,1,0,500,0,1510,1,0,0,0,922,0,0
1025,4,1,0,500,0,1510,1,0,0,0,922,0,0
1026,4,1,0,500,0,1510,1,0,0,0,924,0,0
1027,4,1,0,500,0,1510,1,0,0,0,924,0,0
1028,4,1,0,500,0,1510,1,0,0,0,926,0,0
1029,4,1,0,500,0,1510,1,0,0,0,926,0,0
1030,4,1,0,500,0,1510,1,0,0,0,928,0,0
1031,4,1,0,500,0,1510,1,0,0,0,928,0,0
1032,4,1,0,500,0,1510,1,0,0,0,930,0,0
1033,4,1,0,500,0,1510,1,0,0,0,930,0,0
1034,4,1,0,500,0,1510,1,0,0,0,932,0,0
1035,4,1,0,500,0,1510,1,0,0,0,932,0,0
1036,4,1,0,500,0,1510,1,0,0,0,934,0,0
1037,4,1,0,500,0,1510,1,0,0,0,934,0,0
1038,4,1,0,500,0,1510,1,0,0,0,936,0,0
1039,4,1,0,500,0,1510,1,0,0,0,936,0,0
1040,4,1,0,500,0,1510,1,0,0,0,938,0,0
1041,4,1,0,500,0,1510,1,0,0,0,938,0,0
1042,4,1,0,500,0,1510,1,0,0,0,940,0,0
1043,4,1,0,500,0,1510,1,0,0,0,940,0,0
1044,4,1,0,500,0,1510,1,0,0,0,942,0,0
1045,4,1,0,500,0,1510,1,0,0,0,942,0,0
1046,4,1,0,500,0,1510,1,0,0,0,944,0,0
1047,4,1,0,500,0,1510,1,0,0,0,944,0,0
1048,4,1,0,500,0,1510,1,0,0,0,946,0,0
1049,4,1,0,500,0,1510,1,0,0,0,946,0,0
1050,4,1,0,500,0,1510,1,0,0,0,948,0,0
1051,4,1,0,500,0,1510,1,0,0,0,948,0,0
1052,4,1,0,500,0,1510,1,0,0,0,950,0,0
1053,4,1,0,500,0,1510,1,0,0,0,950,0,0
1054,4,1,0,500,0,1510,1,0,0,0,952,0,0
1055,4,1,0,500,0,1510,1,0,0,0,952,0,0
1056,4,1,0,500,0,1510,1,0,0,0,954,0,0
1057,4,1,0,500,0,1510,1,0,0,0,954,0,0
1058,4,1,0,500,0,1510,1,0,0,0,956,0,0
1059,4,1,0,500,0,1510,1,0,0,0,956,0,0
1060,4,1,0,500,0,1510,1,0,0,0,958,0,0
1061,4,1,0,500,0,1510,1,0,0,0,958,0,0
1062,4,1,0,500,0,1510,1,0,0,0,960,0,0
1063,4,1,0,500,0,1510,1,0,0,0,960,0,0
1064,4,1,0,500,0,1510,1,0,0,0,962,0,0
1065,4,1,0,500,0,1510,1,0,0,0,962,0,0
1066,4,1,0,500,0,1510,1,0,0,0,964,0,0
1067,4,1,0,500,0,1510,1,0,0,0,964,0,0
1068,4,1,0,500,0,1510,1,0,0,0,966,0,0
1069,4,1,0,500,0,1510,1,0,0,0,966,0,0
1070,4,1,0,500,0,1510,1,0,0,0,968,0,0
1071,4,1,0,500,0,1510,1,0,0,0,968,0,0
1072,4,1,0,500,0,1510,1,0,0,0,970,0,0
1073,4,1,0,500,0,1510,1,0,0,0,970,0,0
1074,4,1,0,500,0,1510,1,0,0,0,972,0,0
1075,4,1,0,500,0,1510,1,0,0,0,972,0,0
1076,4,1,0,500,0,1510,1,0,0,0,974,0,0
1077,4,1,0,500,0,1510,1,0,0,0,974,0,0
1078,4,1,0,500,0,1510,1,0,0,0,976,0,0
1079,4,1,0,500,0,1510,1,0,0,0,976,0,0
1080,4,1,0,500,0,1510,1,0,0,0,978,0,0
1081,4,1,0,500,0,1510,1,0,0,0,978,0,0
1082,4,1,0,500,0,1510,1,0,0,0,980,0,0
1083,4,1,0,500,0,1510,1,0,0,0,980,0,0
1084,4,1,0,500,0,1510,1,0,0,0,982,0,0
1085,4,1,0,500,0,1510,1,0,0,0,982,0,0
1086,4,1,0,500,0,1510,1,0,0,0,984,0,0
1087,4,1,0,500,0,1510,1,0,0,0,984,0,0
1088,4,1,0,500,0,1510,1,0,0,0,986,0,0
1089,4,1,0,500,0,1510,1,0,0,0,986,0,0
1090,4,1,0,500,0,1510,1,0,0,0,988,0,0
1091,4,1,0,500,0,1510,1,0,0,0,988,0,0
1092,4,1,0,500,0,1510,1,0,0,0,990,0,0
1093,4,1,0,500,0,1510,1,0,0,0,990,0,0
1094,4,1,0,500,0,1510,1,0,0,0,992,0,0
1095,4,1,0,500,0,1510,1,0,0,0,992,0,0
1096,4,1,0,500,0,1510,1,0,0,0,994,0,0
1097,4,1,0,500,0,1510,1,0,0,0,994,0,0
1098,4,1,0,500,0,1510,1,0,0,0,996,0,0
1099,4,1,0,500,0,1510,1,0,0,0,996,0,0
1100,4,1,0,500,0,1510,1,0,0,0,998,0,0
1101,4,1,0,500,0,1510,1,0,0,0,998,0,0
1102,4,1,0,500,0,1510,1,0,0,0,1000,0,0
1103,4,1,0,500,0,1510,1,0,0,0,1000,0,0
1104,4,1,0,500,0,1510,1,0,0,0,1002,0,0
1105,4,1,0,500,0,1510,1,0,0,0,1002,0,0
1106,4,1,0,500,0,1510,1,0,0,0,1004,0,0
1107,4,1,0,500,0,1510,1,0,0,0,1004,0,0
1108,4,1,0,500,0,1510,1,0,0,0,1006,0,0
1109,4,1,0,500,0,1510,1,0,0,0,1006,0,0
1110,4,1,0,500,0,1510,1,0,0,0,1008,0,0
1111,4,1,0,500,0,1510,1,0,0,0,1008,0,0
1112,4,1,0,500,0,1510,1,0,0,0,1010,0,0
1113,4,1,0,500,0,1510,1,0,0,0,1010,0,0
1114,4,1,0,500,0,1510,1,0,0,0,1012,0,0
1115,4,1,0,500,0,1510,1,0,0,0,1012,0,0
1116,4,1,0,500,0,1510,1,0,0,0,1014,0,0
1117,4,1,0,500,0,1510,1,0,0,0,1014,0,0
1118,4,1,0,500,0,1510,1,0,0,0,1016,0,0
1119,4,1,0,500,0,1510,1,0,0,0,1016,0,0
1120,4,1,0,500,0,1510,1,0,0,0,1018,0,0
1121,4,1,0,500,0,1510,1,0,0,0,1018,0,0
1122,4,1,0,500,0,1510,1,0,0,0,1020,0,0
1123,4,1,0,500,0,1510,1,0,0,0,1020,0,0
1124,4,1,0,500,0,1510,1,0,0,0,1022,0,0
1125,4,1,0,500,0,1510,1,0,0,0,1022,0,0
1126,4,1,0,500,0,1510,1,0,0,0,1024,0,0
1127,4,1,0,500,0,1510,1,0,0,0,1024,0,0
1128,4,1,0,500,0,1510,1,0,0,0,1026,0,0
1129,4,1,0,500,0,1510,1,0,0,0,1026,0,0
1130,4,1,0,500,0,1510,1,0,0,0,1028,0,0
1131,4,1,0,500,0,1510,1,0,0,0,1028,0,0
1132,4,1,0,500,0,1510,1,0,0,0,1030,0,0
1133,4,1,0,500,0,1510,1,0,0,0,1030,0,0
1134,4,1,0,500,0,1510,1,0,0,0,1032,0,0
1135,4,1,0,500,0,1510,1,0,0,0,1032,0,0
1136,4,1,0,500,0,1510,1,0,0,0,1034,0,0
1137,4,1,0,500,0,1510,1,0,0,0,1034,0,0
1138,4,1,0,500,0,1510,1,0,0,0,1036,0,0
1139,4,1,0,500,0,1510,1,0,0,0,1036,0,0
1140,4,1,0,500,0,1510,1,0,0,0,1038,0,0
1141,4,1,0,500,0,1510,1,0,0,0,1038,0,0
1142,4,1,0,500,0,1510,1,0,0,0,1040,0,0
1143,4,1,0,500,0,1510,1,0,0,0,1040,0,0
1144,4,1,0,500,0,1510,1,0,0,0,1042,0,0
1145,4,1,0,500,0,1510,1,0,0,0,1042,0,0
1146,4,1,0,500,0,1510,1,0,0,0,1044,0,0
1147,4,1,0,500,0,1510,1,0,0,0,1044,0,0
1148,4,1,0,500,0,1510,1,0,0,0,1046,0,0
1149,4,1,0,500,0,1510,1,0,0,0,1046,0,0
1150,4,1,0,500,0,1510,1,0,0,0,1048,0,0
1151,4,1,0,500,0,1510,1,0,0,0,1048,0,0
1152,4,1,0,500,0,1510,1,0,0,0,1050,0,0
1153,4,1,0,500,0,1510,1,0,0,0,1050,0,0
1154,4,1,0,500,0,1510,1,0,0,0,1052,0,0
1155,4,1,0,500,0,1510,1,0,0,0,1052,0,0
1156,4,1,0,500,0,1510,1,0,0,0,1054,0,0
1157,4,1,0,500,0,1510,1,0,0,0,1054,0,0
1158,4,1,0,500,0,1510,1,0,0,0,1056,0,0
1159,4,1,0,500,0,1510,1,0,0,0,1056,0,0
1160,4,1,0,500,0,1510,1,0,0,0,1058,0,0
1161,4,1,0,500,0,1510,1,0,0,0,1058,0,0
1162,4,1,0,500,0,1510,1,0,0,0,1060,0,0
1163,4,1,0,500,0,1510,1,0,0,0,1060,0,0
1164,4,1,0,500,0,1510,1,0,0,0,1062,0,0
1165,4,1,0,500,0,1510,1,0,0,0,1062,0,0
1166,4,1,0,500,0,1510,1,0,0,0,1064,0,0
1167,4,1,0,500,0,1510,1,0,0,0,1064,0,0
1168,4,1,0,500,0,1510,1,0,0,0,1066,0,0
1169,4,1,0,500,0,1510,1,0,0,0,1066,0,0
1170,4,1,0,500,0,1510,1,0,0,0,1068,0,0
1171,4,1,0,500,0,1510,1,0,0,0,1068,0,0
1172,4,1,0,500,0,1510,1,0,0,0,1070,0,0
1173,4,1,0,500,0,1510,1,0,0,0,1070,0,0
1174,4,1,0,500,0,1510,1,0,0,0,1072,0,0
1175,4,1,0,500,0,1510,1,0,0,0,1072,0,0
1176,4,1,0,500,0,1510,1,0,0,0,1074,0,0
1177,4,1,0,500,0,1510,1,0,0,0,1074,0,0
1178,4,1,0,500,0,1510,1,0,0,0,1076,0,0
1179,4,1,0,500,0,1510,1,0,0,0,1076,0,0
1180,4,1,0,500,0,1510,1,0,0,0,1078,0,0
1181,4,1,0,500,0,1510,1,0,0,0,1078,0,0
1182,4,1,0,500,0,1510,1,0,0,0,1080,0,0
1183,4,1,0,500,0,1510,1,0,0,0,1080,0,0
1184,4,1,0,500,0,1510,1,0,0,0,1082,0,0
1185,4,1,0,500,0,1510,1,0,0,0,1082,0,0
1186,4,1,0,500,0,1510,1,0,0,0,1084,0,0
1187,4,1,0,500,0,1510,1,0,0,0,1084,0,0
1188,4,1,0,500,0,1510,1,0,0,0,1086,0,0
1189,4,1,0,500,0,1510,1,0,0,0,1086,0,0
1190,4,1,0,500,0,1510,1,0,0,0,1088,0,0
1191,4,1,0,500,0,1510,1,0,0,0,1088,0,0
1192,4,1,0,500,0,1510,1,0,0,0,1090,0,0
1193,4,1,0,500,0,1510,1,0,0,0,1090,0,0
1194,4,1,0,500,0,1510,1,0,0,0,1092,0,0
1195,4,1,0,500,0,1510,1,0,0,0,1092,0,0
1196,4,1,0,500,0,1510,1,0,0,0,1094,0,0
1197,4,1,0,500,0,1510,1,0,0,0,1094,0,0
1198,4,1,0,500,0,1510,1,0,0,0,1096,0,0
1199,4,1,0,500,0,1510,1,0,0,0,1096,0,0
1200,4,1,0,500,0,1510,1,0,0,0,1098,0,0
