time_ms,manual_arm,manual_suction_authorize,transition_candidate,emag_valid,line_error,signal_quality,imu_fresh,pitch_cdeg,encoder_valid,left_count,right_count,left_speed_mm_s,right_speed_mm_s,power_ok
1,0,0,0,1,0,520,1,0,1,1,1,100,100,1
2,0,0,0,1,0,520,1,0,1,2,2,100,100,1
3,0,0,0,1,0,520,1,0,1,3,3,100,100,1
4,0,0,0,1,0,520,1,0,1,4,4,100,100,1
5,0,0,0,1,0,520,1,0,1,5,5,100,100,1
6,0,0,0,1,0,520,1,0,1,6,6,100,100,1
7,0,0,0,1,0,520,1,0,1,7,7,100,100,1
8,0,0,0,1,0,520,1,0,1,8,8,100,100,1
9,0,0,0,1,0,520,1,0,1,9,9,100,100,1
10,0,0,0,1,0,520,1,0,1,10,10,100,100,1
11,0,0,0,1,0,520,1,0,1,11,11,100,100,1
12,0,0,0,1,0,520,1,0,1,12,12,100,100,1
13,0,0,0,1,0,520,1,0,1,13,13,100,100,1
14,0,0,0,1,0,520,1,0,1,14,14,100,100,1
15,0,0,0,1,0,520,1,0,1,15,15,100,100,1
16,0,0,0,1,0,520,1,0,1,16,16,100,100,1
17,0,0,0,1,0,520,1,0,1,17,17,100,100,1
18,0,0,0,1,0,520,1,0,1,18,18,100,100,1
19,0,0,0,1,0,520,1,0,1,19,19,100,100,1
20,0,0,0,1,0,520,1,0,1,20,20,100,100,1
21,0,0,0,1,0,520,1,0,1,21,21,100,100,1
22,0,0,0,1,0,520,1,0,1,22,22,100,100,1
23,0,0,0,1,0,520,1,0,1,23,23,100,100,1
24,0,0,0,1,0,520,1,0,1,24,24,100,100,1
25,0,0,0,1,0,520,1,0,1,25,25,100,100,1
26,0,0,0,1,0,520,1,0,1,26,26,100,100,1
27,0,0,0,1,0,520,1,0,1,27,27,100,100,1
28,0,0,0,1,0,520,1,0,1,28,28,100,100,1
29,0,0,0,1,0,520,1,0,1,29,29,100,100,1
30,0,0,0,1,0,520,1,0,1,30,30,100,100,1
31,0,0,0,1,0,520,1,0,1,31,31,100,100,1
32,0,0,0,1,0,520,1,0,1,32,32,100,100,1
33,0,0,0,1,0,520,1,0,1,33,33,100,100,1
34,0,0,0,1,0,520,1,0,1,34,34,100,100,1
35,0,0,0,1,0,520,1,0,1,35,35,100,100,1
36,0,0,0,1,0,520,1,0,1,36,36,100,100,1
37,0,0,0,1,0,520,1,0,1,37,37,100,100,1
38,0,0,0,1,0,520,1,0,1,38,38,100,100,1
39,0,0,0,1,0,520,1,0,1,39,39,100,100,1
40,0,0,0,1,0,520,1,0,1,40,40,100,100,1
41,0,0,0,1,0,520,1,0,1,41,41,100,100,1
42,0,0,0,1,0,520,1,0,1,42,42,100,100,1
43,0,0,0,1,0,520,1,0,1,43,43,100,100,1
44,0,0,0,1,0,520,1,0,1,44,44,100,100,1
45,0,0,0,1,0,520,1,0,1,45,45,100,100,1
46,0,0,0,1,0,520,1,0,1,46,46,100,100,1
47,0,0,0,1,0,520,1,0,1,47,47,100,100,1
48,0,0,0,1,0,520,1,0,1,48,48,100,100,1
49,0,0,0,1,0,520,1,0,1,49,49,100,100,1
50,0,0,0,1,0,520,1,0,1,50,50,100,100,1
51,0,0,0,1,0,520,1,0,1,51,51,100,100,1
52,0,0,0,1,0,520,1,0,1,52,52,100,100,1
53,0,0,0,1,0,520,1,0,1,53,53,100,100,1
54,0,0,0,1,0,520,1,0,1,54,54,100,100,1
55,0,0,0,1,0,520,1,0,1,55,55,100,100,1
56,0,0,0,1,0,520,1,0,1,56,56,100,100,1
57,0,0,0,1,0,520,1,0,1,57,57,100,100,1
58,0,0,0,1,0,520,1,0,1,58,58,100,100,1
59,0,0,0,1,0,520,1,0,1,59,59,100,100,1
60,0,0,0,1,0,520,1,0,1,60,60,100,100,1
61,0,0,0,1,0,520,1,0,1,61,61,100,100,1
62,0,0,0,1,0,520,1,0,1,62,62,100,100,1
63,0,0,0,1,0,520,1,0,1,63,63,100,100,1
64,0,0,0,1,0,520,1,0,1,64,64,100,100,1
65,0,0,0,1,0,520,1,0,1,65,65,100,100,1
66,0,0,0,1,0,520,1,0,1,66,66,100,100,1
67,0,0,0,1,0,520,1,0,1,67,67,100,100,1
68,0,0,0,1,0,520,1,0,1,68,68,100,100,1
69,0,0,0,1,0,520,1,0,1,69,69,100,100,1
70,0,0,0,1,0,520,1,0,1,70,70,100,100,1
71,0,0,0,1,0,520,1,0,1,71,71,100,100,1
72,0,0,0,1,0,520,1,0,1,72,72,100,100,1
73,0,0,0,1,0,520,1,0,1,73,73,100,100,1
74,0,0,0,1,0,520,1,0,1,74,74,100,100,1
75,0,0,0,1,0,520,1,0,1,75,75,100,100,1
76,0,0,0,1,0,520,1,0,1,76,76,100,100,1
77,0,0,0,1,0,520,1,0,1,77,77,100,100,1
78,0,0,0,1,0,520,1,0,1,78,78,100,100,1
79,0,0,0,1,0,520,1,0,1,79,79,100,100,1
80,1,0,0,1,0,520,1,0,1,80,80,100,100,1
81,1,0,0,1,0,520,1,0,1,81,81,100,100,1
82,1,0,0,1,0,520,1,0,1,82,82,100,100,1
83,1,0,0,1,0,520,1,0,1,83,83,100,100,1
84,1,0,0,1,0,520,1,0,1,84,84,100,100,1
85,1,0,0,1,0,520,1,0,1,85,85,100,100,1
86,1,0,0,1,0,520,1,0,1,86,86,100,100,1
87,1,0,0,1,0,520,1,0,1,87,87,100,100,1
88,1,0,0,1,0,520,1,0,1,88,88,100,100,1
89,1,0,0,1,0,520,1,0,1,89,89,100,100,1
90,1,0,0,1,0,520,1,0,1,90,90,100,100,1
91,1,0,0,1,0,520,1,0,1,91,91,100,100,1
92,1,0,0,1,0,520,1,0,1,92,92,100,100,1
93,1,0,0,1,0,520,1,0,1,93,93,100,100,1
94,1,0,0,1,0,520,1,0,1,94,94,100,100,1
95,1,0,0,1,0,520,1,0,1,95,95,100,100,1
96,1,0,0,1,0,520,1,0,1,96,96,100,100,1
97,1,0,0,1,0,520,1,0,1,97,97,100,100,1
98,1,0,0,1,0,520,1,0,1,98,98,100,100,1
99,1,0,0,1,0,520,1,0,1,99,99,100,100,1
100,1,0,0,1,0,520,1,0,1,100,100,100,100,1
101,1,0,0,1,0,520,1,0,1,101,101,100,100,1
102,1,0,0,1,0,520,1,0,1,102,102,100,100,1
103,1,0,0,1,0,520,1,0,1,103,103,100,100,1
104,1,0,0,1,0,520,1,0,1,104,104,100,100,1
105,1,0,0,1,0,520,1,0,1,105,105,100,100,1
106,1,0,0,1,0,520,1,0,1,106,106,100,100,1
107,1,0,0,1,0,520,1,0,1,107,107,100,100,1
108,1,0,0,1,0,520,1,0,1,108,108,100,100,1
109,1,0,0,1,0,520,1,0,1,109,109,100,100,1
110,1,0,0,1,0,520,1,0,1,110,110,100,100,1
111,1,0,0,1,0,520,1,0,1,111,111,100,100,1
112,1,0,0,1,0,520,1,0,1,112,112,100,100,1
113,1,0,0,1,0,520,1,0,1,113,113,100,100,1
114,1,0,0,1,0,520,1,0,1,114,114,100,100,1
115,1,0,0,1,0,520,1,0,1,115,115,100,100,1
116,1,0,0,1,0,520,1,0,1,116,116,100,100,1
117,1,0,0,1,0,520,1,0,1,117,117,100,100,1
118,1,0,0,1,0,520,1,0,1,118,118,100,100,1
119,1,0,0,1,0,520,1,0,1,119,119,100,100,1
120,1,0,0,1,0,520,1,0,1,120,120,100,100,1
121,1,0,0,1,0,520,1,0,1,121,121,100,100,1
122,1,0,0,1,0,520,1,0,1,122,122,100,100,1
123,1,0,0,1,0,520,1,0,1,123,123,100,100,1
124,1,0,0,1,0,520,1,0,1,124,124,100,100,1
125,1,0,0,1,0,520,1,0,1,125,125,100,100,1
126,1,0,0,1,0,520,1,0,1,126,126,100,100,1
127,1,0,0,1,0,520,1,0,1,127,127,100,100,1
128,1,0,0,1,0,520,1,0,1,128,128,100,100,1
129,1,0,0,1,0,520,1,0,1,129,129,100,100,1
130,1,0,0,1,0,520,1,0,1,130,130,100,100,1
131,1,0,0,1,0,520,1,0,1,131,131,100,100,1
132,1,0,0,1,0,520,1,0,1,132,132,100,100,1
133,1,0,0,1,0,520,1,0,1,133,133,100,100,1
134,1,0,0,1,0,520,1,0,1,134,134,100,100,1
135,1,0,0,1,0,520,1,0,1,135,135,100,100,1
136,1,0,0,1,0,520,1,0,1,136,136,100,100,1
137,1,0,0,1,0,520,1,0,1,137,137,100,100,1
138,1,0,0,1,0,520,1,0,1,138,138,100,100,1
139,1,0,0,1,0,520,1,0,1,139,139,100,100,1
140,1,0,0,1,0,520,1,0,1,140,140,100,100,1
141,1,0,0,1,0,520,1,0,1,141,141,100,100,1
142,1,0,0,1,0,520,1,0,1,142,142,100,100,1
143,1,0,0,1,0,520,1,0,1,143,143,100,100,1
144,1,0,0,1,0,520,1,0,1,144,144,100,100,1
145,1,0,0,1,0,520,1,0,1,145,145,100,100,1
146,1,0,0,1,0,520,1,0,1,146,146,100,100,1
147,1,0,0,1,0,520,1,0,1,147,147,100,100,1
148,1,0,0,1,0,520,1,0,1,148,148,100,100,1
149,1,0,0,1,0,520,1,0,1,149,149,100,100,1
150,1,0,0,1,0,520,1,0,1,150,150,100,100,1
151,1,0,0,1,0,520,1,0,1,151,151,100,100,1
152,1,0,0,1,0,520,1,0,1,152,152,100,100,1
153,1,0,0,1,0,520,1,0,1,153,153,100,100,1
154,1,0,0,1,0,520,1,0,1,154,154,100,100,1
155,1,0,0,1,0,520,1,0,1,155,155,100,100,1
156,1,0,0,1,0,520,1,0,1,156,156,100,100,1
157,1,0,0,1,0,520,1,0,1,157,157,100,100,1
158,1,0,0,1,0,520,1,0,1,158,158,100,100,1
159,1,0,0,1,0,520,1,0,1,159,159,100,100,1
160,1,0,0,1,0,520,1,0,1,160,160,100,100,1
161,1,0,0,1,0,520,1,0,1,161,161,100,100,1
162,1,0,0,1,0,520,1,0,1,162,162,100,100,1
163,1,0,0,1,0,520,1,0,1,163,163,100,100,1
164,1,0,0,1,0,520,1,0,1,164,164,100,100,1
165,1,0,0,1,0,520,1,0,1,165,165,100,100,1
166,1,0,0,1,0,520,1,0,1,166,166,100,100,1
167,1,0,0,1,0,520,1,0,1,167,167,100,100,1
168,1,0,0,1,0,520,1,0,1,168,168,100,100,1
169,1,0,0,1,0,520,1,0,1,169,169,100,100,1
170,1,0,0,1,0,520,1,0,1,170,170,100,100,1
171,1,0,0,1,0,520,1,0,1,171,171,100,100,1
172,1,0,0,1,0,520,1,0,1,172,172,100,100,1
173,1,0,0,1,0,520,1,0,1,173,173,100,100,1
174,1,0,0,1,0,520,1,0,1,174,174,100,100,1
175,1,0,0,1,0,520,1,0,1,175,175,100,100,1
176,1,0,0,1,0,520,1,0,1,176,176,100,100,1
177,1,0,0,1,0,520,1,0,1,177,177,100,100,1
178,1,0,0,1,0,520,1,0,1,178,178,100,100,1
179,1,0,0,1,0,520,1,0,1,179,179,100,100,1
180,1,0,0,1,0,520,1,0,1,180,180,100,100,1
181,1,0,0,1,0,520,1,0,1,181,181,100,100,1
182,1,0,0,1,0,520,1,0,1,182,182,100,100,1
183,1,0,0,1,0,520,1,0,1,183,183,100,100,1
184,1,0,0,1,0,520,1,0,1,184,184,100,100,1
185,1,0,0,1,0,520,1,0,1,185,185,100,100,1
186,1,0,0,1,0,520,1,0,1,186,186,100,100,1
187,1,0,0,1,0,520,1,0,1,187,187,100,100,1
188,1,0,0,1,0,520,1,0,1,188,188,100,100,1
189,1,0,0,1,0,520,1,0,1,189,189,100,100,1
190,1,0,0,1,0,520,1,0,1,190,190,100,100,1
191,1,0,0,1,0,520,1,0,1,191,191,100,100,1
192,1,0,0,1,0,520,1,0,1,192,192,100,100,1
193,1,0,0,1,0,520,1,0,1,193,193,100,100,1
194,1,0,0,1,0,520,1,0,1,194,194,100,100,1
195,1,0,0,1,0,520,1,0,1,195,195,100,100,1
196,1,0,0,1,0,520,1,0,1,196,196,100,100,1
197,1,0,0,1,0,520,1,0,1,197,197,100,100,1
198,1,0,0,1,0,520,1,0,1,198,198,100,100,1
199,1,0,0,1,0,520,1,0,1,199,199,100,100,1
200,1,0,0,1,0,520,1,0,1,200,200,100,100,1
201,1,0,0,1,0,520,1,0,1,201,201,100,100,1
202,1,0,0,1,0,520,1,0,1,202,202,100,100,1
203,1,0,0,1,0,520,1,0,1,203,203,100,100,1
204,1,0,0,1,0,520,1,0,1,204,204,100,100,1
205,1,0,0,1,0,520,1,0,1,205,205,100,100,1
206,1,0,0,1,0,520,1,0,1,206,206,100,100,1
207,1,0,0,1,0,520,1,0,1,207,207,100,100,1
208,1,0,0,1,0,520,1,0,1,208,208,100,100,1
209,1,0,0,1,0,520,1,0,1,209,209,100,100,1
210,1,0,0,1,0,520,1,0,1,210,210,100,100,1
211,1,0,0,1,0,520,1,0,1,211,211,100,100,1
212,1,0,0,1,0,520,1,0,1,212,212,100,100,1
213,1,0,0,1,0,520,1,0,1,213,213,100,100,1
214,1,0,0,1,0,520,1,0,1,214,214,100,100,1
215,1,0,0,1,0,520,1,0,1,215,215,100,100,1
216,1,0,0,1,0,520,1,0,1,216,216,100,100,1
217,1,0,0,1,0,520,1,0,1,217,217,100,100,1
218,1,0,0,1,0,520,1,0,1,218,218,100,100,1
219,1,0,0,1,0,520,1,0,1,219,219,100,100,1
220,1,1,1,1,0,520,1,0,1,220,220,100,100,1
221,1,1,1,1,0,520,1,0,1,221,221,100,100,1
222,1,1,1,1,0,520,1,0,1,222,222,100,100,1
223,1,1,1,1,0,520,1,0,1,223,223,100,100,1
224,1,1,1,1,0,520,1,0,1,224,224,100,100,1
225,1,1,1,1,0,520,1,0,1,225,225,100,100,1
226,1,1,1,1,0,520,1,0,1,226,226,100,100,1
227,1,1,1,1,0,520,1,0,1,227,227,100,100,1
228,1,1,1,1,0,520,1,0,1,228,228,100,100,1
229,1,1,1,1,0,520,1,0,1,229,229,100,100,1
230,1,1,1,1,0,520,1,0,1,230,230,100,100,1
231,1,1,1,1,0,520,1,0,1,231,231,100,100,1
232,1,1,1,1,0,520,1,0,1,232,232,100,100,1
233,1,1,1,1,0,520,1,0,1,233,233,100,100,1
234,1,1,1,1,0,520,1,0,1,234,234,100,100,1
235,1,1,1,1,0,520,1,0,1,235,235,100,100,1
236,1,1,1,1,0,520,1,0,1,236,236,100,100,1
237,1,1,1,1,0,520,1,0,1,237,237,100,100,1
238,1,1,1,1,0,520,1,0,1,238,238,100,100,1
239,1,1,1,1,0,520,1,0,1,239,239,100,100,1
240,1,1,1,1,0,520,1,0,1,240,240,100,100,1
241,1,1,1,1,0,520,1,0,1,241,241,100,100,1
242,1,1,1,1,0,520,1,0,1,242,242,100,100,1
243,1,1,1,1,0,520,1,0,1,243,243,100,100,1
244,1,1,1,1,0,520,1,0,1,244,244,100,100,1
245,1,1,1,1,0,520,1,0,1,245,245,100,100,1
246,1,1,1,1,0,520,1,0,1,246,246,100,100,1
247,1,1,1,1,0,520,1,0,1,247,247,100,100,1
248,1,1,1,1,0,520,1,0,1,248,248,100,100,1
249,1,1,1,1,0,520,1,0,1,249,249,100,100,1
250,1,1,1,1,0,520,1,0,1,250,250,100,100,1
251,1,1,1,1,0,520,1,0,1,251,251,100,100,1
252,1,1,1,1,0,520,1,0,1,252,252,100,100,1
253,1,1,1,1,0,520,1,0,1,253,253,100,100,1
254,1,1,1,1,0,520,1,0,1,254,254,100,100,1
255,1,1,1,1,0,520,1,0,1,255,255,100,100,1
256,1,1,1,1,0,520,1,0,1,256,256,100,100,1
257,1,1,1,1,0,520,1,0,1,257,257,100,100,1
258,1,1,1,1,0,520,1,0,1,258,258,100,100,1
259,1,1,1,1,0,520,1,0,1,259,259,100,100,1
260,1,1,1,1,0,520,1,0,1,260,260,100,100,1
261,1,1,1,1,0,520,1,0,1,261,261,100,100,1
262,1,1,1,1,0,520,1,0,1,262,262,100,100,1
263,1,1,1,1,0,520,1,0,1,263,263,100,100,1
264,1,1,1,1,0,520,1,0,1,264,264,100,100,1
265,1,1,1,1,0,520,1,0,1,265,265,100,100,1
266,1,1,1,1,0,520,1,0,1,266,266,100,100,1
267,1,1,1,1,0,520,1,0,1,267,267,100,100,1
268,1,1,1,1,0,520,1,0,1,268,268,100,100,1
269,1,1,1,1,0,520,1,0,1,269,269,100,100,1
270,1,1,1,1,0,520,1,0,1,270,270,100,100,1
271,1,1,1,1,0,520,1,0,1,271,271,100,100,1
272,1,1,1,1,0,520,1,0,1,272,272,100,100,1
273,1,1,1,1,0,520,1,0,1,273,273,100,100,1
274,1,1,1,1,0,520,1,0,1,274,274,100,100,1
275,1,1,1,1,0,520,1,0,1,275,275,100,100,1
276,1,1,1,1,0,520,1,0,1,276,276,100,100,1
277,1,1,1,1,0,520,1,0,1,277,277,100,100,1
278,1,1,1,1,0,520,1,0,1,278,278,100,100,1
279,1,1,1,1,0,520,1,0,1,279,279,100,100,1
280,1,1,1,1,0,520,1,0,1,280,280,100,100,1
281,1,1,1,1,0,520,1,0,1,281,281,100,100,1
282,1,1,1,1,0,520,1,0,1,282,282,100,100,1
283,1,1,1,1,0,520,1,0,1,283,283,100,100,1
284,1,1,1,1,0,520,1,0,1,284,284,100,100,1
285,1,1,1,1,0,520,1,0,1,285,285,100,100,1
286,1,1,1,1,0,520,1,0,1,286,286,100,100,1
287,1,1,1,1,0,520,1,0,1,287,287,100,100,1
288,1,1,1,1,0,520,1,0,1,288,288,100,100,1
289,1,1,1,1,0,520,1,0,1,289,289,100,100,1
290,1,1,1,1,0,520,1,0,1,290,290,100,100,1
291,1,1,1,1,0,520,1,0,1,291,291,100,100,1
292,1,1,1,1,0,520,1,0,1,292,292,100,100,1
293,1,1,1,1,0,520,1,0,1,293,293,100,100,1
294,1,1,1,1,0,520,1,0,1,294,294,100,100,1
295,1,1,1,1,0,520,1,0,1,295,295,100,100,1
296,1,1,1,1,0,520,1,0,1,296,296,100,100,1
297,1,1,1,1,0,520,1,0,1,297,297,100,100,1
298,1,1,1,1,0,520,1,0,1,298,298,100,100,1
299,1,1,1,1,0,520,1,0,1,299,299,100,100,1
300,1,1,1,1,0,520,1,0,1,300,300,100,100,1
301,1,1,1,1,0,520,1,0,1,301,301,100,100,1
302,1,1,1,1,0,520,1,0,1,302,302,100,100,1
303,1,1,1,1,0,520,1,0,1,303,303,100,100,1
304,1,1,1,1,0,520,1,0,1,304,304,100,100,1
305,1,1,1,1,0,520,1,0,1,305,305,100,100,1
306,1,1,1,1,0,520,1,0,1,306,306,100,100,1
307,1,1,1,1,0,520,1,0,1,307,307,100,100,1
308,1,1,1,1,0,520,1,0,1,308,308,100,100,1
309,1,1,1,1,0,520,1,0,1,309,309,100,100,1
310,1,1,1,1,0,520,1,0,1,310,310,100,100,1
311,1,1,1,1,0,520,1,0,1,311,311,100,100,1
312,1,1,1,1,0,520,1,0,1,312,312,100,100,1
313,1,1,1,1,0,520,1,0,1,313,313,100,100,1
314,1,1,1,1,0,520,1,0,1,314,314,100,100,1
315,1,1,1,1,0,520,1,0,1,315,315,100,100,1
316,1,1,1,1,0,520,1,0,1,316,316,100,100,1
317,1,1,1,1,0,520,1,0,1,317,317,100,100,1
318,1,1,1,1,0,520,1,0,1,318,318,100,100,1
319,1,1,1,1,0,520,1,0,1,319,319,100,100,1
320,1,1,1,1,0,520,1,0,1,320,320,100,100,1
321,1,1,1,1,0,520,1,0,1,321,321,100,100,1
322,1,1,1,1,0,520,1,0,1,322,322,100,100,1
323,1,1,1,1,0,520,1,0,1,323,323,100,100,1
324,1,1,1,1,0,520,1,0,1,324,324,100,100,1
325,1,1,1,1,0,520,1,0,1,325,325,100,100,1
326,1,1,1,1,0,520,1,0,1,326,326,100,100,1
327,1,1,1,1,0,520,1,0,1,327,327,100,100,1
328,1,1,1,1,0,520,1,0,1,328,328,100,100,1
329,1,1,1,1,0,520,1,0,1,329,329,100,100,1
330,1,1,1,1,0,520,1,0,1,330,330,100,100,1
331,1,1,1,1,0,520,1,0,1,331,331,100,100,1
332,1,1,1,1,0,520,1,0,1,332,332,100,100,1
333,1,1,1,1,0,520,1,0,1,333,333,100,100,1
334,1,1,1,1,0,520,1,0,1,334,334,100,100,1
335,1,1,1,1,0,520,1,0,1,335,335,100,100,1
336,1,1,1,1,0,520,1,0,1,336,336,100,100,1
337,1,1,1,1,0,520,1,0,1,337,337,100,100,1
338,1,1,1,1,0,520,1,0,1,338,338,100,100,1
339,1,1,1,1,0,520,1,0,1,339,339,100,100,1
340,1,1,1,1,0,520,1,0,1,340,340,100,100,1
341,1,1,1,1,0,520,1,0,1,341,341,100,100,1
342,1,1,1,1,0,520,1,0,1,342,342,100,100,1
343,1,1,1,1,0,520,1,0,1,343,343,100,100,1
344,1,1,1,1,0,520,1,0,1,344,344,100,100,1
345,1,1,1,1,0,520,1,0,1,345,345,100,100,1
346,1,1,1,1,0,520,1,0,1,346,346,100,100,1
347,1,1,1,1,0,520,1,0,1,347,347,100,100,1
348,1,1,1,1,0,520,1,0,1,348,348,100,100,1
349,1,1,1,1,0,520,1,0,1,349,349,100,100,1
350,1,1,1,1,0,520,1,0,1,350,350,100,100,1
351,1,1,1,1,0,520,1,0,1,351,351,100,100,1
352,1,1,1,1,0,520,1,0,1,352,352,100,100,1
353,1,1,1,1,0,520,1,0,1,353,353,100,100,1
354,1,1,1,1,0,520,1,0,1,354,354,100,100,1
355,1,1,1,1,0,520,1,0,1,355,355,100,100,1
356,1,1,1,1,0,520,1,0,1,356,356,100,100,1
357,1,1,1,1,0,520,1,0,1,357,357,100,100,1
358,1,1,1,1,0,520,1,0,1,358,358,100,100,1
359,1,1,1,1,0,520,1,0,1,359,359,100,100,1
360,1,1,1,1,0,520,1,0,1,360,360,100,100,1
361,1,1,1,1,0,520,1,0,1,361,361,100,100,1
362,1,1,1,1,0,520,1,0,1,362,362,100,100,1
363,1,1,1,1,0,520,1,0,1,363,363,100,100,1
364,1,1,1,1,0,520,1,0,1,364,364,100,100,1
365,1,1,1,1,0,520,1,0,1,365,365,100,100,1
366,1,1,1,1,0,520,1,0,1,366,366,100,100,1
367,1,1,1,1,0,520,1,0,1,367,367,100,100,1
368,1,1,1,1,0,520,1,0,1,368,368,100,100,1
369,1,1,1,1,0,520,1,0,1,369,369,100,100,1
370,1,1,1,1,0,520,1,0,1,370,370,100,100,1
371,1,1,1,1,0,520,1,0,1,371,371,100,100,1
372,1,1,1,1,0,520,1,0,1,372,372,100,100,1
373,1,1,1,1,0,520,1,0,1,373,373,100,100,1
374,1,1,1,1,0,520,1,0,1,374,374,100,100,1
375,1,1,1,1,0,520,1,0,1,375,375,100,100,1
376,1,1,1,1,0,520,1,0,1,376,376,100,100,1
377,1,1,1,1,0,520,1,0,1,377,377,100,100,1
378,1,1,1,1,0,520,1,0,1,378,378,100,100,1
379,1,1,1,1,0,520,1,0,1,379,379,100,100,1
380,1,1,1,1,0,520,1,0,1,380,380,100,100,1
381,1,1,1,1,0,520,1,0,1,381,381,100,100,1
382,1,1,1,1,0,520,1,0,1,382,382,100,100,1
383,1,1,1,1,0,520,1,0,1,383,383,100,100,1
384,1,1,1,1,0,520,1,0,1,384,384,100,100,1
385,1,1,1,1,0,520,1,0,1,385,385,100,100,1
386,1,1,1,1,0,520,1,0,1,386,386,100,100,1
387,1,1,1,1,0,520,1,0,1,387,387,100,100,1
388,1,1,1,1,0,520,1,0,1,388,388,100,100,1
389,1,1,1,1,0,520,1,0,1,389,389,100,100,1
390,1,1,1,1,0,520,1,0,1,390,390,100,100,1
391,1,1,1,1,0,520,1,0,1,391,391,100,100,1
392,1,1,1,1,0,520,1,0,1,392,392,100,100,1
393,1,1,1,1,0,520,1,0,1,393,393,100,100,1
394,1,1,1,1,0,520,1,0,1,394,394,100,100,1
395,1,1,1,1,0,520,1,0,1,395,395,100,100,1
396,1,1,1,1,0,520,1,0,1,396,396,100,100,1
397,1,1,1,1,0,520,1,0,1,397,397,100,100,1
398,1,1,1,1,0,520,1,0,1,398,398,100,100,1
399,1,1,1,1,0,520,1,0,1,399,399,100,100,1
400,1,1,1,1,0,520,1,0,1,400,400,100,100,1
401,1,1,1,1,0,520,1,0,1,401,401,100,100,1
402,1,1,1,1,0,520,1,0,1,402,402,100,100,1
403,1,1,1,1,0,520,1,0,1,403,403,100,100,1
404,1,1,1,1,0,520,1,0,1,404,404,100,100,1
405,1,1,1,1,0,520,1,0,1,405,405,100,100,1
406,1,1,1,1,0,520,1,0,1,406,406,100,100,1
407,1,1,1,1,0,520,1,0,1,407,407,100,100,1
408,1,1,1,1,0,520,1,0,1,408,408,100,100,1
409,1,1,1,1,0,520,1,0,1,409,409,100,100,1
410,1,1,1,1,0,520,1,0,1,410,410,100,100,1
411,1,1,1,1,0,520,1,0,1,411,411,100,100,1
412,1,1,1,1,0,520,1,0,1,412,412,100,100,1
413,1,1,1,1,0,520,1,0,1,413,413,100,100,1
414,1,1,1,1,0,520,1,0,1,414,414,100,100,1
415,1,1,1,1,0,520,1,0,1,415,415,100,100,1
416,1,1,1,1,0,520,1,0,1,416,416,100,100,1
417,1,1,1,1,0,520,1,0,1,417,417,100,100,1
418,1,1,1,1,0,520,1,0,1,418,418,100,100,1
419,1,1,1,1,0,520,1,0,1,419,419,100,100,1
420,1,1,1,1,0,520,1,0,1,420,420,100,100,1
421,1,1,1,1,0,520,1,0,1,421,421,100,100,1
422,1,1,1,1,0,520,1,0,1,422,422,100,100,1
423,1,1,1,1,0,520,1,0,1,423,423,100,100,1
424,1,1,1,1,0,520,1,0,1,424,424,100,100,1
425,1,1,1,1,0,520,1,0,1,425,425,100,100,1
426,1,1,1,1,0,520,1,0,1,426,426,100,100,1
427,1,1,1,1,0,520,1,0,1,427,427,100,100,1
428,1,1,1,1,0,520,1,0,1,428,428,100,100,1
429,1,1,1,1,0,520,1,0,1,429,429,100,100,1
430,1,1,1,1,0,520,1,0,1,430,430,100,100,1
431,1,1,1,1,0,520,1,0,1,431,431,100,100,1
432,1,1,1,1,0,520,1,0,1,432,432,100,100,1
433,1,1,1,1,0,520,1,0,1,433,433,100,100,1
434,1,1,1,1,0,520,1,0,1,434,434,100,100,1
435,1,1,1,1,0,520,1,0,1,435,435,100,100,1
436,1,1,1,1,0,520,1,0,1,436,436,100,100,1
437,1,1,1,1,0,520,1,0,1,437,437,100,100,1
438,1,1,1,1,0,520,1,0,1,438,438,100,100,1
439,1,1,1,1,0,520,1,0,1,439,439,100,100,1
440,1,1,1,1,0,520,1,0,1,440,440,100,100,1
441,1,1,1,1,0,520,1,0,1,441,441,100,100,1
442,1,1,1,1,0,520,1,0,1,442,442,100,100,1
443,1,1,1,1,0,520,1,0,1,443,443,100,100,1
444,1,1,1,1,0,520,1,0,1,444,444,100,100,1
445,1,1,1,1,0,520,1,0,1,445,445,100,100,1
446,1,1,1,1,0,520,1,0,1,446,446,100,100,1
447,1,1,1,1,0,520,1,0,1,447,447,100,100,1
448,1,1,1,1,0,520,1,0,1,448,448,100,100,1
449,1,1,1,1,0,520,1,0,1,449,449,100,100,1
450,1,1,1,1,0,520,1,0,1,450,450,100,100,1
451,1,1,1,1,0,520,1,0,1,451,451,100,100,1
452,1,1,1,1,0,520,1,0,1,452,452,100,100,1
453,1,1,1,1,0,520,1,0,1,453,453,100,100,1
454,1,1,1,1,0,520,1,0,1,454,454,100,100,1
455,1,1,1,1,0,520,1,0,1,455,455,100,100,1
456,1,1,1,1,0,520,1,0,1,456,456,100,100,1
457,1,1,1,1,0,520,1,0,1,457,457,100,100,1
458,1,1,1,1,0,520,1,0,1,458,458,100,100,1
459,1,1,1,1,0,520,1,0,1,459,459,100,100,1
460,1,1,1,1,0,520,1,0,1,460,460,100,100,1
461,1,1,1,1,0,520,1,0,1,461,461,100,100,1
462,1,1,1,1,0,520,1,0,1,462,462,100,100,1
463,1,1,1,1,0,520,1,0,1,463,463,100,100,1
464,1,1,1,1,0,520,1,0,1,464,464,100,100,1
465,1,1,1,1,0,520,1,0,1,465,465,100,100,1
466,1,1,1,1,0,520,1,0,1,466,466,100,100,1
467,1,1,1,1,0,520,1,0,1,467,467,100,100,1
468,1,1,1,1,0,520,1,0,1,468,468,100,100,1
469,1,1,1,1,0,520,1,0,1,469,469,100,100,1
470,1,1,1,1,0,520,1,0,1,470,470,100,100,1
471,1,1,1,1,0,520,1,0,1,471,471,100,100,1
472,1,1,1,1,0,520,1,0,1,472,472,100,100,1
473,1,1,1,1,0,520,1,0,1,473,473,100,100,1
474,1,1,1,1,0,520,1,0,1,474,474,100,100,1
475,1,1,1,1,0,520,1,0,1,475,475,100,100,1
476,1,1,1,1,0,520,1,0,1,476,476,100,100,1
477,1,1,1,1,0,520,1,0,1,477,477,100,100,1
478,1,1,1,1,0,520,1,0,1,478,478,100,100,1
479,1,1,1,1,0,520,1,0,1,479,479,100,100,1
480,1,1,1,1,0,520,1,0,1,480,480,100,100,1
481,1,1,1,1,0,520,1,0,1,481,481,100,100,1
482,1,1,1,1,0,520,1,0,1,482,482,100,100,1
483,1,1,1,1,0,520,1,0,1,483,483,100,100,1
484,1,1,1,1,0,520,1,0,1,484,484,100,100,1
485,1,1,1,1,0,520,1,0,1,485,485,100,100,1
486,1,1,1,1,0,520,1,0,1,486,486,100,100,1
487,1,1,1,1,0,520,1,0,1,487,487,100,100,1
488,1,1,1,1,0,520,1,0,1,488,488,100,100,1
489,1,1,1,1,0,520,1,0,1,489,489,100,100,1
490,1,1,1,1,0,520,1,0,1,490,490,100,100,1
491,1,1,1,1,0,520,1,0,1,491,491,100,100,1
492,1,1,1,1,0,520,1,0,1,492,492,100,100,1
493,1,1,1,1,0,520,1,0,1,493,493,100,100,1
494,1,1,1,1,0,520,1,0,1,494,494,100,100,1
495,1,1,1,1,0,520,1,0,1,495,495,100,100,1
496,1,1,1,1,0,520,1,0,1,496,496,100,100,1
497,1,1,1,1,0,520,1,0,1,497,497,100,100,1
498,1,1,1,1,0,520,1,0,1,498,498,100,100,1
499,1,1,1,1,0,520,1,0,1,499,499,100,100,1
500,1,1,1,1,0,520,1,0,1,500,500,100,100,1
501,1,1,1,1,0,520,1,0,1,501,501,100,100,1
502,1,1,1,1,0,520,1,0,1,502,502,100,100,1
503,1,1,1,1,0,520,1,0,1,503,503,100,100,1
504,1,1,1,1,0,520,1,0,1,504,504,100,100,1
505,1,1,1,1,0,520,1,0,1,505,505,100,100,1
506,1,1,1,1,0,520,1,0,1,506,506,100,100,1
507,1,1,1,1,0,520,1,0,1,507,507,100,100,1
508,1,1,1,1,0,520,1,0,1,508,508,100,100,1
509,1,1,1,1,0,520,1,0,1,509,509,100,100,1
510,1,1,1,1,0,520,1,0,1,510,510,100,100,1
511,1,1,1,1,0,520,1,0,1,511,511,100,100,1
512,1,1,1,1,0,520,1,0,1,512,512,100,100,1
513,1,1,1,1,0,520,1,0,1,513,513,100,100,1
514,1,1,1,1,0,520,1,0,1,514,514,100,100,1
515,1,1,1,1,0,520,1,0,1,515,515,100,100,1
516,1,1,1,1,0,520,1,0,1,516,516,100,100,1
517,1,1,1,1,0,520,1,0,1,517,517,100,100,1
518,1,1,1,1,0,520,1,0,1,518,518,100,100,1
519,1,1,1,1,0,520,1,0,1,519,519,100,100,1
520,1,1,1,1,0,520,1,0,1,520,520,100,100,1
521,1,1,1,1,0,520,1,0,1,521,521,100,100,1
522,1,1,1,1,0,520,1,0,1,522,522,100,100,1
523,1,1,1,1,0,520,1,0,1,523,523,100,100,1
524,1,1,1,1,0,520,1,0,1,524,524,100,100,1
525,1,1,1,1,0,520,1,0,1,525,525,100,100,1
526,1,1,1,1,0,520,1,0,1,526,526,100,100,1
527,1,1,1,1,0,520,1,0,1,527,527,100,100,1
528,1,1,1,1,0,520,1,0,1,528,528,100,100,1
529,1,1,1,1,0,520,1,0,1,529,529,100,100,1
530,1,1,1,1,0,520,1,0,1,530,530,100,100,1
531,1,1,1,1,0,520,1,0,1,531,531,100,100,1
532,1,1,1,1,0,520,1,0,1,532,532,100,100,1
533,1,1,1,1,0,520,1,0,1,533,533,100,100,1
534,1,1,1,1,0,520,1,0,1,534,534,100,100,1
535,1,1,1,1,0,520,1,0,1,535,535,100,100,1
536,1,1,1,1,0,520,1,0,1,536,536,100,100,1
537,1,1,1,1,0,520,1,0,1,537,537,100,100,1
538,1,1,1,1,0,520,1,0,1,538,538,100,100,1
539,1,1,1,1,0,520,1,0,1,539,539,100,100,1
540,1,1,1,1,0,520,1,0,1,540,540,100,100,1
541,1,1,1,1,0,520,1,0,1,541,541,100,100,1
542,1,1,1,1,0,520,1,0,1,542,542,100,100,1
543,1,1,1,1,0,520,1,0,1,543,543,100,100,1
544,1,1,1,1,0,520,1,0,1,544,544,100,100,1
545,1,1,1,1,0,520,1,0,1,545,545,100,100,1
546,1,1,1,1,0,520,1,0,1,546,546,100,100,1
547,1,1,1,1,0,520,1,0,1,547,547,100,100,1
548,1,1,1,1,0,520,1,0,1,548,548,100,100,1
549,1,1,1,1,0,520,1,0,1,549,549,100,100,1
550,1,1,1,1,0,520,1,0,1,550,550,100,100,1
551,1,1,1,1,0,520,1,0,1,551,551,100,100,1
552,1,1,1,1,0,520,1,0,1,552,552,100,100,1
553,1,1,1,1,0,520,1,0,1,553,553,100,100,1
554,1,1,1,1,0,520,1,0,1,554,554,100,100,1
555,1,1,1,1,0,520,1,0,1,555,555,100,100,1
556,1,1,1,1,0,520,1,0,1,556,556,100,100,1
557,1,1,1,1,0,520,1,0,1,557,557,100,100,1
558,1,1,1,1,0,520,1,0,1,558,558,100,100,1
559,1,1,1,1,0,520,1,0,1,559,559,100,100,1
560,1,1,1,1,0,520,1,0,1,560,560,100,100,1
561,1,1,1,1,0,520,1,0,1,561,561,100,100,1
562,1,1,1,1,0,520,1,0,1,562,562,100,100,1
563,1,1,1,1,0,520,1,0,1,563,563,100,100,1
564,1,1,1,1,0,520,1,0,1,564,564,100,100,1
565,1,1,1,1,0,520,1,0,1,565,565,100,100,1
566,1,1,1,1,0,520,1,0,1,566,566,100,100,1
567,1,1,1,1,0,520,1,0,1,567,567,100,100,1
568,1,1,1,1,0,520,1,0,1,568,568,100,100,1
569,1,1,1,1,0,520,1,0,1,569,569,100,100,1
570,1,1,1,1,0,520,1,0,1,570,570,100,100,1
571,1,1,1,1,0,520,1,0,1,571,571,100,100,1
572,1,1,1,1,0,520,1,0,1,572,572,100,100,1
573,1,1,1,1,0,520,1,0,1,573,573,100,100,1
574,1,1,1,1,0,520,1,0,1,574,574,100,100,1
575,1,1,1,1,0,520,1,0,1,575,575,100,100,1
576,1,1,1,1,0,520,1,0,1,576,576,100,100,1
577,1,1,1,1,0,520,1,0,1,577,577,100,100,1
578,1,1,1,1,0,520,1,0,1,578,578,100,100,1
579,1,1,1,1,0,520,1,0,1,579,579,100,100,1
580,1,1,1,1,0,520,1,0,1,580,580,100,100,1
581,1,1,1,1,0,520,1,0,1,581,581,100,100,1
582,1,1,1,1,0,520,1,0,1,582,582,100,100,1
583,1,1,1,1,0,520,1,0,1,583,583,100,100,1
584,1,1,1,1,0,520,1,0,1,584,584,100,100,1
585,1,1,1,1,0,520,1,0,1,585,585,100,100,1
586,1,1,1,1,0,520,1,0,1,586,586,100,100,1
587,1,1,1,1,0,520,1,0,1,587,587,100,100,1
588,1,1,1,1,0,520,1,0,1,588,588,100,100,1
589,1,1,1,1,0,520,1,0,1,589,589,100,100,1
590,1,1,1,1,0,520,1,0,1,590,590,100,100,1
591,1,1,1,1,0,520,1,0,1,591,591,100,100,1
592,1,1,1,1,0,520,1,0,1,592,592,100,100,1
593,1,1,1,1,0,520,1,0,1,593,593,100,100,1
594,1,1,1,1,0,520,1,0,1,594,594,100,100,1
595,1,1,1,1,0,520,1,0,1,595,595,100,100,1
596,1,1,1,1,0,520,1,0,1,596,596,100,100,1
597,1,1,1,1,0,520,1,0,1,597,597,100,100,1
598,1,1,1,1,0,520,1,0,1,598,598,100,100,1
599,1,1,1,1,0,520,1,0,1,599,599,100,100,1
600,1,1,1,1,0,520,1,0,1,600,600,100,100,1
601,1,1,1,1,0,520,1,0,1,601,601,100,100,1
602,1,1,1,1,0,520,1,0,1,602,602,100,100,1
603,1,1,1,1,0,520,1,0,1,603,603,100,100,1
604,1,1,1,1,0,520,1,0,1,604,604,100,100,1
605,1,1,1,1,0,520,1,0,1,605,605,100,100,1
606,1,1,1,1,0,520,1,0,1,606,606,100,100,1
607,1,1,1,1,0,520,1,0,1,607,607,100,100,1
608,1,1,1,1,0,520,1,0,1,608,608,100,100,1
609,1,1,1,1,0,520,1,0,1,609,609,100,100,1
610,1,1,1,1,0,520,1,0,1,610,610,100,100,1
611,1,1,1,1,0,520,1,0,1,611,611,100,100,1
612,1,1,1,1,0,520,1,0,1,612,612,100,100,1
613,1,1,1,1,0,520,1,0,1,613,613,100,100,1
614,1,1,1,1,0,520,1,0,1,614,614,100,100,1
615,1,1,1,1,0,520,1,0,1,615,615,100,100,1
616,1,1,1,1,0,520,1,0,1,616,616,100,100,1
617,1,1,1,1,0,520,1,0,1,617,617,100,100,1
618,1,1,1,1,0,520,1,0,1,618,618,100,100,1
619,1,1,1,1,0,520,1,0,1,619,619,100,100,1
620,1,1,1,1,0,520,1,0,1,620,620,100,100,1
621,1,1,1,1,0,520,1,0,1,621,621,100,100,1
622,1,1,1,1,0,520,1,0,1,622,622,100,100,1
623,1,1,1,1,0,520,1,0,1,623,623,100,100,1
624,1,1,1,1,0,520,1,0,1,624,624,100,100,1
625,1,1,1,1,0,520,1,0,1,625,625,100,100,1
626,1,1,1,1,0,520,1,0,1,626,626,100,100,1
627,1,1,1,1,0,520,1,0,1,627,627,100,100,1
628,1,1,1,1,0,520,1,0,1,628,628,100,100,1
629,1,1,1,1,0,520,1,0,1,629,629,100,100,1
630,1,1,1,1,0,520,1,0,1,630,630,100,100,1
631,1,1,1,1,0,520,1,0,1,631,631,100,100,1
632,1,1,1,1,0,520,1,0,1,632,632,100,100,1
633,1,1,1,1,0,520,1,0,1,633,633,100,100,1
634,1,1,1,1,0,520,1,0,1,634,634,100,100,1
635,1,1,1,1,0,520,1,0,1,635,635,100,100,1
636,1,1,1,1,0,520,1,0,1,636,636,100,100,1
637,1,1,1,1,0,520,1,0,1,637,637,100,100,1
638,1,1,1,1,0,520,1,0,1,638,638,100,100,1
639,1,1,1,1,0,520,1,0,1,639,639,100,100,1
640,1,1,1,1,0,520,1,0,1,640,640,100,100,1
641,1,1,1,1,0,520,1,0,1,641,641,100,100,1
642,1,1,1,1,0,520,1,0,1,642,642,100,100,1
643,1,1,1,1,0,520,1,0,1,643,643,100,100,1
644,1,1,1,1,0,520,1,0,1,644,644,100,100,1
645,1,1,1,1,0,520,1,0,1,645,645,100,100,1
646,1,1,1,1,0,520,1,0,1,646,646,100,100,1
647,1,1,1,1,0,520,1,0,1,647,647,100,100,1
648,1,1,1,1,0,520,1,0,1,648,648,100,100,1
649,1,1,1,1,0,520,1,0,1,649,649,100,100,1
650,1,1,1,1,0,520,1,0,1,650,650,100,100,1
651,1,1,1,1,0,520,1,0,1,651,651,100,100,1
652,1,1,1,1,0,520,1,0,1,652,652,100,100,1
653,1,1,1,1,0,520,1,0,1,653,653,100,100,1
654,1,1,1,1,0,520,1,0,1,654,654,100,100,1
655,1,1,1,1,0,520,1,0,1,655,655,100,100,1
656,1,1,1,1,0,520,1,0,1,656,656,100,100,1
657,1,1,1,1,0,520,1,0,1,657,657,100,100,1
658,1,1,1,1,0,520,1,0,1,658,658,100,100,1
659,1,1,1,1,0,520,1,0,1,659,659,100,100,1
660,1,1,1,1,0,520,1,0,1,660,660,100,100,1
661,1,1,1,1,0,520,1,0,1,661,661,100,100,1
662,1,1,1,1,0,520,1,0,1,662,662,100,100,1
663,1,1,1,1,0,520,1,0,1,663,663,100,100,1
664,1,1,1,1,0,520,1,0,1,664,664,100,100,1
665,1,1,1,1,0,520,1,0,1,665,665,100,100,1
666,1,1,1,1,0,520,1,0,1,666,666,100,100,1
667,1,1,1,1,0,520,1,0,1,667,667,100,100,1
668,1,1,1,1,0,520,1,0,1,668,668,100,100,1
669,1,1,1,1,0,520,1,0,1,669,669,100,100,1
670,1,1,1,1,0,520,1,0,1,670,670,100,100,1
671,1,1,1,1,0,520,1,0,1,671,671,100,100,1
672,1,1,1,1,0,520,1,0,1,672,672,100,100,1
673,1,1,1,1,0,520,1,0,1,673,673,100,100,1
674,1,1,1,1,0,520,1,0,1,674,674,100,100,1
675,1,1,1,1,0,520,1,0,1,675,675,100,100,1
676,1,1,1,1,0,520,1,0,1,676,676,100,100,1
677,1,1,1,1,0,520,1,0,1,677,677,100,100,1
678,1,1,1,1,0,520,1,0,1,678,678,100,100,1
679,1,1,1,1,0,520,1,0,1,679,679,100,100,1
680,1,1,1,1,0,520,1,0,1,680,680,100,100,1
681,1,1,1,1,0,520,1,0,1,681,681,100,100,1
682,1,1,1,1,0,520,1,0,1,682,682,100,100,1
683,1,1,1,1,0,520,1,0,1,683,683,100,100,1
684,1,1,1,1,0,520,1,0,1,684,684,100,100,1
685,1,1,1,1,0,520,1,0,1,685,685,100,100,1
686,1,1,1,1,0,520,1,0,1,686,686,100,100,1
687,1,1,1,1,0,520,1,0,1,687,687,100,100,1
688,1,1,1,1,0,520,1,0,1,688,688,100,100,1
689,1,1,1,1,0,520,1,0,1,689,689,100,100,1
690,1,1,1,1,0,520,1,0,1,690,690,100,100,1
691,1,1,1,1,0,520,1,0,1,691,691,100,100,1
692,1,1,1,1,0,520,1,0,1,692,692,100,100,1
693,1,1,1,1,0,520,1,0,1,693,693,100,100,1
694,1,1,1,1,0,520,1,0,1,694,694,100,100,1
695,1,1,1,1,0,520,1,0,1,695,695,100,100,1
696,1,1,1,1,0,520,1,0,1,696,696,100,100,1
697,1,1,1,1,0,520,1,0,1,697,697,100,100,1
698,1,1,1,1,0,520,1,0,1,698,698,100,100,1
699,1,1,1,1,0,520,1,0,1,699,699,100,100,1
700,1,1,1,1,0,520,1,0,1,700,700,100,100,1
701,1,1,1,1,0,520,1,0,1,701,701,100,100,1
702,1,1,1,1,0,520,1,0,1,702,702,100,100,1
703,1,1,1,1,0,520,1,0,1,703,703,100,100,1
704,1,1,1,1,0,520,1,0,1,704,704,100,100,1
705,1,1,1,1,0,520,1,0,1,705,705,100,100,1
706,1,1,1,1,0,520,1,0,1,706,706,100,100,1
707,1,1,1,1,0,520,1,0,1,707,707,100,100,1
708,1,1,1,1,0,520,1,0,1,708,708,100,100,1
709,1,1,1,1,0,520,1,0,1,709,709,100,100,1
710,1,1,1,1,0,520,1,0,1,710,710,100,100,1
711,1,1,1,1,0,520,1,0,1,711,711,100,100,1
712,1,1,1,1,0,520,1,0,1,712,712,100,100,1
713,1,1,1,1,0,520,1,0,1,713,713,100,100,1
714,1,1,1,1,0,520,1,0,1,714,714,100,100,1
715,1,1,1,1,0,520,1,0,1,715,715,100,100,1
716,1,1,1,1,0,520,1,0,1,716,716,100,100,1
717,1,1,1,1,0,520,1,0,1,717,717,100,100,1
718,1,1,1,1,0,520,1,0,1,718,718,100,100,1
719,1,1,1,1,0,520,1,0,1,719,719,100,100,1
720,1,1,1,1,0,520,1,0,1,720,720,100,100,1
721,1,1,1,1,0,520,1,0,1,721,721,100,100,1
722,1,1,1,1,0,520,1,0,1,722,722,100,100,1
723,1,1,1,1,0,520,1,0,1,723,723,100,100,1
724,1,1,1,1,0,520,1,0,1,724,724,100,100,1
725,1,1,1,1,0,520,1,0,1,725,725,100,100,1
726,1,1,1,1,0,520,1,0,1,726,726,100,100,1
727,1,1,1,1,0,520,1,0,1,727,727,100,100,1
728,1,1,1,1,0,520,1,0,1,728,728,100,100,1
729,1,1,1,1,0,520,1,0,1,729,729,100,100,1
730,1,1,1,1,0,520,1,0,1,730,730,100,100,1
731,1,1,1,1,0,520,1,0,1,731,731,100,100,1
732,1,1,1,1,0,520,1,0,1,732,732,100,100,1
733,1,1,1,1,0,520,1,0,1,733,733,100,100,1
734,1,1,1,1,0,520,1,0,1,734,734,100,100,1
735,1,1,1,1,0,520,1,0,1,735,735,100,100,1
736,1,1,1,1,0,520,1,0,1,736,736,100,100,1
737,1,1,1,1,0,520,1,0,1,737,737,100,100,1
738,1,1,1,1,0,520,1,0,1,738,738,100,100,1
739,1,1,1,1,0,520,1,0,1,739,739,100,100,1
740,1,1,1,1,0,520,1,0,1,740,740,100,100,1
741,1,1,1,1,0,520,1,0,1,741,741,100,100,1
742,1,1,1,1,0,520,1,0,1,742,742,100,100,1
743,1,1,1,1,0,520,1,0,1,743,743,100,100,1
744,1,1,1,1,0,520,1,0,1,744,744,100,100,1
745,1,1,1,1,0,520,1,0,1,745,745,100,100,1
746,1,1,1,1,0,520,1,0,1,746,746,100,100,1
747,1,1,1,1,0,520,1,0,1,747,747,100,100,1
748,1,1,1,1,0,520,1,0,1,748,748,100,100,1
749,1,1,1,1,0,520,1,0,1,749,749,100,100,1
750,1,1,1,1,0,520,1,0,1,750,750,100,100,1
751,1,1,1,1,0,520,1,0,1,751,751,100,100,1
752,1,1,1,1,0,520,1,0,1,752,752,100,100,1
753,1,1,1,1,0,520,1,0,1,753,753,100,100,1
754,1,1,1,1,0,520,1,0,1,754,754,100,100,1
755,1,1,1,1,0,520,1,0,1,755,755,100,100,1
756,1,1,1,1,0,520,1,0,1,756,756,100,100,1
757,1,1,1,1,0,520,1,0,1,757,757,100,100,1
758,1,1,1,1,0,520,1,0,1,758,758,100,100,1
759,1,1,1,1,0,520,1,0,1,759,759,100,100,1
760,1,1,1,1,0,520,1,0,1,760,760,100,100,1
761,1,1,1,1,0,520,1,0,1,761,761,100,100,1
762,1,1,1,1,0,520,1,0,1,762,762,100,100,1
763,1,1,1,1,0,520,1,0,1,763,763,100,100,1
764,1,1,1,1,0,520,1,0,1,764,764,100,100,1
765,1,1,1,1,0,520,1,0,1,765,765,100,100,1
766,1,1,1,1,0,520,1,0,1,766,766,100,100,1
767,1,1,1,1,0,520,1,0,1,767,767,100,100,1
768,1,1,1,1,0,520,1,0,1,768,768,100,100,1
769,1,1,1,1,0,520,1,0,1,769,769,100,100,1
770,1,1,1,1,0,520,1,0,1,770,770,100,100,1
771,1,1,1,1,0,520,1,0,1,771,771,100,100,1
772,1,1,1,1,0,520,1,0,1,772,772,100,100,1
773,1,1,1,1,0,520,1,0,1,773,773,100,100,1
774,1,1,1,1,0,520,1,0,1,774,774,100,100,1
775,1,1,1,1,0,520,1,0,1,775,775,100,100,1
776,1,1,1,1,0,520,1,0,1,776,776,100,100,1
777,1,1,1,1,0,520,1,0,1,777,777,100,100,1
778,1,1,1,1,0,520,1,0,1,778,778,100,100,1
779,1,1,1,1,0,520,1,0,1,779,779,100,100,1
780,1,1,1,1,0,520,1,0,1,780,780,100,100,1
781,1,1,1,1,0,520,1,0,1,781,781,100,100,1
782,1,1,1,1,0,520,1,0,1,782,782,100,100,1
783,1,1,1,1,0,520,1,0,1,783,783,100,100,1
784,1,1,1,1,0,520,1,0,1,784,784,100,100,1
785,1,1,1,1,0,520,1,0,1,785,785,100,100,1
786,1,1,1,1,0,520,1,0,1,786,786,100,100,1
787,1,1,1,1,0,520,1,0,1,787,787,100,100,1
788,1,1,1,1,0,520,1,0,1,788,788,100,100,1
789,1,1,1,1,0,520,1,0,1,789,789,100,100,1
790,1,1,1,1,0,520,1,0,1,790,790,100,100,1
791,1,1,1,1,0,520,1,0,1,791,791,100,100,1
792,1,1,1,1,0,520,1,0,1,792,792,100,100,1
793,1,1,1,1,0,520,1,0,1,793,793,100,100,1
794,1,1,1,1,0,520,1,0,1,794,794,100,100,1
795,1,1,1,1,0,520,1,0,1,795,795,100,100,1
796,1,1,1,1,0,520,1,0,1,796,796,100,100,1
797,1,1,1,1,0,520,1,0,1,797,797,100,100,1
798,1,1,1,1,0,520,1,0,1,798,798,100,100,1
799,1,1,1,1,0,520,1,0,1,799,799,100,100,1
800,1,1,1,1,0,520,1,0,1,800,800,100,100,1
801,1,1,1,1,0,520,1,0,1,801,801,100,100,1
802,1,1,1,1,0,520,1,0,1,802,802,100,100,1
803,1,1,1,1,0,520,1,0,1,803,803,100,100,1
804,1,1,1,1,0,520,1,0,1,804,804,100,100,1
805,1,1,1,1,0,520,1,0,1,805,805,100,100,1
806,1,1,1,1,0,520,1,0,1,806,806,100,100,1
807,1,1,1,1,0,520,1,0,1,807,807,100,100,1
808,1,1,1,1,0,520,1,0,1,808,808,100,100,1
809,1,1,1,1,0,520,1,0,1,809,809,100,100,1
810,1,1,1,1,0,520,1,0,1,810,810,100,100,1
811,1,1,1,1,0,520,1,0,1,811,811,100,100,1
812,1,1,1,1,0,520,1,0,1,812,812,100,100,1
813,1,1,1,1,0,520,1,0,1,813,813,100,100,1
814,1,1,1,1,0,520,1,0,1,814,814,100,100,1
815,1,1,1,1,0,520,1,0,1,815,815,100,100,1
816,1,1,1,1,0,520,1,0,1,816,816,100,100,1
817,1,1,1,1,0,520,1,0,1,817,817,100,100,1
818,1,1,1,1,0,520,1,0,1,818,818,100,100,1
819,1,1,1,1,0,520,1,0,1,819,819,100,100,1
820,1,1,1,1,0,520,1,0,1,820,820,100,100,1
821,1,1,1,1,0,520,1,0,1,821,821,100,100,1
822,1,1,1,1,0,520,1,0,1,822,822,100,100,1
823,1,1,1,1,0,520,1,0,1,823,823,100,100,1
824,1,1,1,1,0,520,1,0,1,824,824,100,100,1
825,1,1,1,1,0,520,1,0,1,825,825,100,100,1
826,1,1,1,1,0,520,1,0,1,826,826,100,100,1
827,1,1,1,1,0,520,1,0,1,827,827,100,100,1
828,1,1,1,1,0,520,1,0,1,828,828,100,100,1
829,1,1,1,1,0,520,1,0,1,829,829,100,100,1
830,1,1,1,1,0,520,1,0,1,830,830,100,100,1
831,1,1,1,1,0,520,1,0,1,831,831,100,100,1
832,1,1,1,1,0,520,1,0,1,832,832,100,100,1
833,1,1,1,1,0,520,1,0,1,833,833,100,100,1
834,1,1,1,1,0,520,1,0,1,834,834,100,100,1
835,1,1,1,1,0,520,1,0,1,835,835,100,100,1
836,1,1,1,1,0,520,1,0,1,836,836,100,100,1
837,1,1,1,1,0,520,1,0,1,837,837,100,100,1
838,1,1,1,1,0,520,1,0,1,838,838,100,100,1
839,1,1,1,1,0,520,1,0,1,839,839,100,100,1
840,1,1,1,1,0,520,1,0,1,840,840,100,100,1
841,1,1,1,1,0,520,1,0,1,841,841,100,100,1
842,1,1,1,1,0,520,1,0,1,842,842,100,100,1
843,1,1,1,1,0,520,1,0,1,843,843,100,100,1
844,1,1,1,1,0,520,1,0,1,844,844,100,100,1
845,1,1,1,1,0,520,1,0,1,845,845,100,100,1
846,1,1,1,1,0,520,1,0,1,846,846,100,100,1
847,1,1,1,1,0,520,1,0,1,847,847,100,100,1
848,1,1,1,1,0,520,1,0,1,848,848,100,100,1
849,1,1,1,1,0,520,1,0,1,849,849,100,100,1
850,1,1,1,1,0,520,1,0,1,850,850,100,100,1
851,1,1,1,1,0,520,1,0,1,851,851,100,100,1
852,1,1,1,1,0,520,1,0,1,852,852,100,100,1
853,1,1,1,1,0,520,1,0,1,853,853,100,100,1
854,1,1,1,1,0,520,1,0,1,854,854,100,100,1
855,1,1,1,1,0,520,1,0,1,855,855,100,100,1
856,1,1,1,1,0,520,1,0,1,856,856,100,100,1
857,1,1,1,1,0,520,1,0,1,857,857,100,100,1
858,1,1,1,1,0,520,1,0,1,858,858,100,100,1
859,1,1,1,1,0,520,1,0,1,859,859,100,100,1
860,1,1,1,1,0,520,1,0,1,860,860,100,100,1
861,1,1,1,1,0,520,1,0,1,861,861,100,100,1
862,1,1,1,1,0,520,1,0,1,862,862,100,100,1
863,1,1,1,1,0,520,1,0,1,863,863,100,100,1
864,1,1,1,1,0,520,1,0,1,864,864,100,100,1
865,1,1,1,1,0,520,1,0,1,865,865,100,100,1
866,1,1,1,1,0,520,1,0,1,866,866,100,100,1
867,1,1,1,1,0,520,1,0,1,867,867,100,100,1
868,1,1,1,1,0,520,1,0,1,868,868,100,100,1
869,1,1,1,1,0,520,1,0,1,869,869,100,100,1
870,1,1,1,1,0,520,1,0,1,870,870,100,100,1
871,1,1,1,1,0,520,1,0,1,871,871,100,100,1
872,1,1,1,1,0,520,1,0,1,872,872,100,100,1
873,1,1,1,1,0,520,1,0,1,873,873,100,100,1
874,1,1,1,1,0,520,1,0,1,874,874,100,100,1
875,1,1,1,1,0,520,1,0,1,875,875,100,100,1
876,1,1,1,1,0,520,1,0,1,876,876,100,100,1
877,1,1,1,1,0,520,1,0,1,877,877,100,100,1
878,1,1,1,1,0,520,1,0,1,878,878,100,100,1
879,1,1,1,1,0,520,1,0,1,879,879,100,100,1
880,1,1,1,1,0,520,1,0,1,880,880,100,100,1
881,1,1,1,1,0,520,1,0,1,881,881,100,100,1
882,1,1,1,1,0,520,1,0,1,882,882,100,100,1
883,1,1,1,1,0,520,1,0,1,883,883,100,100,1
884,1,1,1,1,0,520,1,0,1,884,884,100,100,1
885,1,1,1,1,0,520,1,0,1,885,885,100,100,1
886,1,1,1,1,0,520,1,0,1,886,886,100,100,1
887,1,1,1,1,0,520,1,0,1,887,887,100,100,1
888,1,1,1,1,0,520,1,0,1,888,888,100,100,1
889,1,1,1,1,0,520,1,0,1,889,889,100,100,1
890,1,1,1,1,0,520,1,0,1,890,890,100,100,1
891,1,1,1,1,0,520,1,0,1,891,891,100,100,1
892,1,1,1,1,0,520,1,0,1,892,892,100,100,1
893,1,1,1,1,0,520,1,0,1,893,893,100,100,1
894,1,1,1,1,0,520,1,0,1,894,894,100,100,1
895,1,1,1,1,0,520,1,0,1,895,895,100,100,1
896,1,1,1,1,0,520,1,0,1,896,896,100,100,1
897,1,1,1,1,0,520,1,0,1,897,897,100,100,1
898,1,1,1,1,0,520,1,0,1,898,898,100,100,1
899,1,1,1,1,0,520,1,0,1,899,899,100,100,1
900,1,1,1,1,0,520,1,0,1,900,900,100,100,1
901,1,1,1,1,0,520,1,0,1,901,901,100,100,1
902,1,1,1,1,0,520,1,0,1,902,902,100,100,1
903,1,1,1,1,0,520,1,0,1,903,903,100,100,1
904,1,1,1,1,0,520,1,0,1,904,904,100,100,1
905,1,1,1,1,0,520,1,0,1,905,905,100,100,1
906,1,1,1,1,0,520,1,0,1,906,906,100,100,1
907,1,1,1,1,0,520,1,0,1,907,907,100,100,1
908,1,1,1,1,0,520,1,0,1,908,908,100,100,1
909,1,1,1,1,0,520,1,0,1,909,909,100,100,1
910,1,1,1,1,0,520,1,0,1,910,910,100,100,1
911,1,1,1,1,0,520,1,0,1,911,911,100,100,1
912,1,1,1,1,0,520,1,0,1,912,912,100,100,1
913,1,1,1,1,0,520,1,0,1,913,913,100,100,1
914,1,1,1,1,0,520,1,0,1,914,914,100,100,1
915,1,1,1,1,0,520,1,0,1,915,915,100,100,1
916,1,1,1,1,0,520,1,0,1,916,916,100,100,1
917,1,1,1,1,0,520,1,0,1,917,917,100,100,1
918,1,1,1,1,0,520,1,0,1,918,918,100,100,1
919,1,1,1,1,0,520,1,0,1,919,919,100,100,1
920,1,1,1,1,0,520,1,0,1,920,920,100,100,1
921,1,1,1,1,0,520,1,0,1,921,921,100,100,1
922,1,1,1,1,0,520,1,0,1,922,922,100,100,1
923,1,1,1,1,0,520,1,0,1,923,923,100,100,1
924,1,1,1,1,0,520,1,0,1,924,924,100,100,1
925,1,1,1,1,0,520,1,0,1,925,925,100,100,1
926,1,1,1,1,0,520,1,0,1,926,926,100,100,1
927,1,1,1,1,0,520,1,0,1,927,927,100,100,1
928,1,1,1,1,0,520,1,0,1,928,928,100,100,1
929,1,1,1,1,0,520,1,0,1,929,929,100,100,1
930,1,1,1,1,0,520,1,0,1,930,930,100,100,1
931,1,1,1,1,0,520,1,0,1,931,931,100,100,1
932,1,1,1,1,0,520,1,0,1,932,932,100,100,1
933,1,1,1,1,0,520,1,0,1,933,933,100,100,1
934,1,1,1,1,0,520,1,0,1,934,934,100,100,1
935,1,1,1,1,0,520,1,0,1,935,935,100,100,1
936,1,1,1,1,0,520,1,0,1,936,936,100,100,1
937,1,1,1,1,0,520,1,0,1,937,937,100,100,1
938,1,1,1,1,0,520,1,0,1,938,938,100,100,1
939,1,1,1,1,0,520,1,0,1,939,939,100,100,1
940,1,1,1,1,0,520,1,0,1,940,940,100,100,1
941,1,1,1,1,0,520,1,0,1,941,941,100,100,1
942,1,1,1,1,0,520,1,0,1,942,942,100,100,1
943,1,1,1,1,0,520,1,0,1,943,943,100,100,1
944,1,1,1,1,0,520,1,0,1,944,944,100,100,1
945,1,1,1,1,0,520,1,0,1,945,945,100,100,1
946,1,1,1,1,0,520,1,0,1,946,946,100,100,1
947,1,1,1,1,0,520,1,0,1,947,947,100,100,1
948,1,1,1,1,0,520,1,0,1,948,948,100,100,1
949,1,1,1,1,0,520,1,0,1,949,949,100,100,1
950,1,1,1,1,0,520,1,0,1,950,950,100,100,1
951,1,1,1,1,0,520,1,0,1,951,951,100,100,1
952,1,1,1,1,0,520,1,0,1,952,952,100,100,1
953,1,1,1,1,0,520,1,0,1,953,953,100,100,1
954,1,1,1,1,0,520,1,0,1,954,954,100,100,1
955,1,1,1,1,0,520,1,0,1,955,955,100,100,1
956,1,1,1,1,0,520,1,0,1,956,956,100,100,1
957,1,1,1,1,0,520,1,0,1,957,957,100,100,1
958,1,1,1,1,0,520,1,0,1,958,958,100,100,1
959,1,1,1,1,0,520,1,0,1,959,959,100,100,1
960,1,1,1,1,0,520,1,0,1,960,960,100,100,1
961,1,1,1,1,0,520,1,0,1,961,961,100,100,1
962,1,1,1,1,0,520,1,0,1,962,962,100,100,1
963,1,1,1,1,0,520,1,0,1,963,963,100,100,1
964,1,1,1,1,0,520,1,0,1,964,964,100,100,1
965,1,1,1,1,0,520,1,0,1,965,965,100,100,1
966,1,1,1,1,0,520,1,0,1,966,966,100,100,1
967,1,1,1,1,0,520,1,0,1,967,967,100,100,1
968,1,1,1,1,0,520,1,0,1,968,968,100,100,1
969,1,1,1,1,0,520,1,0,1,969,969,100,100,1
970,1,1,1,1,0,520,1,0,1,970,970,100,100,1
971,1,1,1,1,0,520,1,0,1,971,971,100,100,1
972,1,1,1,1,0,520,1,0,1,972,972,100,100,1
973,1,1,1,1,0,520,1,0,1,973,973,100,100,1
974,1,1,1,1,0,520,1,0,1,974,974,100,100,1
975,1,1,1,1,0,520,1,0,1,975,975,100,100,1
976,1,1,1,1,0,520,1,0,1,976,976,100,100,1
977,1,1,1,1,0,520,1,0,1,977,977,100,100,1
978,1,1,1,1,0,520,1,0,1,978,978,100,100,1
979,1,1,1,1,0,520,1,0,1,979,979,100,100,1
980,1,1,1,1,0,520,1,0,1,980,980,100,100,1
981,1,1,1,1,0,520,1,0,1,981,981,100,100,1
982,1,1,1,1,0,520,1,0,1,982,982,100,100,1
983,1,1,1,1,0,520,1,0,1,983,983,100,100,1
984,1,1,1,1,0,520,1,0,1,984,984,100,100,1
985,1,1,1,1,0,520,1,0,1,985,985,100,100,1
986,1,1,1,1,0,520,1,0,1,986,986,100,100,1
987,1,1,1,1,0,520,1,0,1,987,987,100,100,1
988,1,1,1,1,0,520,1,0,1,988,988,100,100,1
989,1,1,1,1,0,520,1,0,1,989,989,100,100,1
990,1,1,1,1,0,520,1,0,1,990,990,100,100,1
991,1,1,1,1,0,520,1,0,1,991,991,100,100,1
992,1,1,1,1,0,520,1,0,1,992,992,100,100,1
993,1,1,1,1,0,520,1,0,1,993,993,100,100,1
994,1,1,1,1,0,520,1,0,1,994,994,100,100,1
995,1,1,1,1,0,520,1,0,1,995,995,100,100,1
996,1,1,1,1,0,520,1,0,1,996,996,100,100,1
997,1,1,1,1,0,520,1,0,1,997,997,100,100,1
998,1,1,1,1,0,520,1,0,1,998,998,100,100,1
999,1,1,1,1,0,520,1,0,1,999,999,100,100,1
1000,1,1,1,1,0,520,1,0,1,1000,1000,100,100,1
1001,1,1,1,1,0,520,1,0,1,1001,1001,100,100,1
1002,1,1,1,1,0,520,1,0,1,1002,1002,100,100,1
1003,1,1,1,1,0,520,1,0,1,1003,1003,100,100,1
1004,1,1,1,1,0,520,1,0,1,1004,1004,100,100,1
1005,1,1,1,1,0,520,1,0,1,1005,1005,100,100,1
1006,1,1,1,1,0,520,1,0,1,1006,1006,100,100,1
1007,1,1,1,1,0,520,1,0,1,1007,1007,100,100,1
1008,1,1,1,1,0,520,1,0,1,1008,1008,100,100,1
1009,1,1,1,1,0,520,1,0,1,1009,1009,100,100,1
1010,1,1,1,1,0,520,1,0,1,1010,1010,100,100,1
1011,1,1,1,1,0,520,1,0,1,1011,1011,100,100,1
1012,1,1,1,1,0,520,1,0,1,1012,1012,100,100,1
1013,1,1,1,1,0,520,1,0,1,1013,1013,100,100,1
1014,1,1,1,1,0,520,1,0,1,1014,1014,100,100,1
1015,1,1,1,1,0,520,1,0,1,1015,1015,100,100,1
1016,1,1,1,1,0,520,1,0,1,1016,1016,100,100,1
1017,1,1,1,1,0,520,1,0,1,1017,1017,100,100,1
1018,1,1,1,1,0,520,1,0,1,1018,1018,100,100,1
1019,1,1,1,1,0,520,1,0,1,1019,1019,100,100,1
1020,1,1,1,1,0,520,1,0,1,1020,1020,100,100,1
1021,1,1,1,1,0,520,1,0,1,1021,1021,100,100,1
1022,1,1,1,1,0,520,1,0,1,1022,1022,100,100,1
1023,1,1,1,1,0,520,1,0,1,1023,1023,100,100,1
1024,1,1,1,1,0,520,1,0,1,1024,1024,100,100,1
1025,1,1,1,1,0,520,1,0,1,1025,1025,100,100,1
1026,1,1,1,1,0,520,1,0,1,1026,1026,100,100,1
1027,1,1,1,1,0,520,1,0,1,1027,1027,100,100,1
1028,1,1,1,1,0,520,1,0,1,1028,1028,100,100,1
1029,1,1,1,1,0,520,1,0,1,1029,1029,100,100,1
1030,1,1,1,1,0,520,1,0,1,1030,1030,100,100,1
1031,1,1,1,1,0,520,1,0,1,1031,1031,100,100,1
1032,1,1,1,1,0,520,1,0,1,1032,1032,100,100,1
1033,1,1,1,1,0,520,1,0,1,1033,1033,100,100,1
1034,1,1,1,1,0,520,1,0,1,1034,1034,100,100,1
1035,1,1,1,1,0,520,1,0,1,1035,1035,100,100,1
1036,1,1,1,1,0,520,1,0,1,1036,1036,100,100,1
1037,1,1,1,1,0,520,1,0,1,1037,1037,100,100,1
1038,1,1,1,1,0,520,1,0,1,1038,1038,100,100,1
1039,1,1,1,1,0,520,1,0,1,1039,1039,100,100,1
1040,1,1,1,1,0,520,1,0,1,1040,1040,100,100,1
1041,1,1,1,1,0,520,1,0,1,1041,1041,100,100,1
1042,1,1,1,1,0,520,1,0,1,1042,1042,100,100,1
1043,1,1,1,1,0,520,1,0,1,1043,1043,100,100,1
1044,1,1,1,1,0,520,1,0,1,1044,1044,100,100,1
1045,1,1,1,1,0,520,1,0,1,1045,1045,100,100,1
1046,1,1,1,1,0,520,1,0,1,1046,1046,100,100,1
1047,1,1,1,1,0,520,1,0,1,1047,1047,100,100,1
1048,1,1,1,1,0,520,1,0,1,1048,1048,100,100,1
1049,1,1,1,1,0,520,1,0,1,1049,1049,100,100,1
1050,1,1,1,1,0,520,1,0,1,1050,1050,100,100,1
1051,1,1,1,1,0,520,1,0,1,1051,1051,100,100,1
1052,1,1,1,1,0,520,1,0,1,1052,1052,100,100,1
1053,1,1,1,1,0,520,1,0,1,1053,1053,100,100,1
1054,1,1,1,1,0,520,1,0,1,1054,1054,100,100,1
1055,1,1,1,1,0,520,1,0,1,1055,1055,100,100,1
1056,1,1,1,1,0,520,1,0,1,1056,1056,100,100,1
1057,1,1,1,1,0,520,1,0,1,1057,1057,100,100,1
1058,1,1,1,1,0,520,1,0,1,1058,1058,100,100,1
1059,1,1,1,1,0,520,1,0,1,1059,1059,100,100,1
1060,1,1,1,1,0,520,1,0,1,1060,1060,100,100,1
1061,1,1,1,1,0,520,1,0,1,1061,1061,100,100,1
1062,1,1,1,1,0,520,1,0,1,1062,1062,100,100,1
1063,1,1,1,1,0,520,1,0,1,1063,1063,100,100,1
1064,1,1,1,1,0,520,1,0,1,1064,1064,100,100,1
1065,1,1,1,1,0,520,1,0,1,1065,1065,100,100,1
1066,1,1,1,1,0,520,1,0,1,1066,1066,100,100,1
1067,1,1,1,1,0,520,1,0,1,1067,1067,100,100,1
1068,1,1,1,1,0,520,1,0,1,1068,1068,100,100,1
1069,1,1,1,1,0,520,1,0,1,1069,1069,100,100,1
1070,1,1,1,1,0,520,1,0,1,1070,1070,100,100,1
1071,1,1,1,1,0,520,1,0,1,1071,1071,100,100,1
1072,1,1,1,1,0,520,1,0,1,1072,1072,100,100,1
1073,1,1,1,1,0,520,1,0,1,1073,1073,100,100,1
1074,1,1,1,1,0,520,1,0,1,1074,1074,100,100,1
1075,1,1,1,1,0,520,1,0,1,1075,1075,100,100,1
1076,1,1,1,1,0,520,1,0,1,1076,1076,100,100,1
1077,1,1,1,1,0,520,1,0,1,1077,1077,100,100,1
1078,1,1,1,1,0,520,1,0,1,1078,1078,100,100,1
1079,1,1,1,1,0,520,1,0,1,1079,1079,100,100,1
1080,1,1,1,1,0,520,1,0,1,1080,1080,100,100,1
1081,1,1,1,1,0,520,1,0,1,1081,1081,100,100,1
1082,1,1,1,1,0,520,1,0,1,1082,1082,100,100,1
1083,1,1,1,1,0,520,1,0,1,1083,1083,100,100,1
1084,1,1,1,1,0,520,1,0,1,1084,1084,100,100,1
1085,1,1,1,1,0,520,1,0,1,1085,1085,100,100,1
1086,1,1,1,1,0,520,1,0,1,1086,1086,100,100,1
1087,1,1,1,1,0,520,1,0,1,1087,1087,100,100,1
1088,1,1,1,1,0,520,1,0,1,1088,1088,100,100,1
1089,1,1,1,1,0,520,1,0,1,1089,1089,100,100,1
1090,1,1,1,1,0,520,1,0,1,1090,1090,100,100,1
1091,1,1,1,1,0,520,1,0,1,1091,1091,100,100,1
1092,1,1,1,1,0,520,1,0,1,1092,1092,100,100,1
1093,1,1,1,1,0,520,1,0,1,1093,1093,100,100,1
1094,1,1,1,1,0,520,1,0,1,1094,1094,100,100,1
1095,1,1,1,1,0,520,1,0,1,1095,1095,100,100,1
1096,1,1,1,1,0,520,1,0,1,1096,1096,100,100,1
1097,1,1,1,1,0,520,1,0,1,1097,1097,100,100,1
1098,1,1,1,1,0,520,1,0,1,1098,1098,100,100,1
1099,1,1,1,1,0,520,1,0,1,1099,1099,100,100,1
1100,1,1,1,1,0,520,1,0,1,1100,1100,100,100,1
1101,1,1,1,1,0,520,1,0,1,1101,1101,100,100,1
1102,1,1,1,1,0,520,1,0,1,1102,1102,100,100,1
1103,1,1,1,1,0,520,1,0,1,1103,1103,100,100,1
1104,1,1,1,1,0,520,1,0,1,1104,1104,100,100,1
1105,1,1,1,1,0,520,1,0,1,1105,1105,100,100,1
1106,1,1,1,1,0,520,1,0,1,1106,1106,100,100,1
1107,1,1,1,1,0,520,1,0,1,1107,1107,100,100,1
1108,1,1,1,1,0,520,1,0,1,1108,1108,100,100,1
1109,1,1,1,1,0,520,1,0,1,1109,1109,100,100,1
1110,1,1,1,1,0,520,1,0,1,1110,1110,100,100,1
1111,1,1,1,1,0,520,1,0,1,1111,1111,100,100,1
1112,1,1,1,1,0,520,1,0,1,1112,1112,100,100,1
1113,1,1,1,1,0,520,1,0,1,1113,1113,100,100,1
1114,1,1,1,1,0,520,1,0,1,1114,1114,100,100,1
1115,1,1,1,1,0,520,1,0,1,1115,1115,100,100,1
1116,1,1,1,1,0,520,1,0,1,1116,1116,100,100,1
1117,1,1,1,1,0,520,1,0,1,1117,1117,100,100,1
1118,1,1,1,1,0,520,1,0,1,1118,1118,100,100,1
1119,1,1,1,1,0,520,1,0,1,1119,1119,100,100,1
1120,1,1,1,1,0,520,1,0,1,1120,1120,100,100,1
1121,1,1,1,1,0,520,1,0,1,1121,1121,100,100,1
1122,1,1,1,1,0,520,1,0,1,1122,1122,100,100,1
1123,1,1,1,1,0,520,1,0,1,1123,1123,100,100,1
1124,1,1,1,1,0,520,1,0,1,1124,1124,100,100,1
1125,1,1,1,1,0,520,1,0,1,1125,1125,100,100,1
1126,1,1,1,1,0,520,1,0,1,1126,1126,100,100,1
1127,1,1,1,1,0,520,1,0,1,1127,1127,100,100,1
1128,1,1,1,1,0,520,1,0,1,1128,1128,100,100,1
1129,1,1,1,1,0,520,1,0,1,1129,1129,100,100,1
1130,1,1,1,1,0,520,1,0,1,1130,1130,100,100,1
1131,1,1,1,1,0,520,1,0,1,1131,1131,100,100,1
1132,1,1,1,1,0,520,1,0,1,1132,1132,100,100,1
1133,1,1,1,1,0,520,1,0,1,1133,1133,100,100,1
1134,1,1,1,1,0,520,1,0,1,1134,1134,100,100,1
1135,1,1,1,1,0,520,1,0,1,1135,1135,100,100,1
1136,1,1,1,1,0,520,1,0,1,1136,1136,100,100,1
1137,1,1,1,1,0,520,1,0,1,1137,1137,100,100,1
1138,1,1,1,1,0,520,1,0,1,1138,1138,100,100,1
1139,1,1,1,1,0,520,1,0,1,1139,1139,100,100,1
1140,1,1,1,1,0,520,1,0,1,1140,1140,100,100,1
1141,1,1,1,1,0,520,1,0,1,1141,1141,100,100,1
1142,1,1,1,1,0,520,1,0,1,1142,1142,100,100,1
1143,1,1,1,1,0,520,1,0,1,1143,1143,100,100,1
1144,1,1,1,1,0,520,1,0,1,1144,1144,100,100,1
1145,1,1,1,1,0,520,1,0,1,1145,1145,100,100,1
1146,1,1,1,1,0,520,1,0,1,1146,1146,100,100,1
1147,1,1,1,1,0,520,1,0,1,1147,1147,100,100,1
1148,1,1,1,1,0,520,1,0,1,1148,1148,100,100,1
1149,1,1,1,1,0,520,1,0,1,1149,1149,100,100,1
1150,1,1,1,1,0,520,1,0,1,1150,1150,100,100,1
1151,1,1,1,1,0,520,1,0,1,1151,1151,100,100,1
1152,1,1,1,1,0,520,1,0,1,1152,1152,100,100,1
1153,1,1,1,1,0,520,1,0,1,1153,1153,100,100,1
1154,1,1,1,1,0,520,1,0,1,1154,1154,100,100,1
1155,1,1,1,1,0,520,1,0,1,1155,1155,100,100,1
1156,1,1,1,1,0,520,1,0,1,1156,1156,100,100,1
1157,1,1,1,1,0,520,1,0,1,1157,1157,100,100,1
1158,1,1,1,1,0,520,1,0,1,1158,1158,100,100,1
1159,1,1,1,1,0,520,1,0,1,1159,1159,100,100,1
1160,1,1,1,1,0,520,1,0,1,1160,1160,100,100,1
1161,1,1,1,1,0,520,1,0,1,1161,1161,100,100,1
1162,1,1,1,1,0,520,1,0,1,1162,1162,100,100,1
1163,1,1,1,1,0,520,1,0,1,1163,1163,100,100,1
1164,1,1,1,1,0,520,1,0,1,1164,1164,100,100,1
1165,1,1,1,1,0,520,1,0,1,1165,1165,100,100,1
1166,1,1,1,1,0,520,1,0,1,1166,1166,100,100,1
1167,1,1,1,1,0,520,1,0,1,1167,1167,100,100,1
1168,1,1,1,1,0,520,1,0,1,1168,1168,100,100,1
1169,1,1,1,1,0,520,1,0,1,1169,1169,100,100,1
1170,1,1,1,1,0,520,1,0,1,1170,1170,100,100,1
1171,1,1,1,1,0,520,1,0,1,1171,1171,100,100,1
1172,1,1,1,1,0,520,1,0,1,1172,1172,100,100,1
1173,1,1,1,1,0,520,1,0,1,1173,1173,100,100,1
1174,1,1,1,1,0,520,1,0,1,1174,1174,100,100,1
1175,1,1,1,1,0,520,1,0,1,1175,1175,100,100,1
1176,1,1,1,1,0,520,1,0,1,1176,1176,100,100,1
1177,1,1,1,1,0,520,1,0,1,1177,1177,100,100,1
1178,1,1,1,1,0,520,1,0,1,1178,1178,100,100,1
1179,1,1,1,1,0,520,1,0,1,1179,1179,100,100,1
1180,1,1,1,1,0,520,1,0,1,1180,1180,100,100,1
1181,1,1,1,1,0,520,1,0,1,1181,1181,100,100,1
1182,1,1,1,1,0,520,1,0,1,1182,1182,100,100,1
1183,1,1,1,1,0,520,1,0,1,1183,1183,100,100,1
1184,1,1,1,1,0,520,1,0,1,1184,1184,100,100,1
1185,1,1,1,1,0,520,1,0,1,1185,1185,100,100,1
1186,1,1,1,1,0,520,1,0,1,1186,1186,100,100,1
1187,1,1,1,1,0,520,1,0,1,1187,1187,100,100,1
1188,1,1,1,1,0,520,1,0,1,1188,1188,100,100,1
1189,1,1,1,1,0,520,1,0,1,1189,1189,100,100,1
1190,1,1,1,1,0,520,1,0,1,1190,1190,100,100,1
1191,1,1,1,1,0,520,1,0,1,1191,1191,100,100,1
1192,1,1,1,1,0,520,1,0,1,1192,1192,100,100,1
1193,1,1,1,1,0,520,1,0,1,1193,1193,100,100,1
1194,1,1,1,1,0,520,1,0,1,1194,1194,100,100,1
1195,1,1,1,1,0,520,1,0,1,1195,1195,100,100,1
1196,1,1,1,1,0,520,1,0,1,1196,1196,100,100,1
1197,1,1,1,1,0,520,1,0,1,1197,1197,100,100,1
1198,1,1,1,1,0,520,1,0,1,1198,1198,100,100,1
1199,1,1,1,1,0,520,1,0,1,1199,1199,100,100,1
1200,1,1,1,1,0,520,1,0,1,1200,1200,100,100,1
