time_ms,app_state,surface_state,faults,drive_command_native,left_drive_command_native,right_drive_command_native,steering_offset_us,steering_pulse_us,suction_mode,steering_left_pulse_us,steering_right_pulse_us,logical_suction_request,hardware_suction_output,adhesion_risk,state_elapsed_ms,transition_candidate,transition_up_observed,kill_switch,track_mode,line_error_filtered,error_rate,fuzzy_kp,fuzzy_ki,fuzzy_kd,left_speed_target,right_speed_target,left_speed_measured,right_speed_measured
1,0,0,0,0,0,0,0,1510,0,1510,1510,0,0,1000,0,0,0,0,0,0,0,115,0,70,0,0,100,100
2,1,1,0,0,0,0,0,1510,0,1510,1510,0,0,0,0,0,0,0,0,0,0,115,0,70,0,0,100,100
3,1,1,0,0,0,0,0,1510,0,1510,1510,0,0,0,0,0,0,0,0,0,0,115,0,70,0,0,100,100
4,2,1,0,0,0,0,0,1510,0,1510,1510,0,0,0,0,0,0,0,0,0,0,115,0,70,0,0,100,100
5,2,1,0,0,0,0,0,1510,0,1510,1510,0,0,0,0,0,0,0,0,0,0,115,0,70,0,0,100,100
6,3,1,0,0,0,0,0,1510,0,1510,1510,0,0,0,0,0,0,0,0,0,0,115,0,70,0,0,100,100
7,3,1,0,0,0,0,0,1510,0,1510,1510,0,0,0,0,0,0,0,0,0,0,115,0,70,0,0,100,100
8,3,1,0,0,0,0,0,1510,0,1510,1510,0,0,0,2,0,0,0,0,0,0,115,0,70,0,0,100,100
9,3,1,0,0,0,0,0,1510,0,1510,1510,0,0,0,2,0,0,0,0,0,0,115,0,70,0,0,100,100
10,3,1,0,0,0,0,0,1510,0,1510,1510,0,0,0,4,0,0,0,0,0,0,115,0,70,0,0,100,100
11,3,1,0,0,0,0,0,1510,0,1510,1510,0,0,0,4,0,0,0,0,0,0,115,0,70,0,0,100,100
12,3,1,0,0,0,0,0,1510,0,1510,1510,0,0,0,6,0,0,0,0,0,0,115,0,70,0,0,100,100
13,3,1,0,0,0,0,0,1510,0,1510,1510,0,0,0,6,0,0,0,0,0,0,115,0,70,0,0,100,100
14,3,1,0,0,0,0,0,1510,0,1510,1510,0,0,0,8,0,0,0,0,0,0,115,0,70,0,0,100,100
15,3,1,0,0,0,0,0,1510,0,1510,1510,0,0,0,8,0,0,0,0,0,0,115,0,70,0,0,100,100
16,3,1,0,0,0,0,0,1510,0,1510,1510,0,0,0,10,0,0,0,0,0,0,115,0,70,0,0,100,100
17,3,1,0,0,0,0,0,1510,0,1510,1510,0,0,0,10,0,0,0,0,0,0,115,0,70,0,0,100,100
18,3,1,0,0,0,0,0,1510,0,1510,1510,0,0,0,12,0,0,0,0,0,0,115,0,70,0,0,100,100
19,3,1,0,0,0,0,0,1510,0,1510,1510,0,0,0,12,0,0,0,0,0,0,115,0,70,0,0,100,100
20,3,1,0,0,0,0,0,1510,0,1510,1510,0,0,0,14,0,0,0,0,0,0,115,0,70,0,0,100,100
21,3,1,0,0,0,0,0,1510,0,1510,1510,0,0,0,14,0,0,0,0,0,0,115,0,70,0,0,100,100
22,3,1,0,0,0,0,0,1510,0,1510,1510,0,0,0,16,0,0,0,0,0,0,115,0,70,0,0,100,100
23,3,1,0,0,0,0,0,1510,0,1510,1510,0,0,0,16,0,0,0,0,0,0,115,0,70,0,0,100,100
24,3,1,0,0,0,0,0,1510,0,1510,1510,0,0,0,18,0,0,0,0,0,0,115,0,70,0,0,100,100
25,3,1,0,0,0,0,0,1510,0,1510,1510,0,0,0,18,0,0,0,0,0,0,115,0,70,0,0,100,100
26,3,1,0,0,0,0,0,1510,0,1510,1510,0,0,0,20,0,0,0,0,0,0,115,0,70,0,0,100,100
27,3,1,0,0,0,0,0,1510,0,1510,1510,0,0,0,20,0,0,0,0,0,0,115,0,70,0,0,100,100
28,3,1,0,0,0,0,0,1510,0,1510,1510,0,0,0,22,0,0,0,0,0,0,115,0,70,0,0,100,100
29,3,1,0,0,0,0,0,1510,0,1510,1510,0,0,0,22,0,0,0,0,0,0,115,0,70,0,0,100,100
30,3,1,0,0,0,0,0,1510,0,1510,1510,0,0,0,24,0,0,0,0,0,0,115,0,70,0,0,100,100
31,3,1,0,0,0,0,0,1510,0,1510,1510,0,0,0,24,0,0,0,0,0,0,115,0,70,0,0,100,100
32,3,1,0,0,0,0,0,1510,0,1510,1510,0,0,0,26,0,0,0,0,0,0,115,0,70,0,0,100,100
33,3,1,0,0,0,0,0,1510,0,1510,1510,0,0,0,26,0,0,0,0,0,0,115,0,70,0,0,100,100
34,3,1,0,0,0,0,0,1510,0,1510,1510,0,0,0,28,0,0,0,0,0,0,115,0,70,0,0,100,100
35,3,1,0,0,0,0,0,1510,0,1510,1510,0,0,0,28,0,0,0,0,0,0,115,0,70,0,0,100,100
36,3,1,0,0,0,0,0,1510,0,1510,1510,0,0,0,30,0,0,0,0,0,0,115,0,70,0,0,100,100
37,3,1,0,0,0,0,0,1510,0,1510,1510,0,0,0,30,0,0,0,0,0,0,115,0,70,0,0,100,100
38,3,1,0,0,0,0,0,1510,0,1510,1510,0,0,0,32,0,0,0,0,0,0,115,0,70,0,0,100,100
39,3,1,0,0,0,0,0,1510,0,1510,1510,0,0,0,32,0,0,0,0,0,0,115,0,70,0,0,100,100
40,3,1,0,0,0,0,0,1510,0,1510,1510,0,0,0,34,0,0,0,0,0,0,115,0,70,0,0,100,100
41,3,1,0,0,0,0,0,1510,0,1510,1510,0,0,0,34,0,0,0,0,0,0,115,0,70,0,0,100,100
42,3,1,0,0,0,0,0,1510,0,1510,1510,0,0,0,36,0,0,0,0,0,0,115,0,70,0,0,100,100
43,3,1,0,0,0,0,0,1510,0,1510,1510,0,0,0,36,0,0,0,0,0,0,115,0,70,0,0,100,100
44,3,1,0,0,0,0,0,1510,0,1510,1510,0,0,0,38,0,0,0,0,0,0,115,0,70,0,0,100,100
45,3,1,0,0,0,0,0,1510,0,1510,1510,0,0,0,38,0,0,0,0,0,0,115,0,70,0,0,100,100
46,3,1,0,0,0,0,0,1510,0,1510,1510,0,0,0,40,0,0,0,0,0,0,115,0,70,0,0,100,100
47,3,1,0,0,0,0,0,1510,0,1510,1510,0,0,0,40,0,0,0,0,0,0,115,0,70,0,0,100,100
48,3,1,0,0,0,0,0,1510,0,1510,1510,0,0,0,42,0,0,0,0,0,0,115,0,70,0,0,100,100
49,3,1,0,0,0,0,0,1510,0,1510,1510,0,0,0,42,0,0,0,0,0,0,115,0,70,0,0,100,100
50,3,1,0,0,0,0,0,1510,0,1510,1510,0,0,0,44,0,0,0,0,0,0,115,0,70,0,0,100,100
51,3,1,0,0,0,0,0,1510,0,1510,1510,0,0,0,44,0,0,0,0,0,0,115,0,70,0,0,100,100
52,3,1,0,0,0,0,0,1510,0,1510,1510,0,0,0,46,0,0,0,0,0,0,115,0,70,0,0,100,100
53,3,1,0,0,0,0,0,1510,0,1510,1510,0,0,0,46,0,0,0,0,0,0,115,0,70,0,0,100,100
54,3,1,0,0,0,0,0,1510,0,1510,1510,0,0,0,48,0,0,0,0,0,0,115,0,70,0,0,100,100
55,3,1,0,0,0,0,0,1510,0,1510,1510,0,0,0,48,0,0,0,0,0,0,115,0,70,0,0,100,100
56,3,1,0,0,0,0,0,1510,0,1510,1510,0,0,0,50,0,0,0,0,0,0,115,0,70,0,0,100,100
57,3,1,0,0,0,0,0,1510,0,1510,1510,0,0,0,50,0,0,0,0,0,0,115,0,70,0,0,100,100
58,3,1,0,0,0,0,0,1510,0,1510,1510,0,0,0,52,0,0,0,0,0,0,115,0,70,0,0,100,100
59,3,1,0,0,0,0,0,1510,0,1510,1510,0,0,0,52,0,0,0,0,0,0,115,0,70,0,0,100,100
60,3,1,0,0,0,0,0,1510,0,1510,1510,0,0,0,54,0,0,0,0,0,0,115,0,70,0,0,100,100
61,3,1,0,0,0,0,0,1510,0,1510,1510,0,0,0,54,0,0,0,0,0,0,115,0,70,0,0,100,100
62,3,1,0,0,0,0,0,1510,0,1510,1510,0,0,0,56,0,0,0,0,0,0,115,0,70,0,0,100,100
63,3,1,0,0,0,0,0,1510,0,1510,1510,0,0,0,56,0,0,0,0,0,0,115,0,70,0,0,100,100
64,3,1,0,0,0,0,0,1510,0,1510,1510,0,0,0,58,0,0,0,0,0,0,115,0,70,0,0,100,100
65,3,1,0,0,0,0,0,1510,0,1510,1510,0,0,0,58,0,0,0,0,0,0,115,0,70,0,0,100,100
66,3,1,0,0,0,0,0,1510,0,1510,1510,0,0,0,60,0,0,0,0,0,0,115,0,70,0,0,100,100
67,3,1,0,0,0,0,0,1510,0,1510,1510,0,0,0,60,0,0,0,0,0,0,115,0,70,0,0,100,100
68,3,1,0,0,0,0,0,1510,0,1510,1510,0,0,0,62,0,0,0,0,0,0,115,0,70,0,0,100,100
69,3,1,0,0,0,0,0,1510,0,1510,1510,0,0,0,62,0,0,0,0,0,0,115,0,70,0,0,100,100
70,3,1,0,0,0,0,0,1510,0,1510,1510,0,0,0,64,0,0,0,0,0,0,115,0,70,0,0,100,100
71,3,1,0,0,0,0,0,1510,0,1510,1510,0,0,0,64,0,0,0,0,0,0,115,0,70,0,0,100,100
72,3,1,0,0,0,0,0,1510,0,1510,1510,0,0,0,66,0,0,0,0,0,0,115,0,70,0,0,100,100
73,3,1,0,0,0,0,0,1510,0,1510,1510,0,0,0,66,0,0,0,0,0,0,115,0,70,0,0,100,100
74,3,1,0,0,0,0,0,1510,0,1510,1510,0,0,0,68,0,0,0,0,0,0,115,0,70,0,0,100,100
75,3,1,0,0,0,0,0,1510,0,1510,1510,0,0,0,68,0,0,0,0,0,0,115,0,70,0,0,100,100
76,3,1,0,0,0,0,0,1510,0,1510,1510,0,0,0,70,0,0,0,0,0,0,115,0,70,0,0,100,100
77,3,1,0,0,0,0,0,1510,0,1510,1510,0,0,0,70,0,0,0,0,0,0,115,0,70,0,0,100,100
78,3,1,0,0,0,0,0,1510,0,1510,1510,0,0,0,72,0,0,0,0,0,0,115,0,70,0,0,100,100
79,3,1,0,0,0,0,0,1510,0,1510,1510,0,0,0,72,0,0,0,0,0,0,115,0,70,0,0,100,100
80,3,1,0,0,0,0,0,1510,0,1510,1510,0,0,0,74,0,0,0,0,0,0,115,0,70,0,0,100,100
81,3,1,0,0,0,0,0,1510,0,1510,1510,0,0,0,74,0,0,0,0,0,0,115,0,70,0,0,100,100
82,3,1,0,0,0,0,0,1510,0,1510,1510,0,0,0,76,0,0,0,0,0,0,115,0,70,0,0,100,100
83,3,1,0,0,0,0,0,1510,0,1510,1510,0,0,0,76,0,0,0,0,0,0,115,0,70,0,0,100,100
84,3,1,0,0,0,0,0,1510,0,1510,1510,0,0,0,78,0,0,0,0,0,0,115,0,70,0,0,100,100
85,3,1,0,0,0,0,0,1510,0,1510,1510,0,0,0,78,0,0,0,0,0,0,115,0,70,0,0,100,100
86,3,1,0,0,0,0,0,1510,0,1510,1510,0,0,0,80,0,0,0,0,0,0,115,0,70,0,0,100,100
87,3,1,0,0,0,0,0,1510,0,1510,1510,0,0,0,80,0,0,0,0,0,0,115,0,70,0,0,100,100
88,3,1,0,0,0,0,0,1510,0,1510,1510,0,0,0,82,0,0,0,0,0,0,115,0,70,0,0,100,100
89,3,1,0,0,0,0,0,1510,0,1510,1510,0,0,0,82,0,0,0,0,0,0,115,0,70,0,0,100,100
90,3,1,0,0,0,0,0,1510,0,1510,1510,0,0,0,84,0,0,0,0,0,0,115,0,70,0,0,100,100
91,3,1,0,0,0,0,0,1510,0,1510,1510,0,0,0,84,0,0,0,0,0,0,115,0,70,0,0,100,100
92,3,1,0,0,0,0,0,1510,0,1510,1510,0,0,0,86,0,0,0,0,0,0,115,0,70,0,0,100,100
93,3,1,0,0,0,0,0,1510,0,1510,1510,0,0,0,86,0,0,0,0,0,0,115,0,70,0,0,100,100
94,3,1,0,0,0,0,0,1510,0,1510,1510,0,0,0,88,0,0,0,0,0,0,115,0,70,0,0,100,100
95,3,1,0,0,0,0,0,1510,0,1510,1510,0,0,0,88,0,0,0,0,0,0,115,0,70,0,0,100,100
96,3,1,0,0,0,0,0,1510,0,1510,1510,0,0,0,90,0,0,0,0,0,0,115,0,70,0,0,100,100
97,3,1,0,0,0,0,0,1510,0,1510,1510,0,0,0,90,0,0,0,0,0,0,115,0,70,0,0,100,100
98,3,1,0,0,0,0,0,1510,0,1510,1510,0,0,0,92,0,0,0,0,0,0,115,0,70,0,0,100,100
99,3,1,0,0,0,0,0,1510,0,1510,1510,0,0,0,92,0,0,0,0,0,0,115,0,70,0,0,100,100
100,3,1,0,0,0,0,0,1510,0,1510,1510,0,0,0,94,0,0,0,0,0,0,115,0,70,0,0,100,100
101,3,1,0,0,0,0,0,1510,0,1510,1510,0,0,0,94,0,0,0,0,0,0,115,0,70,0,0,100,100
102,4,1,0,12,12,12,0,1510,0,1510,1510,0,0,0,0,0,0,0,0,0,0,115,0,70,180,180,100,100
103,4,1,0,12,12,12,0,1510,0,1510,1510,0,0,0,0,0,0,0,0,0,0,115,0,70,180,180,100,100
104,5,1,0,24,24,24,0,1510,0,1510,1510,0,0,0,0,0,0,0,0,0,0,115,0,70,180,180,100,100
105,5,1,0,24,24,24,0,1510,0,1510,1510,0,0,0,0,0,0,0,0,0,0,115,0,70,180,180,100,100
106,5,1,0,35,35,35,0,1510,0,1510,1510,0,0,0,2,0,0,0,0,0,0,115,0,70,180,180,100,100
107,5,1,0,35,35,35,0,1510,0,1510,1510,0,0,0,2,0,0,0,0,0,0,115,0,70,180,180,100,100
108,5,1,0,38,38,38,0,1510,0,1510,1510,0,0,0,4,0,0,0,0,0,0,115,0,70,180,180,100,100
109,5,1,0,38,38,38,0,1510,0,1510,1510,0,0,0,4,0,0,0,0,0,0,115,0,70,180,180,100,100
110,5,1,0,41,41,41,0,1510,0,1510,1510,0,0,0,6,0,0,0,0,0,0,115,0,70,180,180,100,100
111,5,1,0,41,41,41,0,1510,0,1510,1510,0,0,0,6,0,0,0,0,0,0,115,0,70,180,180,100,100
112,5,1,0,44,44,44,0,1510,0,1510,1510,0,0,0,8,0,0,0,0,0,0,115,0,70,180,180,100,100
113,5,1,0,44,44,44,0,1510,0,1510,1510,0,0,0,8,0,0,0,0,0,0,115,0,70,180,180,100,100
114,5,1,0,48,48,48,0,1510,0,1510,1510,0,0,0,10,0,0,0,0,0,0,115,0,70,180,180,100,100
115,5,1,0,48,48,48,0,1510,0,1510,1510,0,0,0,10,0,0,0,0,0,0,115,0,70,180,180,100,100
116,5,1,0,51,51,51,0,1510,0,1510,1510,0,0,0,12,0,0,0,0,0,0,115,0,70,180,180,100,100
117,5,1,0,51,51,51,0,1510,0,1510,1510,0,0,0,12,0,0,0,0,0,0,115,0,70,180,180,100,100
118,5,1,0,54,54,54,0,1510,0,1510,1510,0,0,0,14,0,0,0,0,0,0,115,0,70,180,180,100,100
119,5,1,0,54,54,54,0,1510,0,1510,1510,0,0,0,14,0,0,0,0,0,0,115,0,70,180,180,100,100
120,5,1,0,57,57,57,0,1510,0,1510,1510,0,0,0,16,0,0,0,0,0,0,115,0,70,180,180,100,100
121,5,1,0,57,57,57,0,1510,0,1510,1510,0,0,0,16,0,0,0,0,0,0,115,0,70,180,180,100,100
122,5,1,0,60,60,60,0,1510,0,1510,1510,0,0,0,18,0,0,0,0,0,0,115,0,70,180,180,100,100
123,5,1,0,60,60,60,0,1510,0,1510,1510,0,0,0,18,0,0,0,0,0,0,115,0,70,180,180,100,100
124,5,1,0,64,64,64,0,1510,0,1510,1510,0,0,0,20,0,0,0,0,0,0,115,0,70,180,180,100,100
125,5,1,0,64,64,64,0,1510,0,1510,1510,0,0,0,20,0,0,0,0,0,0,115,0,70,180,180,100,100
126,5,1,0,67,67,67,0,1510,0,1510,1510,0,0,0,22,0,0,0,0,0,0,115,0,70,180,180,100,100
127,5,1,0,67,67,67,0,1510,0,1510,1510,0,0,0,22,0,0,0,0,0,0,115,0,70,180,180,100,100
128,5,1,0,70,70,70,0,1510,0,1510,1510,0,0,0,24,0,0,0,0,0,0,115,0,70,180,180,100,100
129,5,1,0,70,70,70,0,1510,0,1510,1510,0,0,0,24,0,0,0,0,0,0,115,0,70,180,180,100,100
130,5,1,0,73,73,73,0,1510,0,1510,1510,0,0,0,26,0,0,0,0,0,0,115,0,70,180,180,100,100
131,5,1,0,73,73,73,0,1510,0,1510,1510,0,0,0,26,0,0,0,0,0,0,115,0,70,180,180,100,100
132,5,1,0,76,76,76,0,1510,0,1510,1510,0,0,0,28,0,0,0,0,0,0,115,0,70,180,180,100,100
133,5,1,0,76,76,76,0,1510,0,1510,1510,0,0,0,28,0,0,0,0,0,0,115,0,70,180,180,100,100
134,5,1,0,80,80,80,0,1510,0,1510,1510,0,0,0,30,0,0,0,0,0,0,115,0,70,180,180,100,100
135,5,1,0,80,80,80,0,1510,0,1510,1510,0,0,0,30,0,0,0,0,0,0,115,0,70,180,180,100,100
136,5,1,0,83,83,83,0,1510,0,1510,1510,0,0,0,32,0,0,0,0,0,0,115,0,70,180,180,100,100
137,5,1,0,83,83,83,0,1510,0,1510,1510,0,0,0,32,0,0,0,0,0,0,115,0,70,180,180,100,100
138,5,1,0,86,86,86,0,1510,0,1510,1510,0,0,0,34,0,0,0,0,0,0,115,0,70,180,180,100,100
139,5,1,0,86,86,86,0,1510,0,1510,1510,0,0,0,34,0,0,0,0,0,0,115,0,70,180,180,100,100
140,5,1,0,89,89,89,0,1510,0,1510,1510,0,0,0,36,0,0,0,0,0,0,115,0,70,180,180,100,100
141,5,1,0,89,89,89,0,1510,0,1510,1510,0,0,0,36,0,0,0,0,0,0,115,0,70,180,180,100,100
142,5,1,0,92,92,92,0,1510,0,1510,1510,0,0,0,38,0,0,0,0,0,0,115,0,70,180,180,100,100
143,5,1,0,92,92,92,0,1510,0,1510,1510,0,0,0,38,0,0,0,0,0,0,115,0,70,180,180,100,100
144,5,1,0,96,96,96,0,1510,0,1510,1510,0,0,0,40,0,0,0,0,0,0,115,0,70,180,180,100,100
145,5,1,0,96,96,96,0,1510,0,1510,1510,0,0,0,40,0,0,0,0,0,0,115,0,70,180,180,100,100
146,5,1,0,99,99,99,0,1510,0,1510,1510,0,0,0,42,0,0,0,0,0,0,115,0,70,180,180,100,100
147,5,1,0,99,99,99,0,1510,0,1510,1510,0,0,0,42,0,0,0,0,0,0,115,0,70,180,180,100,100
148,5,1,0,102,102,102,0,1510,0,1510,1510,0,0,0,44,0,0,0,0,0,0,115,0,70,180,180,100,100
149,5,1,0,102,102,102,0,1510,0,1510,1510,0,0,0,44,0,0,0,0,0,0,115,0,70,180,180,100,100
150,5,1,0,105,105,105,0,1510,0,1510,1510,0,0,0,46,0,0,0,0,0,0,115,0,70,180,180,100,100
151,5,1,0,105,105,105,0,1510,0,1510,1510,0,0,0,46,0,0,0,0,0,0,115,0,70,180,180,100,100
152,5,1,0,108,108,108,0,1510,0,1510,1510,0,0,0,48,0,0,0,0,0,0,115,0,70,180,180,100,100
153,5,1,0,108,108,108,0,1510,0,1510,1510,0,0,0,48,0,0,0,0,0,0,115,0,70,180,180,100,100
154,5,1,0,112,112,112,0,1510,0,1510,1510,0,0,0,50,0,0,0,0,0,0,115,0,70,180,180,100,100
155,5,1,0,112,112,112,0,1510,0,1510,1510,0,0,0,50,0,0,0,0,0,0,115,0,70,180,180,100,100
156,5,1,0,115,115,115,0,1510,0,1510,1510,0,0,0,52,0,0,0,0,0,0,115,0,70,180,180,100,100
157,5,1,0,115,115,115,0,1510,0,1510,1510,0,0,0,52,0,0,0,0,0,0,115,0,70,180,180,100,100
158,5,1,0,118,118,118,0,1510,0,1510,1510,0,0,0,54,0,0,0,0,0,0,115,0,70,180,180,100,100
159,5,1,0,118,118,118,0,1510,0,1510,1510,0,0,0,54,0,0,0,0,0,0,115,0,70,180,180,100,100
160,5,1,0,121,121,121,0,1510,0,1510,1510,0,0,0,56,0,0,0,0,0,0,115,0,70,180,180,100,100
161,5,1,0,121,121,121,0,1510,0,1510,1510,0,0,0,56,0,0,0,0,0,0,115,0,70,180,180,100,100
162,5,1,0,124,124,124,0,1510,0,1510,1510,0,0,0,58,0,0,0,0,0,0,115,0,70,180,180,100,100
163,5,1,0,124,124,124,0,1510,0,1510,1510,0,0,0,58,0,0,0,0,0,0,115,0,70,180,180,100,100
164,5,1,0,128,128,128,0,1510,0,1510,1510,0,0,0,60,0,0,0,0,0,0,115,0,70,180,180,100,100
165,5,1,0,128,128,128,0,1510,0,1510,1510,0,0,0,60,0,0,0,0,0,0,115,0,70,180,180,100,100
166,5,1,0,131,131,131,0,1510,0,1510,1510,0,0,0,62,0,0,0,0,0,0,115,0,70,180,180,100,100
167,5,1,0,131,131,131,0,1510,0,1510,1510,0,0,0,62,0,0,0,0,0,0,115,0,70,180,180,100,100
168,5,1,0,134,134,134,0,1510,0,1510,1510,0,0,0,64,0,0,0,0,0,0,115,0,70,180,180,100,100
169,5,1,0,134,134,134,0,1510,0,1510,1510,0,0,0,64,0,0,0,0,0,0,115,0,70,180,180,100,100
170,5,1,0,137,137,137,0,1510,0,1510,1510,0,0,0,66,0,0,0,0,0,0,115,0,70,180,180,100,100
171,5,1,0,137,137,137,0,1510,0,1510,1510,0,0,0,66,0,0,0,0,0,0,115,0,70,180,180,100,100
172,5,1,0,140,140,140,0,1510,0,1510,1510,0,0,0,68,0,0,0,0,0,0,115,0,70,180,180,100,100
173,5,1,0,140,140,140,0,1510,0,1510,1510,0,0,0,68,0,0,0,0,0,0,115,0,70,180,180,100,100
174,5,1,0,144,144,144,0,1510,0,1510,1510,0,0,0,70,0,0,0,0,0,0,115,0,70,180,180,100,100
175,5,1,0,144,144,144,0,1510,0,1510,1510,0,0,0,70,0,0,0,0,0,0,115,0,70,180,180,100,100
176,5,1,0,145,145,145,0,1510,0,1510,1510,0,0,0,72,0,0,0,0,0,0,115,0,70,180,180,100,100
177,5,1,0,145,145,145,0,1510,0,1510,1510,0,0,0,72,0,0,0,0,0,0,115,0,70,180,180,100,100
178,5,1,0,145,145,145,0,1510,0,1510,1510,0,0,0,74,0,0,0,0,0,0,115,0,70,180,180,100,100
179,5,1,0,145,145,145,0,1510,0,1510,1510,0,0,0,74,0,0,0,0,0,0,115,0,70,180,180,100,100
180,5,1,0,145,145,145,0,1510,0,1510,1510,0,0,0,76,0,0,0,0,0,0,115,0,70,180,180,100,100
181,5,1,0,145,145,145,0,1510,0,1510,1510,0,0,0,76,0,0,0,0,0,0,115,0,70,180,180,100,100
182,5,1,0,145,145,145,0,1510,0,1510,1510,0,0,0,78,0,0,0,0,0,0,115,0,70,180,180,100,100
183,5,1,0,145,145,145,0,1510,0,1510,1510,0,0,0,78,0,0,0,0,0,0,115,0,70,180,180,100,100
184,5,1,0,145,145,145,0,1510,0,1510,1510,0,0,0,80,0,0,0,0,0,0,115,0,70,180,180,100,100
185,5,1,0,145,145,145,0,1510,0,1510,1510,0,0,0,80,0,0,0,0,0,0,115,0,70,180,180,100,100
186,5,1,0,145,145,145,0,1510,0,1510,1510,0,0,0,82,0,0,0,0,0,0,115,0,70,180,180,100,100
187,5,1,0,145,145,145,0,1510,0,1510,1510,0,0,0,82,0,0,0,0,0,0,115,0,70,180,180,100,100
188,5,1,0,145,145,145,0,1510,0,1510,1510,0,0,0,84,0,0,0,0,0,0,115,0,70,180,180,100,100
189,5,1,0,145,145,145,0,1510,0,1510,1510,0,0,0,84,0,0,0,0,0,0,115,0,70,180,180,100,100
190,5,1,0,145,145,145,0,1510,0,1510,1510,0,0,0,86,0,0,0,0,0,0,115,0,70,180,180,100,100
191,5,1,0,145,145,145,0,1510,0,1510,1510,0,0,0,86,0,0,0,0,0,0,115,0,70,180,180,100,100
192,5,1,0,145,145,145,0,1510,0,1510,1510,0,0,0,88,0,0,0,0,0,0,115,0,70,180,180,100,100
193,5,1,0,145,145,145,0,1510,0,1510,1510,0,0,0,88,0,0,0,0,0,0,115,0,70,180,180,100,100
194,5,1,0,145,145,145,0,1510,0,1510,1510,0,0,0,90,0,0,0,0,0,0,115,0,70,180,180,100,100
195,5,1,0,145,145,145,0,1510,0,1510,1510,0,0,0,90,0,0,0,0,0,0,115,0,70,180,180,100,100
196,5,1,0,145,145,145,0,1510,0,1510,1510,0,0,0,92,0,0,0,0,0,0,115,0,70,180,180,100,100
197,5,1,0,145,145,145,0,1510,0,1510,1510,0,0,0,92,0,0,0,0,0,0,115,0,70,180,180,100,100
198,5,1,0,145,145,145,0,1510,0,1510,1510,0,0,0,94,0,0,0,0,0,0,115,0,70,180,180,100,100
199,5,1,0,145,145,145,0,1510,0,1510,1510,0,0,0,94,0,0,0,0,0,0,115,0,70,180,180,100,100
200,5,1,0,145,145,145,0,1510,0,1510,1510,0,0,0,96,0,0,0,0,0,0,115,0,70,180,180,100,100
201,5,1,0,145,145,145,0,1510,0,1510,1510,0,0,0,96,0,0,0,0,0,0,115,0,70,180,180,100,100
202,5,1,0,145,145,145,0,1510,0,1510,1510,0,0,0,98,0,0,0,0,0,0,115,0,70,180,180,100,100
203,5,1,0,145,145,145,0,1510,0,1510,1510,0,0,0,98,0,0,0,0,0,0,115,0,70,180,180,100,100
204,5,1,0,145,145,145,0,1510,0,1510,1510,0,0,0,100,0,0,0,0,0,0,115,0,70,180,180,100,100
205,5,1,0,145,145,145,0,1510,0,1510,1510,0,0,0,100,0,0,0,0,0,0,115,0,70,180,180,100,100
206,5,1,0,145,145,145,0,1510,0,1510,1510,0,0,0,102,0,0,0,0,0,0,115,0,70,180,180,100,100
207,5,1,0,145,145,145,0,1510,0,1510,1510,0,0,0,102,0,0,0,0,0,0,115,0,70,180,180,100,100
208,5,1,0,145,145,145,0,1510,0,1510,1510,0,0,0,104,0,0,0,0,0,0,115,0,70,180,180,100,100
209,5,1,0,145,145,145,0,1510,0,1510,1510,0,0,0,104,0,0,0,0,0,0,115,0,70,180,180,100,100
210,5,1,0,145,145,145,0,1510,0,1510,1510,0,0,0,106,0,0,0,0,0,0,115,0,70,180,180,100,100
211,5,1,0,145,145,145,0,1510,0,1510,1510,0,0,0,106,0,0,0,0,0,0,115,0,70,180,180,100,100
212,5,1,0,145,145,145,0,1510,0,1510,1510,0,0,0,108,0,0,0,0,0,0,115,0,70,180,180,100,100
213,5,1,0,145,145,145,0,1510,0,1510,1510,0,0,0,108,0,0,0,0,0,0,115,0,70,180,180,100,100
214,5,1,0,145,145,145,0,1510,0,1510,1510,0,0,0,110,0,0,0,0,0,0,115,0,70,180,180,100,100
215,5,1,0,145,145,145,0,1510,0,1510,1510,0,0,0,110,0,0,0,0,0,0,115,0,70,180,180,100,100
216,5,1,0,145,145,145,0,1510,0,1510,1510,0,0,0,112,0,0,0,0,0,0,115,0,70,180,180,100,100
217,5,1,0,145,145,145,0,1510,0,1510,1510,0,0,0,112,0,0,0,0,0,0,115,0,70,180,180,100,100
218,5,1,0,145,145,145,0,1510,0,1510,1510,0,0,0,114,0,0,0,0,0,0,115,0,70,180,180,100,100
219,5,1,0,145,145,145,0,1510,0,1510,1510,0,0,0,114,0,0,0,0,0,0,115,0,70,180,180,100,100
220,5,1,0,145,145,145,0,1510,0,1510,1510,0,0,0,116,1,0,0,0,0,0,115,0,70,180,180,100,100
221,5,1,0,145,145,145,0,1510,0,1510,1510,0,0,0,116,1,0,0,0,0,0,115,0,70,180,180,100,100
222,5,1,0,145,145,145,0,1510,0,1510,1510,0,0,0,118,1,0,0,0,0,0,115,0,70,180,180,100,100
223,5,1,0,145,145,145,0,1510,0,1510,1510,0,0,0,118,1,0,0,0,0,0,115,0,70,180,180,100,100
224,5,1,0,145,145,145,0,1510,0,1510,1510,0,0,0,120,1,0,0,0,0,0,115,0,70,180,180,100,100
225,5,1,0,145,145,145,0,1510,0,1510,1510,0,0,0,120,1,0,0,0,0,0,115,0,70,180,180,100,100
226,5,1,0,145,145,145,0,1510,0,1510,1510,0,0,0,122,1,0,0,0,0,0,115,0,70,180,180,100,100
227,5,1,0,145,145,145,0,1510,0,1510,1510,0,0,0,122,1,0,0,0,0,0,115,0,70,180,180,100,100
228,5,1,0,145,145,145,0,1510,0,1510,1510,0,0,0,124,1,0,0,0,0,0,115,0,70,180,180,100,100
229,5,1,0,145,145,145,0,1510,0,1510,1510,0,0,0,124,1,0,0,0,0,0,115,0,70,180,180,100,100
230,5,1,0,145,145,145,0,1510,0,1510,1510,0,0,0,126,1,0,0,0,0,0,115,0,70,180,180,100,100
231,5,1,0,145,145,145,0,1510,0,1510,1510,0,0,0,126,1,0,0,0,0,0,115,0,70,180,180,100,100
232,5,1,0,145,145,145,0,1510,0,1510,1510,0,0,0,128,1,0,0,0,0,0,115,0,70,180,180,100,100
233,5,1,0,145,145,145,0,1510,0,1510,1510,0,0,0,128,1,0,0,0,0,0,115,0,70,180,180,100,100
234,5,1,0,145,145,145,0,1510,0,1510,1510,0,0,0,130,1,0,0,0,0,0,115,0,70,180,180,100,100
235,5,1,0,145,145,145,0,1510,0,1510,1510,0,0,0,130,1,0,0,0,0,0,115,0,70,180,180,100,100
236,5,1,0,145,145,145,0,1510,0,1510,1510,0,0,0,132,1,0,0,0,0,0,115,0,70,180,180,100,100
237,5,1,0,145,145,145,0,1510,0,1510,1510,0,0,0,132,1,0,0,0,0,0,115,0,70,180,180,100,100
238,5,1,0,145,145,145,0,1510,0,1510,1510,0,0,0,134,1,0,0,0,0,0,115,0,70,180,180,100,100
239,5,1,0,145,145,145,0,1510,0,1510,1510,0,0,0,134,1,0,0,0,0,0,115,0,70,180,180,100,100
240,5,1,0,145,145,145,0,1510,0,1510,1510,0,0,0,136,1,0,0,0,0,0,115,0,70,180,180,100,100
241,5,1,0,145,145,145,0,1510,0,1510,1510,0,0,0,136,1,0,0,0,0,0,115,0,70,180,180,100,100
242,5,1,0,145,145,145,0,1510,0,1510,1510,0,0,0,138,1,0,0,0,0,0,115,0,70,180,180,100,100
243,5,1,0,145,145,145,0,1510,0,1510,1510,0,0,0,138,1,0,0,0,0,0,115,0,70,180,180,100,100
244,5,1,0,145,145,145,0,1510,0,1510,1510,0,0,0,140,1,0,0,0,0,0,115,0,70,180,180,100,100
245,5,1,0,145,145,145,0,1510,0,1510,1510,0,0,0,140,1,0,0,0,0,0,115,0,70,180,180,100,100
246,5,1,0,145,145,145,0,1510,0,1510,1510,0,0,0,142,1,0,0,0,0,0,115,0,70,180,180,100,100
247,5,1,0,145,145,145,0,1510,0,1510,1510,0,0,0,142,1,0,0,0,0,0,115,0,70,180,180,100,100
248,5,1,0,145,145,145,0,1510,0,1510,1510,0,0,0,144,1,0,0,0,0,0,115,0,70,180,180,100,100
249,5,1,0,145,145,145,0,1510,0,1510,1510,0,0,0,144,1,0,0,0,0,0,115,0,70,180,180,100,100
250,5,1,0,145,145,145,0,1510,0,1510,1510,0,0,0,146,1,0,0,0,0,0,115,0,70,180,180,100,100
251,5,1,0,145,145,145,0,1510,0,1510,1510,0,0,0,146,1,0,0,0,0,0,115,0,70,180,180,100,100
252,5,1,0,145,145,145,0,1510,0,1510,1510,0,0,0,148,1,0,0,0,0,0,115,0,70,180,180,100,100
253,5,1,0,145,145,145,0,1510,0,1510,1510,0,0,0,148,1,0,0,0,0,0,115,0,70,180,180,100,100
254,5,1,0,145,145,145,0,1510,0,1510,1510,0,0,0,150,1,0,0,0,0,0,115,0,70,180,180,100,100
255,5,1,0,145,145,145,0,1510,0,1510,1510,0,0,0,150,1,0,0,0,0,0,115,0,70,180,180,100,100
256,5,1,0,145,145,145,0,1510,0,1510,1510,0,0,0,152,1,0,0,0,0,0,115,0,70,180,180,100,100
257,5,1,0,145,145,145,0,1510,0,1510,1510,0,0,0,152,1,0,0,0,0,0,115,0,70,180,180,100,100
258,5,1,0,145,145,145,0,1510,0,1510,1510,0,0,0,154,1,0,0,0,0,0,115,0,70,180,180,100,100
259,5,1,0,145,145,145,0,1510,0,1510,1510,0,0,0,154,1,0,0,0,0,0,115,0,70,180,180,100,100
260,5,1,0,145,145,145,0,1510,0,1510,1510,0,0,0,156,1,0,0,0,0,0,115,0,70,180,180,100,100
261,5,1,0,145,145,145,0,1510,0,1510,1510,0,0,0,156,1,0,0,0,0,0,115,0,70,180,180,100,100
262,5,1,0,145,145,145,0,1510,0,1510,1510,0,0,0,158,1,0,0,0,0,0,115,0,70,180,180,100,100
263,5,1,0,145,145,145,0,1510,0,1510,1510,0,0,0,158,1,0,0,0,0,0,115,0,70,180,180,100,100
264,5,1,0,145,145,145,0,1510,0,1510,1510,0,0,0,160,1,0,0,0,0,0,115,0,70,180,180,100,100
265,5,1,0,145,145,145,0,1510,0,1510,1510,0,0,0,160,1,0,0,0,0,0,115,0,70,180,180,100,100
266,5,1,0,145,145,145,0,1510,0,1510,1510,0,0,0,162,1,0,0,0,0,0,115,0,70,180,180,100,100
267,5,1,0,145,145,145,0,1510,0,1510,1510,0,0,0,162,1,0,0,0,0,0,115,0,70,180,180,100,100
268,5,1,0,145,145,145,0,1510,0,1510,1510,0,0,0,164,1,0,0,0,0,0,115,0,70,180,180,100,100
269,5,1,0,145,145,145,0,1510,0,1510,1510,0,0,0,164,1,0,0,0,0,0,115,0,70,180,180,100,100
270,5,1,0,145,145,145,0,1510,0,1510,1510,0,0,0,166,1,0,0,0,0,0,115,0,70,180,180,100,100
271,5,1,0,145,145,145,0,1510,0,1510,1510,0,0,0,166,1,0,0,0,0,0,115,0,70,180,180,100,100
272,5,1,0,145,145,145,0,1510,0,1510,1510,0,0,0,168,1,0,0,0,0,0,115,0,70,180,180,100,100
273,5,1,0,145,145,145,0,1510,0,1510,1510,0,0,0,168,1,0,0,0,0,0,115,0,70,180,180,100,100
274,5,1,0,145,145,145,0,1510,0,1510,1510,0,0,0,170,1,0,0,0,0,0,115,0,70,180,180,100,100
275,5,1,0,145,145,145,0,1510,0,1510,1510,0,0,0,170,1,0,0,0,0,0,115,0,70,180,180,100,100
276,5,1,0,145,145,145,0,1510,0,1510,1510,0,0,0,172,1,0,0,0,0,0,115,0,70,180,180,100,100
277,5,1,0,145,145,145,0,1510,0,1510,1510,0,0,0,172,1,0,0,0,0,0,115,0,70,180,180,100,100
278,5,1,0,145,145,145,0,1510,0,1510,1510,0,0,0,174,1,0,0,0,0,0,115,0,70,180,180,100,100
279,5,1,0,145,145,145,0,1510,0,1510,1510,0,0,0,174,1,0,0,0,0,0,115,0,70,180,180,100,100
280,5,1,0,145,145,145,0,1510,0,1510,1510,0,0,0,176,1,0,0,0,0,0,115,0,70,180,180,100,100
281,5,1,0,145,145,145,0,1510,0,1510,1510,0,0,0,176,1,0,0,0,0,0,115,0,70,180,180,100,100
282,5,1,0,145,145,145,0,1510,0,1510,1510,0,0,0,178,1,0,0,0,0,0,115,0,70,180,180,100,100
283,5,1,0,145,145,145,0,1510,0,1510,1510,0,0,0,178,1,0,0,0,0,0,115,0,70,180,180,100,100
284,5,1,0,145,145,145,0,1510,0,1510,1510,0,0,0,180,1,0,0,0,0,0,115,0,70,180,180,100,100
285,5,1,0,145,145,145,0,1510,0,1510,1510,0,0,0,180,1,0,0,0,0,0,115,0,70,180,180,100,100
286,5,1,0,145,145,145,0,1510,0,1510,1510,0,0,0,182,1,0,0,0,0,0,115,0,70,180,180,100,100
287,5,1,0,145,145,145,0,1510,0,1510,1510,0,0,0,182,1,0,0,0,0,0,115,0,70,180,180,100,100
288,5,1,0,145,145,145,0,1510,0,1510,1510,0,0,0,184,1,0,0,0,0,0,115,0,70,180,180,100,100
289,5,1,0,145,145,145,0,1510,0,1510,1510,0,0,0,184,1,0,0,0,0,0,115,0,70,180,180,100,100
290,5,1,0,145,145,145,0,1510,0,1510,1510,0,0,0,186,1,0,0,0,0,0,115,0,70,180,180,100,100
291,5,1,0,145,145,145,0,1510,0,1510,1510,0,0,0,186,1,0,0,0,0,0,115,0,70,180,180,100,100
292,5,1,0,145,145,145,0,1510,0,1510,1510,0,0,0,188,1,0,0,0,0,0,115,0,70,180,180,100,100
293,5,1,0,145,145,145,0,1510,0,1510,1510,0,0,0,188,1,0,0,0,0,0,115,0,70,180,180,100,100
294,5,1,0,145,145,145,0,1510,0,1510,1510,0,0,0,190,1,0,0,0,0,0,115,0,70,180,180,100,100
295,5,1,0,145,145,145,0,1510,0,1510,1510,0,0,0,190,1,0,0,0,0,0,115,0,70,180,180,100,100
296,5,1,0,145,145,145,0,1510,0,1510,1510,0,0,0,192,1,0,0,0,0,0,115,0,70,180,180,100,100
297,5,1,0,145,145,145,0,1510,0,1510,1510,0,0,0,192,1,0,0,0,0,0,115,0,70,180,180,100,100
298,5,1,0,145,145,145,0,1510,0,1510,1510,0,0,0,194,1,0,0,0,0,0,115,0,70,180,180,100,100
299,5,1,0,145,145,145,0,1510,0,1510,1510,0,0,0,194,1,0,0,0,0,0,115,0,70,180,180,100,100
300,5,1,0,145,145,145,0,1510,0,1510,1510,0,0,0,196,1,0,0,0,0,0,115,0,70,180,180,100,100
301,5,1,0,145,145,145,0,1510,0,1510,1510,0,0,0,196,1,0,0,0,0,0,115,0,70,180,180,100,100
302,17,1,128,0,0,0,0,1510,0,1510,1510,0,0,0,0,1,0,0,0,0,0,115,0,70,0,0,100,100
303,17,1,128,0,0,0,0,1510,0,1510,1510,0,0,0,0,1,0,0,0,0,0,115,0,70,0,0,100,100
304,17,1,128,0,0,0,0,1510,0,1510,1510,0,0,0,2,1,0,0,0,0,0,115,0,70,0,0,100,100
305,17,1,128,0,0,0,0,1510,0,1510,1510,0,0,0,2,1,0,0,0,0,0,115,0,70,0,0,100,100
306,17,1,128,0,0,0,0,1510,0,1510,1510,0,0,0,4,1,0,0,0,0,0,115,0,70,0,0,100,100
307,17,1,128,0,0,0,0,1510,0,1510,1510,0,0,0,4,1,0,0,0,0,0,115,0,70,0,0,100,100
308,17,1,128,0,0,0,0,1510,0,1510,1510,0,0,0,6,1,0,0,0,0,0,115,0,70,0,0,100,100
309,17,1,128,0,0,0,0,1510,0,1510,1510,0,0,0,6,1,0,0,0,0,0,115,0,70,0,0,100,100
310,17,1,128,0,0,0,0,1510,0,1510,1510,0,0,0,8,1,0,0,0,0,0,115,0,70,0,0,100,100
311,17,1,128,0,0,0,0,1510,0,1510,1510,0,0,0,8,1,0,0,0,0,0,115,0,70,0,0,100,100
312,17,1,128,0,0,0,0,1510,0,1510,1510,0,0,0,10,1,0,0,0,0,0,115,0,70,0,0,100,100
313,17,1,128,0,0,0,0,1510,0,1510,1510,0,0,0,10,1,0,0,0,0,0,115,0,70,0,0,100,100
314,17,1,128,0,0,0,0,1510,0,1510,1510,0,0,0,12,1,0,0,0,0,0,115,0,70,0,0,100,100
315,17,1,128,0,0,0,0,1510,0,1510,1510,0,0,0,12,1,0,0,0,0,0,115,0,70,0,0,100,100
316,17,1,128,0,0,0,0,1510,0,1510,1510,0,0,0,14,1,0,0,0,0,0,115,0,70,0,0,100,100
317,17,1,128,0,0,0,0,1510,0,1510,1510,0,0,0,14,1,0,0,0,0,0,115,0,70,0,0,100,100
318,17,1,128,0,0,0,0,1510,0,1510,1510,0,0,0,16,1,0,0,0,0,0,115,0,70,0,0,100,100
319,17,1,128,0,0,0,0,1510,0,1510,1510,0,0,0,16,1,0,0,0,0,0,115,0,70,0,0,100,100
320,17,1,128,0,0,0,0,1510,0,1510,1510,0,0,0,18,1,0,0,0,0,0,115,0,70,0,0,100,100
321,17,1,128,0,0,0,0,1510,0,1510,1510,0,0,0,18,1,0,0,0,0,0,115,0,70,0,0,100,100
322,17,1,128,0,0,0,0,1510,0,1510,1510,0,0,0,20,1,0,0,0,0,0,115,0,70,0,0,100,100
323,17,1,128,0,0,0,0,1510,0,1510,1510,0,0,0,20,1,0,0,0,0,0,115,0,70,0,0,100,100
324,17,1,128,0,0,0,0,1510,0,1510,1510,0,0,0,22,1,0,0,0,0,0,115,0,70,0,0,100,100
325,17,1,128,0,0,0,0,1510,0,1510,1510,0,0,0,22,1,0,0,0,0,0,115,0,70,0,0,100,100
326,17,1,128,0,0,0,0,1510,0,1510,1510,0,0,0,24,1,0,0,0,0,0,115,0,70,0,0,100,100
327,17,1,128,0,0,0,0,1510,0,1510,1510,0,0,0,24,1,0,0,0,0,0,115,0,70,0,0,100,100
328,17,1,128,0,0,0,0,1510,0,1510,1510,0,0,0,26,1,0,0,0,0,0,115,0,70,0,0,100,100
329,17,1,128,0,0,0,0,1510,0,1510,1510,0,0,0,26,1,0,0,0,0,0,115,0,70,0,0,100,100
330,17,1,128,0,0,0,0,1510,0,1510,1510,0,0,0,28,1,0,0,0,0,0,115,0,70,0,0,100,100
331,17,1,128,0,0,0,0,1510,0,1510,1510,0,0,0,28,1,0,0,0,0,0,115,0,70,0,0,100,100
332,17,1,128,0,0,0,0,1510,0,1510,1510,0,0,0,30,1,0,0,0,0,0,115,0,70,0,0,100,100
333,17,1,128,0,0,0,0,1510,0,1510,1510,0,0,0,30,1,0,0,0,0,0,115,0,70,0,0,100,100
334,17,1,128,0,0,0,0,1510,0,1510,1510,0,0,0,32,1,0,0,0,0,0,115,0,70,0,0,100,100
335,17,1,128,0,0,0,0,1510,0,1510,1510,0,0,0,32,1,0,0,0,0,0,115,0,70,0,0,100,100
336,17,1,128,0,0,0,0,1510,0,1510,1510,0,0,0,34,1,0,0,0,0,0,115,0,70,0,0,100,100
337,17,1,128,0,0,0,0,1510,0,1510,1510,0,0,0,34,1,0,0,0,0,0,115,0,70,0,0,100,100
338,17,1,128,0,0,0,0,1510,0,1510,1510,0,0,0,36,1,0,0,0,0,0,115,0,70,0,0,100,100
339,17,1,128,0,0,0,0,1510,0,1510,1510,0,0,0,36,1,0,0,0,0,0,115,0,70,0,0,100,100
340,17,1,128,0,0,0,0,1510,0,1510,1510,0,0,0,38,1,0,0,0,0,0,115,0,70,0,0,100,100
341,17,1,128,0,0,0,0,1510,0,1510,1510,0,0,0,38,1,0,0,0,0,0,115,0,70,0,0,100,100
342,17,1,128,0,0,0,0,1510,0,1510,1510,0,0,0,40,1,0,0,0,0,0,115,0,70,0,0,100,100
343,17,1,128,0,0,0,0,1510,0,1510,1510,0,0,0,40,1,0,0,0,0,0,115,0,70,0,0,100,100
344,17,1,128,0,0,0,0,1510,0,1510,1510,0,0,0,42,1,0,0,0,0,0,115,0,70,0,0,100,100
345,17,1,128,0,0,0,0,1510,0,1510,1510,0,0,0,42,1,0,0,0,0,0,115,0,70,0,0,100,100
346,17,1,128,0,0,0,0,1510,0,1510,1510,0,0,0,44,1,0,0,0,0,0,115,0,70,0,0,100,100
347,17,1,128,0,0,0,0,1510,0,1510,1510,0,0,0,44,1,0,0,0,0,0,115,0,70,0,0,100,100
348,17,1,128,0,0,0,0,1510,0,1510,1510,0,0,0,46,1,0,0,0,0,0,115,0,70,0,0,100,100
349,17,1,128,0,0,0,0,1510,0,1510,1510,0,0,0,46,1,0,0,0,0,0,115,0,70,0,0,100,100
350,17,1,128,0,0,0,0,1510,0,1510,1510,0,0,0,48,1,0,0,0,0,0,115,0,70,0,0,100,100
351,17,1,128,0,0,0,0,1510,0,1510,1510,0,0,0,48,1,0,0,0,0,0,115,0,70,0,0,100,100
352,17,1,128,0,0,0,0,1510,0,1510,1510,0,0,0,50,1,0,0,0,0,0,115,0,70,0,0,100,100
353,17,1,128,0,0,0,0,1510,0,1510,1510,0,0,0,50,1,0,0,0,0,0,115,0,70,0,0,100,100
354,17,1,128,0,0,0,0,1510,0,1510,1510,0,0,0,52,1,0,0,0,0,0,115,0,70,0,0,100,100
355,17,1,128,0,0,0,0,1510,0,1510,1510,0,0,0,52,1,0,0,0,0,0,115,0,70,0,0,100,100
356,17,1,128,0,0,0,0,1510,0,1510,1510,0,0,0,54,1,0,0,0,0,0,115,0,70,0,0,100,100
357,17,1,128,0,0,0,0,1510,0,1510,1510,0,0,0,54,1,0,0,0,0,0,115,0,70,0,0,100,100
358,17,1,128,0,0,0,0,1510,0,1510,1510,0,0,0,56,1,0,0,0,0,0,115,0,70,0,0,100,100
359,17,1,128,0,0,0,0,1510,0,1510,1510,0,0,0,56,1,0,0,0,0,0,115,0,70,0,0,100,100
360,17,1,128,0,0,0,0,1510,0,1510,1510,0,0,0,58,1,0,0,0,0,0,115,0,70,0,0,100,100
361,17,1,128,0,0,0,0,1510,0,1510,1510,0,0,0,58,1,0,0,0,0,0,115,0,70,0,0,100,100
362,17,1,128,0,0,0,0,1510,0,1510,1510,0,0,0,60,1,0,0,0,0,0,115,0,70,0,0,100,100
363,17,1,128,0,0,0,0,1510,0,1510,1510,0,0,0,60,1,0,0,0,0,0,115,0,70,0,0,100,100
364,17,1,128,0,0,0,0,1510,0,1510,1510,0,0,0,62,1,0,0,0,0,0,115,0,70,0,0,100,100
365,17,1,128,0,0,0,0,1510,0,1510,1510,0,0,0,62,1,0,0,0,0,0,115,0,70,0,0,100,100
366,17,1,128,0,0,0,0,1510,0,1510,1510,0,0,0,64,1,0,0,0,0,0,115,0,70,0,0,100,100
367,17,1,128,0,0,0,0,1510,0,1510,1510,0,0,0,64,1,0,0,0,0,0,115,0,70,0,0,100,100
368,17,1,128,0,0,0,0,1510,0,1510,1510,0,0,0,66,1,0,0,0,0,0,115,0,70,0,0,100,100
369,17,1,128,0,0,0,0,1510,0,1510,1510,0,0,0,66,1,0,0,0,0,0,115,0,70,0,0,100,100
370,17,1,128,0,0,0,0,1510,0,1510,1510,0,0,0,68,1,0,0,0,0,0,115,0,70,0,0,100,100
371,17,1,128,0,0,0,0,1510,0,1510,1510,0,0,0,68,1,0,0,0,0,0,115,0,70,0,0,100,100
372,17,1,128,0,0,0,0,1510,0,1510,1510,0,0,0,70,1,0,0,0,0,0,115,0,70,0,0,100,100
373,17,1,128,0,0,0,0,1510,0,1510,1510,0,0,0,70,1,0,0,0,0,0,115,0,70,0,0,100,100
374,17,1,128,0,0,0,0,1510,0,1510,1510,0,0,0,72,1,0,0,0,0,0,115,0,70,0,0,100,100
375,17,1,128,0,0,0,0,1510,0,1510,1510,0,0,0,72,1,0,0,0,0,0,115,0,70,0,0,100,100
376,17,1,128,0,0,0,0,1510,0,1510,1510,0,0,0,74,1,0,0,0,0,0,115,0,70,0,0,100,100
377,17,1,128,0,0,0,0,1510,0,1510,1510,0,0,0,74,1,0,0,0,0,0,115,0,70,0,0,100,100
378,17,1,128,0,0,0,0,1510,0,1510,1510,0,0,0,76,1,0,0,0,0,0,115,0,70,0,0,100,100
379,17,1,128,0,0,0,0,1510,0,1510,1510,0,0,0,76,1,0,0,0,0,0,115,0,70,0,0,100,100
380,17,1,128,0,0,0,0,1510,0,1510,1510,0,0,0,78,1,0,0,0,0,0,115,0,70,0,0,100,100
381,17,1,128,0,0,0,0,1510,0,1510,1510,0,0,0,78,1,0,0,0,0,0,115,0,70,0,0,100,100
382,17,1,128,0,0,0,0,1510,0,1510,1510,0,0,0,80,1,0,0,0,0,0,115,0,70,0,0,100,100
383,17,1,128,0,0,0,0,1510,0,1510,1510,0,0,0,80,1,0,0,0,0,0,115,0,70,0,0,100,100
384,17,1,128,0,0,0,0,1510,0,1510,1510,0,0,0,82,1,0,0,0,0,0,115,0,70,0,0,100,100
385,17,1,128,0,0,0,0,1510,0,1510,1510,0,0,0,82,1,0,0,0,0,0,115,0,70,0,0,100,100
386,17,1,128,0,0,0,0,1510,0,1510,1510,0,0,0,84,1,0,0,0,0,0,115,0,70,0,0,100,100
387,17,1,128,0,0,0,0,1510,0,1510,1510,0,0,0,84,1,0,0,0,0,0,115,0,70,0,0,100,100
388,17,1,128,0,0,0,0,1510,0,1510,1510,0,0,0,86,1,0,0,0,0,0,115,0,70,0,0,100,100
389,17,1,128,0,0,0,0,1510,0,1510,1510,0,0,0,86,1,0,0,0,0,0,115,0,70,0,0,100,100
390,17,1,128,0,0,0,0,1510,0,1510,1510,0,0,0,88,1,0,0,0,0,0,115,0,70,0,0,100,100
391,17,1,128,0,0,0,0,1510,0,1510,1510,0,0,0,88,1,0,0,0,0,0,115,0,70,0,0,100,100
392,17,1,128,0,0,0,0,1510,0,1510,1510,0,0,0,90,1,0,0,0,0,0,115,0,70,0,0,100,100
393,17,1,128,0,0,0,0,1510,0,1510,1510,0,0,0,90,1,0,0,0,0,0,115,0,70,0,0,100,100
394,17,1,128,0,0,0,0,1510,0,1510,1510,0,0,0,92,1,0,0,0,0,0,115,0,70,0,0,100,100
395,17,1,128,0,0,0,0,1510,0,1510,1510,0,0,0,92,1,0,0,0,0,0,115,0,70,0,0,100,100
396,17,1,128,0,0,0,0,1510,0,1510,1510,0,0,0,94,1,0,0,0,0,0,115,0,70,0,0,100,100
397,17,1,128,0,0,0,0,1510,0,1510,1510,0,0,0,94,1,0,0,0,0,0,115,0,70,0,0,100,100
398,17,1,128,0,0,0,0,1510,0,1510,1510,0,0,0,96,1,0,0,0,0,0,115,0,70,0,0,100,100
399,17,1,128,0,0,0,0,1510,0,1510,1510,0,0,0,96,1,0,0,0,0,0,115,0,70,0,0,100,100
400,17,1,128,0,0,0,0,1510,0,1510,1510,0,0,0,98,1,0,0,0,0,0,115,0,70,0,0,100,100
401,17,1,128,0,0,0,0,1510,0,1510,1510,0,0,0,98,1,0,0,0,0,0,115,0,70,0,0,100,100
402,17,1,128,0,0,0,0,1510,0,1510,1510,0,0,0,100,1,0,0,0,0,0,115,0,70,0,0,100,100
403,17,1,128,0,0,0,0,1510,0,1510,1510,0,0,0,100,1,0,0,0,0,0,115,0,70,0,0,100,100
404,17,1,128,0,0,0,0,1510,0,1510,1510,0,0,0,102,1,0,0,0,0,0,115,0,70,0,0,100,100
405,17,1,128,0,0,0,0,1510,0,1510,1510,0,0,0,102,1,0,0,0,0,0,115,0,70,0,0,100,100
406,17,1,128,0,0,0,0,1510,0,1510,1510,0,0,0,104,1,0,0,0,0,0,115,0,70,0,0,100,100
407,17,1,128,0,0,0,0,1510,0,1510,1510,0,0,0,104,1,0,0,0,0,0,115,0,70,0,0,100,100
408,17,1,128,0,0,0,0,1510,0,1510,1510,0,0,0,106,1,0,0,0,0,0,115,0,70,0,0,100,100
409,17,1,128,0,0,0,0,1510,0,1510,1510,0,0,0,106,1,0,0,0,0,0,115,0,70,0,0,100,100
410,17,1,128,0,0,0,0,1510,0,1510,1510,0,0,0,108,1,0,0,0,0,0,115,0,70,0,0,100,100
411,17,1,128,0,0,0,0,1510,0,1510,1510,0,0,0,108,1,0,0,0,0,0,115,0,70,0,0,100,100
412,17,1,128,0,0,0,0,1510,0,1510,1510,0,0,0,110,1,0,0,0,0,0,115,0,70,0,0,100,100
413,17,1,128,0,0,0,0,1510,0,1510,1510,0,0,0,110,1,0,0,0,0,0,115,0,70,0,0,100,100
414,17,1,128,0,0,0,0,1510,0,1510,1510,0,0,0,112,1,0,0,0,0,0,115,0,70,0,0,100,100
415,17,1,128,0,0,0,0,1510,0,1510,1510,0,0,0,112,1,0,0,0,0,0,115,0,70,0,0,100,100
416,17,1,128,0,0,0,0,1510,0,1510,1510,0,0,0,114,1,0,0,0,0,0,115,0,70,0,0,100,100
417,17,1,128,0,0,0,0,1510,0,1510,1510,0,0,0,114,1,0,0,0,0,0,115,0,70,0,0,100,100
418,17,1,128,0,0,0,0,1510,0,1510,1510,0,0,0,116,1,0,0,0,0,0,115,0,70,0,0,100,100
419,17,1,128,0,0,0,0,1510,0,1510,1510,0,0,0,116,1,0,0,0,0,0,115,0,70,0,0,100,100
420,17,1,128,0,0,0,0,1510,0,1510,1510,0,0,0,118,1,0,0,0,0,0,115,0,70,0,0,100,100
421,17,1,128,0,0,0,0,1510,0,1510,1510,0,0,0,118,1,0,0,0,0,0,115,0,70,0,0,100,100
422,17,1,128,0,0,0,0,1510,0,1510,1510,0,0,0,120,1,0,0,0,0,0,115,0,70,0,0,100,100
423,17,1,128,0,0,0,0,1510,0,1510,1510,0,0,0,120,1,0,0,0,0,0,115,0,70,0,0,100,100
424,17,1,128,0,0,0,0,1510,0,1510,1510,0,0,0,122,1,0,0,0,0,0,115,0,70,0,0,100,100
425,17,1,128,0,0,0,0,1510,0,1510,1510,0,0,0,122,1,0,0,0,0,0,115,0,70,0,0,100,100
426,17,1,128,0,0,0,0,1510,0,1510,1510,0,0,0,124,1,0,0,0,0,0,115,0,70,0,0,100,100
427,17,1,128,0,0,0,0,1510,0,1510,1510,0,0,0,124,1,0,0,0,0,0,115,0,70,0,0,100,100
428,17,1,128,0,0,0,0,1510,0,1510,1510,0,0,0,126,1,0,0,0,0,0,115,0,70,0,0,100,100
429,17,1,128,0,0,0,0,1510,0,1510,1510,0,0,0,126,1,0,0,0,0,0,115,0,70,0,0,100,100
430,17,1,128,0,0,0,0,1510,0,1510,1510,0,0,0,128,1,0,0,0,0,0,115,0,70,0,0,100,100
431,17,1,128,0,0,0,0,1510,0,1510,1510,0,0,0,128,1,0,0,0,0,0,115,0,70,0,0,100,100
432,17,1,128,0,0,0,0,1510,0,1510,1510,0,0,0,130,1,0,0,0,0,0,115,0,70,0,0,100,100
433,17,1,128,0,0,0,0,1510,0,1510,1510,0,0,0,130,1,0,0,0,0,0,115,0,70,0,0,100,100
434,17,1,128,0,0,0,0,1510,0,1510,1510,0,0,0,132,1,0,0,0,0,0,115,0,70,0,0,100,100
435,17,1,128,0,0,0,0,1510,0,1510,1510,0,0,0,132,1,0,0,0,0,0,115,0,70,0,0,100,100
436,17,1,128,0,0,0,0,1510,0,1510,1510,0,0,0,134,1,0,0,0,0,0,115,0,70,0,0,100,100
437,17,1,128,0,0,0,0,1510,0,1510,1510,0,0,0,134,1,0,0,0,0,0,115,0,70,0,0,100,100
438,17,1,128,0,0,0,0,1510,0,1510,1510,0,0,0,136,1,0,0,0,0,0,115,0,70,0,0,100,100
439,17,1,128,0,0,0,0,1510,0,1510,1510,0,0,0,136,1,0,0,0,0,0,115,0,70,0,0,100,100
440,17,1,128,0,0,0,0,1510,0,1510,1510,0,0,0,138,1,0,0,0,0,0,115,0,70,0,0,100,100
441,17,1,128,0,0,0,0,1510,0,1510,1510,0,0,0,138,1,0,0,0,0,0,115,0,70,0,0,100,100
442,17,1,128,0,0,0,0,1510,0,1510,1510,0,0,0,140,1,0,0,0,0,0,115,0,70,0,0,100,100
443,17,1,128,0,0,0,0,1510,0,1510,1510,0,0,0,140,1,0,0,0,0,0,115,0,70,0,0,100,100
444,17,1,128,0,0,0,0,1510,0,1510,1510,0,0,0,142,1,0,0,0,0,0,115,0,70,0,0,100,100
445,17,1,128,0,0,0,0,1510,0,1510,1510,0,0,0,142,1,0,0,0,0,0,115,0,70,0,0,100,100
446,17,1,128,0,0,0,0,1510,0,1510,1510,0,0,0,144,1,0,0,0,0,0,115,0,70,0,0,100,100
447,17,1,128,0,0,0,0,1510,0,1510,1510,0,0,0,144,1,0,0,0,0,0,115,0,70,0,0,100,100
448,17,1,128,0,0,0,0,1510,0,1510,1510,0,0,0,146,1,0,0,0,0,0,115,0,70,0,0,100,100
449,17,1,128,0,0,0,0,1510,0,1510,1510,0,0,0,146,1,0,0,0,0,0,115,0,70,0,0,100,100
450,17,1,128,0,0,0,0,1510,0,1510,1510,0,0,0,148,1,0,0,0,0,0,115,0,70,0,0,100,100
451,17,1,128,0,0,0,0,1510,0,1510,1510,0,0,0,148,1,0,0,0,0,0,115,0,70,0,0,100,100
452,17,1,128,0,0,0,0,1510,0,1510,1510,0,0,0,150,1,0,0,0,0,0,115,0,70,0,0,100,100
453,17,1,128,0,0,0,0,1510,0,1510,1510,0,0,0,150,1,0,0,0,0,0,115,0,70,0,0,100,100
454,17,1,128,0,0,0,0,1510,0,1510,1510,0,0,0,152,1,0,0,0,0,0,115,0,70,0,0,100,100
455,17,1,128,0,0,0,0,1510,0,1510,1510,0,0,0,152,1,0,0,0,0,0,115,0,70,0,0,100,100
456,17,1,128,0,0,0,0,1510,0,1510,1510,0,0,0,154,1,0,0,0,0,0,115,0,70,0,0,100,100
457,17,1,128,0,0,0,0,1510,0,1510,1510,0,0,0,154,1,0,0,0,0,0,115,0,70,0,0,100,100
458,17,1,128,0,0,0,0,1510,0,1510,1510,0,0,0,156,1,0,0,0,0,0,115,0,70,0,0,100,100
459,17,1,128,0,0,0,0,1510,0,1510,1510,0,0,0,156,1,0,0,0,0,0,115,0,70,0,0,100,100
460,17,1,128,0,0,0,0,1510,0,1510,1510,0,0,0,158,1,0,0,0,0,0,115,0,70,0,0,100,100
461,17,1,128,0,0,0,0,1510,0,1510,1510,0,0,0,158,1,0,0,0,0,0,115,0,70,0,0,100,100
462,17,1,128,0,0,0,0,1510,0,1510,1510,0,0,0,160,1,0,0,0,0,0,115,0,70,0,0,100,100
463,17,1,128,0,0,0,0,1510,0,1510,1510,0,0,0,160,1,0,0,0,0,0,115,0,70,0,0,100,100
464,17,1,128,0,0,0,0,1510,0,1510,1510,0,0,0,162,1,0,0,0,0,0,115,0,70,0,0,100,100
465,17,1,128,0,0,0,0,1510,0,1510,1510,0,0,0,162,1,0,0,0,0,0,115,0,70,0,0,100,100
466,17,1,128,0,0,0,0,1510,0,1510,1510,0,0,0,164,1,0,0,0,0,0,115,0,70,0,0,100,100
467,17,1,128,0,0,0,0,1510,0,1510,1510,0,0,0,164,1,0,0,0,0,0,115,0,70,0,0,100,100
468,17,1,128,0,0,0,0,1510,0,1510,1510,0,0,0,166,1,0,0,0,0,0,115,0,70,0,0,100,100
469,17,1,128,0,0,0,0,1510,0,1510,1510,0,0,0,166,1,0,0,0,0,0,115,0,70,0,0,100,100
470,17,1,128,0,0,0,0,1510,0,1510,1510,0,0,0,168,1,0,0,0,0,0,115,0,70,0,0,100,100
471,17,1,128,0,0,0,0,1510,0,1510,1510,0,0,0,168,1,0,0,0,0,0,115,0,70,0,0,100,100
472,17,1,128,0,0,0,0,1510,0,1510,1510,0,0,0,170,1,0,0,0,0,0,115,0,70,0,0,100,100
473,17,1,128,0,0,0,0,1510,0,1510,1510,0,0,0,170,1,0,0,0,0,0,115,0,70,0,0,100,100
474,17,1,128,0,0,0,0,1510,0,1510,1510,0,0,0,172,1,0,0,0,0,0,115,0,70,0,0,100,100
475,17,1,128,0,0,0,0,1510,0,1510,1510,0,0,0,172,1,0,0,0,0,0,115,0,70,0,0,100,100
476,17,1,128,0,0,0,0,1510,0,1510,1510,0,0,0,174,1,0,0,0,0,0,115,0,70,0,0,100,100
477,17,1,128,0,0,0,0,1510,0,1510,1510,0,0,0,174,1,0,0,0,0,0,115,0,70,0,0,100,100
478,17,1,128,0,0,0,0,1510,0,1510,1510,0,0,0,176,1,0,0,0,0,0,115,0,70,0,0,100,100
479,17,1,128,0,0,0,0,1510,0,1510,1510,0,0,0,176,1,0,0,0,0,0,115,0,70,0,0,100,100
480,17,1,128,0,0,0,0,1510,0,1510,1510,0,0,0,178,1,0,0,0,0,0,115,0,70,0,0,100,100
481,17,1,128,0,0,0,0,1510,0,1510,1510,0,0,0,178,1,0,0,0,0,0,115,0,70,0,0,100,100
482,17,1,128,0,0,0,0,1510,0,1510,1510,0,0,0,180,1,0,0,0,0,0,115,0,70,0,0,100,100
483,17,1,128,0,0,0,0,1510,0,1510,1510,0,0,0,180,1,0,0,0,0,0,115,0,70,0,0,100,100
484,17,1,128,0,0,0,0,1510,0,1510,1510,0,0,0,182,1,0,0,0,0,0,115,0,70,0,0,100,100
485,17,1,128,0,0,0,0,1510,0,1510,1510,0,0,0,182,1,0,0,0,0,0,115,0,70,0,0,100,100
486,17,1,128,0,0,0,0,1510,0,1510,1510,0,0,0,184,1,0,0,0,0,0,115,0,70,0,0,100,100
487,17,1,128,0,0,0,0,1510,0,1510,1510,0,0,0,184,1,0,0,0,0,0,115,0,70,0,0,100,100
488,17,1,128,0,0,0,0,1510,0,1510,1510,0,0,0,186,1,0,0,0,0,0,115,0,70,0,0,100,100
489,17,1,128,0,0,0,0,1510,0,1510,1510,0,0,0,186,1,0,0,0,0,0,115,0,70,0,0,100,100
490,17,1,128,0,0,0,0,1510,0,1510,1510,0,0,0,188,1,0,0,0,0,0,115,0,70,0,0,100,100
491,17,1,128,0,0,0,0,1510,0,1510,1510,0,0,0,188,1,0,0,0,0,0,115,0,70,0,0,100,100
492,17,1,128,0,0,0,0,1510,0,1510,1510,0,0,0,190,1,0,0,0,0,0,115,0,70,0,0,100,100
493,17,1,128,0,0,0,0,1510,0,1510,1510,0,0,0,190,1,0,0,0,0,0,115,0,70,0,0,100,100
494,17,1,128,0,0,0,0,1510,0,1510,1510,0,0,0,192,1,0,0,0,0,0,115,0,70,0,0,100,100
495,17,1,128,0,0,0,0,1510,0,1510,1510,0,0,0,192,1,0,0,0,0,0,115,0,70,0,0,100,100
496,17,1,128,0,0,0,0,1510,0,1510,1510,0,0,0,194,1,0,0,0,0,0,115,0,70,0,0,100,100
497,17,1,128,0,0,0,0,1510,0,1510,1510,0,0,0,194,1,0,0,0,0,0,115,0,70,0,0,100,100
498,17,1,128,0,0,0,0,1510,0,1510,1510,0,0,0,196,1,0,0,0,0,0,115,0,70,0,0,100,100
499,17,1,128,0,0,0,0,1510,0,1510,1510,0,0,0,196,1,0,0,0,0,0,115,0,70,0,0,100,100
500,17,1,128,0,0,0,0,1510,0,1510,1510,0,0,0,198,1,0,0,0,0,0,115,0,70,0,0,100,100
501,17,1,128,0,0,0,0,1510,0,1510,1510,0,0,0,198,1,0,0,0,0,0,115,0,70,0,0,100,100
502,17,1,128,0,0,0,0,1510,0,1510,1510,0,0,0,200,1,0,0,0,0,0,115,0,70,0,0,100,100
503,17,1,128,0,0,0,0,1510,0,1510,1510,0,0,0,200,1,0,0,0,0,0,115,0,70,0,0,100,100
504,17,1,128,0,0,0,0,1510,0,1510,1510,0,0,0,202,1,0,0,0,0,0,115,0,70,0,0,100,100
505,17,1,128,0,0,0,0,1510,0,1510,1510,0,0,0,202,1,0,0,0,0,0,115,0,70,0,0,100,100
506,17,1,128,0,0,0,0,1510,0,1510,1510,0,0,0,204,1,0,0,0,0,0,115,0,70,0,0,100,100
507,17,1,128,0,0,0,0,1510,0,1510,1510,0,0,0,204,1,0,0,0,0,0,115,0,70,0,0,100,100
508,17,1,128,0,0,0,0,1510,0,1510,1510,0,0,0,206,1,0,0,0,0,0,115,0,70,0,0,100,100
509,17,1,128,0,0,0,0,1510,0,1510,1510,0,0,0,206,1,0,0,0,0,0,115,0,70,0,0,100,100
510,17,1,128,0,0,0,0,1510,0,1510,1510,0,0,0,208,1,0,0,0,0,0,115,0,70,0,0,100,100
511,17,1,128,0,0,0,0,1510,0,1510,1510,0,0,0,208,1,0,0,0,0,0,115,0,70,0,0,100,100
512,17,1,128,0,0,0,0,1510,0,1510,1510,0,0,0,210,1,0,0,0,0,0,115,0,70,0,0,100,100
513,17,1,128,0,0,0,0,1510,0,1510,1510,0,0,0,210,1,0,0,0,0,0,115,0,70,0,0,100,100
514,17,1,128,0,0,0,0,1510,0,1510,1510,0,0,0,212,1,0,0,0,0,0,115,0,70,0,0,100,100
515,17,1,128,0,0,0,0,1510,0,1510,1510,0,0,0,212,1,0,0,0,0,0,115,0,70,0,0,100,100
516,17,1,128,0,0,0,0,1510,0,1510,1510,0,0,0,214,1,0,0,0,0,0,115,0,70,0,0,100,100
517,17,1,128,0,0,0,0,1510,0,1510,1510,0,0,0,214,1,0,0,0,0,0,115,0,70,0,0,100,100
518,17,1,128,0,0,0,0,1510,0,1510,1510,0,0,0,216,1,0,0,0,0,0,115,0,70,0,0,100,100
519,17,1,128,0,0,0,0,1510,0,1510,1510,0,0,0,216,1,0,0,0,0,0,115,0,70,0,0,100,100
520,17,1,128,0,0,0,0,1510,0,1510,1510,0,0,0,218,1,0,0,0,0,0,115,0,70,0,0,100,100
521,17,1,128,0,0,0,0,1510,0,1510,1510,0,0,0,218,1,0,0,0,0,0,115,0,70,0,0,100,100
522,17,1,128,0,0,0,0,1510,0,1510,1510,0,0,0,220,1,0,0,0,0,0,115,0,70,0,0,100,100
523,17,1,128,0,0,0,0,1510,0,1510,1510,0,0,0,220,1,0,0,0,0,0,115,0,70,0,0,100,100
524,17,1,128,0,0,0,0,1510,0,1510,1510,0,0,0,222,1,0,0,0,0,0,115,0,70,0,0,100,100
525,17,1,128,0,0,0,0,1510,0,1510,1510,0,0,0,222,1,0,0,0,0,0,115,0,70,0,0,100,100
526,17,1,128,0,0,0,0,1510,0,1510,1510,0,0,0,224,1,0,0,0,0,0,115,0,70,0,0,100,100
527,17,1,128,0,0,0,0,1510,0,1510,1510,0,0,0,224,1,0,0,0,0,0,115,0,70,0,0,100,100
528,17,1,128,0,0,0,0,1510,0,1510,1510,0,0,0,226,1,0,0,0,0,0,115,0,70,0,0,100,100
529,17,1,128,0,0,0,0,1510,0,1510,1510,0,0,0,226,1,0,0,0,0,0,115,0,70,0,0,100,100
530,17,1,128,0,0,0,0,1510,0,1510,1510,0,0,0,228,1,0,0,0,0,0,115,0,70,0,0,100,100
531,17,1,128,0,0,0,0,1510,0,1510,1510,0,0,0,228,1,0,0,0,0,0,115,0,70,0,0,100,100
532,17,1,128,0,0,0,0,1510,0,1510,1510,0,0,0,230,1,0,0,0,0,0,115,0,70,0,0,100,100
533,17,1,128,0,0,0,0,1510,0,1510,1510,0,0,0,230,1,0,0,0,0,0,115,0,70,0,0,100,100
534,17,1,128,0,0,0,0,1510,0,1510,1510,0,0,0,232,1,0,0,0,0,0,115,0,70,0,0,100,100
535,17,1,128,0,0,0,0,1510,0,1510,1510,0,0,0,232,1,0,0,0,0,0,115,0,70,0,0,100,100
536,17,1,128,0,0,0,0,1510,0,1510,1510,0,0,0,234,1,0,0,0,0,0,115,0,70,0,0,100,100
537,17,1,128,0,0,0,0,1510,0,1510,1510,0,0,0,234,1,0,0,0,0,0,115,0,70,0,0,100,100
538,17,1,128,0,0,0,0,1510,0,1510,1510,0,0,0,236,1,0,0,0,0,0,115,0,70,0,0,100,100
539,17,1,128,0,0,0,0,1510,0,1510,1510,0,0,0,236,1,0,0,0,0,0,115,0,70,0,0,100,100
540,17,1,128,0,0,0,0,1510,0,1510,1510,0,0,0,238,1,0,0,0,0,0,115,0,70,0,0,100,100
541,17,1,128,0,0,0,0,1510,0,1510,1510,0,0,0,238,1,0,0,0,0,0,115,0,70,0,0,100,100
542,17,1,128,0,0,0,0,1510,0,1510,1510,0,0,0,240,1,0,0,0,0,0,115,0,70,0,0,100,100
543,17,1,128,0,0,0,0,1510,0,1510,1510,0,0,0,240,1,0,0,0,0,0,115,0,70,0,0,100,100
544,17,1,128,0,0,0,0,1510,0,1510,1510,0,0,0,242,1,0,0,0,0,0,115,0,70,0,0,100,100
545,17,1,128,0,0,0,0,1510,0,1510,1510,0,0,0,242,1,0,0,0,0,0,115,0,70,0,0,100,100
546,17,1,128,0,0,0,0,1510,0,1510,1510,0,0,0,244,1,0,0,0,0,0,115,0,70,0,0,100,100
547,17,1,128,0,0,0,0,1510,0,1510,1510,0,0,0,244,1,0,0,0,0,0,115,0,70,0,0,100,100
548,17,1,128,0,0,0,0,1510,0,1510,1510,0,0,0,246,1,0,0,0,0,0,115,0,70,0,0,100,100
549,17,1,128,0,0,0,0,1510,0,1510,1510,0,0,0,246,1,0,0,0,0,0,115,0,70,0,0,100,100
550,17,1,128,0,0,0,0,1510,0,1510,1510,0,0,0,248,1,0,0,0,0,0,115,0,70,0,0,100,100
551,17,1,128,0,0,0,0,1510,0,1510,1510,0,0,0,248,1,0,0,0,0,0,115,0,70,0,0,100,100
552,17,1,128,0,0,0,0,1510,0,1510,1510,0,0,0,250,1,0,0,0,0,0,115,0,70,0,0,100,100
553,17,1,128,0,0,0,0,1510,0,1510,1510,0,0,0,250,1,0,0,0,0,0,115,0,70,0,0,100,100
554,17,1,128,0,0,0,0,1510,0,1510,1510,0,0,0,252,1,0,0,0,0,0,115,0,70,0,0,100,100
555,17,1,128,0,0,0,0,1510,0,1510,1510,0,0,0,252,1,0,0,0,0,0,115,0,70,0,0,100,100
556,17,1,128,0,0,0,0,1510,0,1510,1510,0,0,0,254,1,0,0,0,0,0,115,0,70,0,0,100,100
557,17,1,128,0,0,0,0,1510,0,1510,1510,0,0,0,254,1,0,0,0,0,0,115,0,70,0,0,100,100
558,17,1,128,0,0,0,0,1510,0,1510,1510,0,0,0,256,1,0,0,0,0,0,115,0,70,0,0,100,100
559,17,1,128,0,0,0,0,1510,0,1510,1510,0,0,0,256,1,0,0,0,0,0,115,0,70,0,0,100,100
560,17,1,128,0,0,0,0,1510,0,1510,1510,0,0,0,258,1,0,0,0,0,0,115,0,70,0,0,100,100
561,17,1,128,0,0,0,0,1510,0,1510,1510,0,0,0,258,1,0,0,0,0,0,115,0,70,0,0,100,100
562,17,1,128,0,0,0,0,1510,0,1510,1510,0,0,0,260,1,0,0,0,0,0,115,0,70,0,0,100,100
563,17,1,128,0,0,0,0,1510,0,1510,1510,0,0,0,260,1,0,0,0,0,0,115,0,70,0,0,100,100
564,17,1,128,0,0,0,0,1510,0,1510,1510,0,0,0,262,1,0,0,0,0,0,115,0,70,0,0,100,100
565,17,1,128,0,0,0,0,1510,0,1510,1510,0,0,0,262,1,0,0,0,0,0,115,0,70,0,0,100,100
566,17,1,128,0,0,0,0,1510,0,1510,1510,0,0,0,264,1,0,0,0,0,0,115,0,70,0,0,100,100
567,17,1,128,0,0,0,0,1510,0,1510,1510,0,0,0,264,1,0,0,0,0,0,115,0,70,0,0,100,100
568,17,1,128,0,0,0,0,1510,0,1510,1510,0,0,0,266,1,0,0,0,0,0,115,0,70,0,0,100,100
569,17,1,128,0,0,0,0,1510,0,1510,1510,0,0,0,266,1,0,0,0,0,0,115,0,70,0,0,100,100
570,17,1,128,0,0,0,0,1510,0,1510,1510,0,0,0,268,1,0,0,0,0,0,115,0,70,0,0,100,100
571,17,1,128,0,0,0,0,1510,0,1510,1510,0,0,0,268,1,0,0,0,0,0,115,0,70,0,0,100,100
572,17,1,128,0,0,0,0,1510,0,1510,1510,0,0,0,270,1,0,0,0,0,0,115,0,70,0,0,100,100
573,17,1,128,0,0,0,0,1510,0,1510,1510,0,0,0,270,1,0,0,0,0,0,115,0,70,0,0,100,100
574,17,1,128,0,0,0,0,1510,0,1510,1510,0,0,0,272,1,0,0,0,0,0,115,0,70,0,0,100,100
575,17,1,128,0,0,0,0,1510,0,1510,1510,0,0,0,272,1,0,0,0,0,0,115,0,70,0,0,100,100
576,17,1,128,0,0,0,0,1510,0,1510,1510,0,0,0,274,1,0,0,0,0,0,115,0,70,0,0,100,100
577,17,1,128,0,0,0,0,1510,0,1510,1510,0,0,0,274,1,0,0,0,0,0,115,0,70,0,0,100,100
578,17,1,128,0,0,0,0,1510,0,1510,1510,0,0,0,276,1,0,0,0,0,0,115,0,70,0,0,100,100
579,17,1,128,0,0,0,0,1510,0,1510,1510,0,0,0,276,1,0,0,0,0,0,115,0,70,0,0,100,100
580,17,1,128,0,0,0,0,1510,0,1510,1510,0,0,0,278,1,0,0,0,0,0,115,0,70,0,0,100,100
581,17,1,128,0,0,0,0,1510,0,1510,1510,0,0,0,278,1,0,0,0,0,0,115,0,70,0,0,100,100
582,17,1,128,0,0,0,0,1510,0,1510,1510,0,0,0,280,1,0,0,0,0,0,115,0,70,0,0,100,100
583,17,1,128,0,0,0,0,1510,0,1510,1510,0,0,0,280,1,0,0,0,0,0,115,0,70,0,0,100,100
584,17,1,128,0,0,0,0,1510,0,1510,1510,0,0,0,282,1,0,0,0,0,0,115,0,70,0,0,100,100
585,17,1,128,0,0,0,0,1510,0,1510,1510,0,0,0,282,1,0,0,0,0,0,115,0,70,0,0,100,100
586,17,1,128,0,0,0,0,1510,0,1510,1510,0,0,0,284,1,0,0,0,0,0,115,0,70,0,0,100,100
587,17,1,128,0,0,0,0,1510,0,1510,1510,0,0,0,284,1,0,0,0,0,0,115,0,70,0,0,100,100
588,17,1,128,0,0,0,0,1510,0,1510,1510,0,0,0,286,1,0,0,0,0,0,115,0,70,0,0,100,100
589,17,1,128,0,0,0,0,1510,0,1510,1510,0,0,0,286,1,0,0,0,0,0,115,0,70,0,0,100,100
590,17,1,128,0,0,0,0,1510,0,1510,1510,0,0,0,288,1,0,0,0,0,0,115,0,70,0,0,100,100
591,17,1,128,0,0,0,0,1510,0,1510,1510,0,0,0,288,1,0,0,0,0,0,115,0,70,0,0,100,100
592,17,1,128,0,0,0,0,1510,0,1510,1510,0,0,0,290,1,0,0,0,0,0,115,0,70,0,0,100,100
593,17,1,128,0,0,0,0,1510,0,1510,1510,0,0,0,290,1,0,0,0,0,0,115,0,70,0,0,100,100
594,17,1,128,0,0,0,0,1510,0,1510,1510,0,0,0,292,1,0,0,0,0,0,115,0,70,0,0,100,100
595,17,1,128,0,0,0,0,1510,0,1510,1510,0,0,0,292,1,0,0,0,0,0,115,0,70,0,0,100,100
596,17,1,128,0,0,0,0,1510,0,1510,1510,0,0,0,294,1,0,0,0,0,0,115,0,70,0,0,100,100
597,17,1,128,0,0,0,0,1510,0,1510,1510,0,0,0,294,1,0,0,0,0,0,115,0,70,0,0,100,100
598,17,1,128,0,0,0,0,1510,0,1510,1510,0,0,0,296,1,0,0,0,0,0,115,0,70,0,0,100,100
599,17,1,128,0,0,0,0,1510,0,1510,1510,0,0,0,296,1,0,0,0,0,0,115,0,70,0,0,100,100
600,17,1,128,0,0,0,0,1510,0,1510,1510,0,0,0,298,1,0,0,0,0,0,115,0,70,0,0,100,100
601,17,1,128,0,0,0,0,1510,0,1510,1510,0,0,0,298,1,0,0,0,0,0,115,0,70,0,0,100,100
602,17,1,128,0,0,0,0,1510,0,1510,1510,0,0,0,300,1,0,0,0,0,0,115,0,70,0,0,100,100
603,17,1,128,0,0,0,0,1510,0,1510,1510,0,0,0,300,1,0,0,0,0,0,115,0,70,0,0,100,100
604,17,1,128,0,0,0,0,1510,0,1510,1510,0,0,0,302,1,0,0,0,0,0,115,0,70,0,0,100,100
605,17,1,128,0,0,0,0,1510,0,1510,1510,0,0,0,302,1,0,0,0,0,0,115,0,70,0,0,100,100
606,17,1,128,0,0,0,0,1510,0,1510,1510,0,0,0,304,1,0,0,0,0,0,115,0,70,0,0,100,100
607,17,1,128,0,0,0,0,1510,0,1510,1510,0,0,0,304,1,0,0,0,0,0,115,0,70,0,0,100,100
608,17,1,128,0,0,0,0,1510,0,1510,1510,0,0,0,306,1,0,0,0,0,0,115,0,70,0,0,100,100
609,17,1,128,0,0,0,0,1510,0,1510,1510,0,0,0,306,1,0,0,0,0,0,115,0,70,0,0,100,100
610,17,1,128,0,0,0,0,1510,0,1510,1510,0,0,0,308,1,0,0,0,0,0,115,0,70,0,0,100,100
611,17,1,128,0,0,0,0,1510,0,1510,1510,0,0,0,308,1,0,0,0,0,0,115,0,70,0,0,100,100
612,17,1,128,0,0,0,0,1510,0,1510,1510,0,0,0,310,1,0,0,0,0,0,115,0,70,0,0,100,100
613,17,1,128,0,0,0,0,1510,0,1510,1510,0,0,0,310,1,0,0,0,0,0,115,0,70,0,0,100,100
614,17,1,128,0,0,0,0,1510,0,1510,1510,0,0,0,312,1,0,0,0,0,0,115,0,70,0,0,100,100
615,17,1,128,0,0,0,0,1510,0,1510,1510,0,0,0,312,1,0,0,0,0,0,115,0,70,0,0,100,100
616,17,1,128,0,0,0,0,1510,0,1510,1510,0,0,0,314,1,0,0,0,0,0,115,0,70,0,0,100,100
617,17,1,128,0,0,0,0,1510,0,1510,1510,0,0,0,314,1,0,0,0,0,0,115,0,70,0,0,100,100
618,17,1,128,0,0,0,0,1510,0,1510,1510,0,0,0,316,1,0,0,0,0,0,115,0,70,0,0,100,100
619,17,1,128,0,0,0,0,1510,0,1510,1510,0,0,0,316,1,0,0,0,0,0,115,0,70,0,0,100,100
620,17,1,128,0,0,0,0,1510,0,1510,1510,0,0,0,318,1,0,0,0,0,0,115,0,70,0,0,100,100
621,17,1,128,0,0,0,0,1510,0,1510,1510,0,0,0,318,1,0,0,0,0,0,115,0,70,0,0,100,100
622,17,1,128,0,0,0,0,1510,0,1510,1510,0,0,0,320,1,0,0,0,0,0,115,0,70,0,0,100,100
623,17,1,128,0,0,0,0,1510,0,1510,1510,0,0,0,320,1,0,0,0,0,0,115,0,70,0,0,100,100
624,17,1,128,0,0,0,0,1510,0,1510,1510,0,0,0,322,1,0,0,0,0,0,115,0,70,0,0,100,100
625,17,1,128,0,0,0,0,1510,0,1510,1510,0,0,0,322,1,0,0,0,0,0,115,0,70,0,0,100,100
626,17,1,128,0,0,0,0,1510,0,1510,1510,0,0,0,324,1,0,0,0,0,0,115,0,70,0,0,100,100
627,17,1,128,0,0,0,0,1510,0,1510,1510,0,0,0,324,1,0,0,0,0,0,115,0,70,0,0,100,100
628,17,1,128,0,0,0,0,1510,0,1510,1510,0,0,0,326,1,0,0,0,0,0,115,0,70,0,0,100,100
629,17,1,128,0,0,0,0,1510,0,1510,1510,0,0,0,326,1,0,0,0,0,0,115,0,70,0,0,100,100
630,17,1,128,0,0,0,0,1510,0,1510,1510,0,0,0,328,1,0,0,0,0,0,115,0,70,0,0,100,100
631,17,1,128,0,0,0,0,1510,0,1510,1510,0,0,0,328,1,0,0,0,0,0,115,0,70,0,0,100,100
632,17,1,128,0,0,0,0,1510,0,1510,1510,0,0,0,330,1,0,0,0,0,0,115,0,70,0,0,100,100
633,17,1,128,0,0,0,0,1510,0,1510,1510,0,0,0,330,1,0,0,0,0,0,115,0,70,0,0,100,100
634,17,1,128,0,0,0,0,1510,0,1510,1510,0,0,0,332,1,0,0,0,0,0,115,0,70,0,0,100,100
635,17,1,128,0,0,0,0,1510,0,1510,1510,0,0,0,332,1,0,0,0,0,0,115,0,70,0,0,100,100
636,17,1,128,0,0,0,0,1510,0,1510,1510,0,0,0,334,1,0,0,0,0,0,115,0,70,0,0,100,100
637,17,1,128,0,0,0,0,1510,0,1510,1510,0,0,0,334,1,0,0,0,0,0,115,0,70,0,0,100,100
638,17,1,128,0,0,0,0,1510,0,1510,1510,0,0,0,336,1,0,0,0,0,0,115,0,70,0,0,100,100
639,17,1,128,0,0,0,0,1510,0,1510,1510,0,0,0,336,1,0,0,0,0,0,115,0,70,0,0,100,100
640,17,1,128,0,0,0,0,1510,0,1510,1510,0,0,0,338,1,0,0,0,0,0,115,0,70,0,0,100,100
641,17,1,128,0,0,0,0,1510,0,1510,1510,0,0,0,338,1,0,0,0,0,0,115,0,70,0,0,100,100
642,17,1,128,0,0,0,0,1510,0,1510,1510,0,0,0,340,1,0,0,0,0,0,115,0,70,0,0,100,100
643,17,1,128,0,0,0,0,1510,0,1510,1510,0,0,0,340,1,0,0,0,0,0,115,0,70,0,0,100,100
644,17,1,128,0,0,0,0,1510,0,1510,1510,0,0,0,342,1,0,0,0,0,0,115,0,70,0,0,100,100
645,17,1,128,0,0,0,0,1510,0,1510,1510,0,0,0,342,1,0,0,0,0,0,115,0,70,0,0,100,100
646,17,1,128,0,0,0,0,1510,0,1510,1510,0,0,0,344,1,0,0,0,0,0,115,0,70,0,0,100,100
647,17,1,128,0,0,0,0,1510,0,1510,1510,0,0,0,344,1,0,0,0,0,0,115,0,70,0,0,100,100
648,17,1,128,0,0,0,0,1510,0,1510,1510,0,0,0,346,1,0,0,0,0,0,115,0,70,0,0,100,100
649,17,1,128,0,0,0,0,1510,0,1510,1510,0,0,0,346,1,0,0,0,0,0,115,0,70,0,0,100,100
650,17,1,128,0,0,0,0,1510,0,1510,1510,0,0,0,348,1,0,0,0,0,0,115,0,70,0,0,100,100
651,17,1,128,0,0,0,0,1510,0,1510,1510,0,0,0,348,1,0,0,0,0,0,115,0,70,0,0,100,100
652,17,1,128,0,0,0,0,1510,0,1510,1510,0,0,0,350,1,0,0,0,0,0,115,0,70,0,0,100,100
653,17,1,128,0,0,0,0,1510,0,1510,1510,0,0,0,350,1,0,0,0,0,0,115,0,70,0,0,100,100
654,17,1,128,0,0,0,0,1510,0,1510,1510,0,0,0,352,1,0,0,0,0,0,115,0,70,0,0,100,100
655,17,1,128,0,0,0,0,1510,0,1510,1510,0,0,0,352,1,0,0,0,0,0,115,0,70,0,0,100,100
656,17,1,128,0,0,0,0,1510,0,1510,1510,0,0,0,354,1,0,0,0,0,0,115,0,70,0,0,100,100
657,17,1,128,0,0,0,0,1510,0,1510,1510,0,0,0,354,1,0,0,0,0,0,115,0,70,0,0,100,100
658,17,1,128,0,0,0,0,1510,0,1510,1510,0,0,0,356,1,0,0,0,0,0,115,0,70,0,0,100,100
659,17,1,128,0,0,0,0,1510,0,1510,1510,0,0,0,356,1,0,0,0,0,0,115,0,70,0,0,100,100
660,17,1,128,0,0,0,0,1510,0,1510,1510,0,0,0,358,1,0,0,0,0,0,115,0,70,0,0,100,100
661,17,1,128,0,0,0,0,1510,0,1510,1510,0,0,0,358,1,0,0,0,0,0,115,0,70,0,0,100,100
662,17,1,128,0,0,0,0,1510,0,1510,1510,0,0,0,360,1,0,0,0,0,0,115,0,70,0,0,100,100
663,17,1,128,0,0,0,0,1510,0,1510,1510,0,0,0,360,1,0,0,0,0,0,115,0,70,0,0,100,100
664,17,1,128,0,0,0,0,1510,0,1510,1510,0,0,0,362,1,0,0,0,0,0,115,0,70,0,0,100,100
665,17,1,128,0,0,0,0,1510,0,1510,1510,0,0,0,362,1,0,0,0,0,0,115,0,70,0,0,100,100
666,17,1,128,0,0,0,0,1510,0,1510,1510,0,0,0,364,1,0,0,0,0,0,115,0,70,0,0,100,100
667,17,1,128,0,0,0,0,1510,0,1510,1510,0,0,0,364,1,0,0,0,0,0,115,0,70,0,0,100,100
668,17,1,128,0,0,0,0,1510,0,1510,1510,0,0,0,366,1,0,0,0,0,0,115,0,70,0,0,100,100
669,17,1,128,0,0,0,0,1510,0,1510,1510,0,0,0,366,1,0,0,0,0,0,115,0,70,0,0,100,100
670,17,1,128,0,0,0,0,1510,0,1510,1510,0,0,0,368,1,0,0,0,0,0,115,0,70,0,0,100,100
671,17,1,128,0,0,0,0,1510,0,1510,1510,0,0,0,368,1,0,0,0,0,0,115,0,70,0,0,100,100
672,17,1,128,0,0,0,0,1510,0,1510,1510,0,0,0,370,1,0,0,0,0,0,115,0,70,0,0,100,100
673,17,1,128,0,0,0,0,1510,0,1510,1510,0,0,0,370,1,0,0,0,0,0,115,0,70,0,0,100,100
674,17,1,128,0,0,0,0,1510,0,1510,1510,0,0,0,372,1,0,0,0,0,0,115,0,70,0,0,100,100
675,17,1,128,0,0,0,0,1510,0,1510,1510,0,0,0,372,1,0,0,0,0,0,115,0,70,0,0,100,100
676,17,1,128,0,0,0,0,1510,0,1510,1510,0,0,0,374,1,0,0,0,0,0,115,0,70,0,0,100,100
677,17,1,128,0,0,0,0,1510,0,1510,1510,0,0,0,374,1,0,0,0,0,0,115,0,70,0,0,100,100
678,17,1,128,0,0,0,0,1510,0,1510,1510,0,0,0,376,1,0,0,0,0,0,115,0,70,0,0,100,100
679,17,1,128,0,0,0,0,1510,0,1510,1510,0,0,0,376,1,0,0,0,0,0,115,0,70,0,0,100,100
680,17,1,128,0,0,0,0,1510,0,1510,1510,0,0,0,378,1,0,0,0,0,0,115,0,70,0,0,100,100
681,17,1,128,0,0,0,0,1510,0,1510,1510,0,0,0,378,1,0,0,0,0,0,115,0,70,0,0,100,100
682,17,1,128,0,0,0,0,1510,0,1510,1510,0,0,0,380,1,0,0,0,0,0,115,0,70,0,0,100,100
683,17,1,128,0,0,0,0,1510,0,1510,1510,0,0,0,380,1,0,0,0,0,0,115,0,70,0,0,100,100
684,17,1,128,0,0,0,0,1510,0,1510,1510,0,0,0,382,1,0,0,0,0,0,115,0,70,0,0,100,100
685,17,1,128,0,0,0,0,1510,0,1510,1510,0,0,0,382,1,0,0,0,0,0,115,0,70,0,0,100,100
686,17,1,128,0,0,0,0,1510,0,1510,1510,0,0,0,384,1,0,0,0,0,0,115,0,70,0,0,100,100
687,17,1,128,0,0,0,0,1510,0,1510,1510,0,0,0,384,1,0,0,0,0,0,115,0,70,0,0,100,100
688,17,1,128,0,0,0,0,1510,0,1510,1510,0,0,0,386,1,0,0,0,0,0,115,0,70,0,0,100,100
689,17,1,128,0,0,0,0,1510,0,1510,1510,0,0,0,386,1,0,0,0,0,0,115,0,70,0,0,100,100
690,17,1,128,0,0,0,0,1510,0,1510,1510,0,0,0,388,1,0,0,0,0,0,115,0,70,0,0,100,100
691,17,1,128,0,0,0,0,1510,0,1510,1510,0,0,0,388,1,0,0,0,0,0,115,0,70,0,0,100,100
692,17,1,128,0,0,0,0,1510,0,1510,1510,0,0,0,390,1,0,0,0,0,0,115,0,70,0,0,100,100
693,17,1,128,0,0,0,0,1510,0,1510,1510,0,0,0,390,1,0,0,0,0,0,115,0,70,0,0,100,100
694,17,1,128,0,0,0,0,1510,0,1510,1510,0,0,0,392,1,0,0,0,0,0,115,0,70,0,0,100,100
695,17,1,128,0,0,0,0,1510,0,1510,1510,0,0,0,392,1,0,0,0,0,0,115,0,70,0,0,100,100
696,17,1,128,0,0,0,0,1510,0,1510,1510,0,0,0,394,1,0,0,0,0,0,115,0,70,0,0,100,100
697,17,1,128,0,0,0,0,1510,0,1510,1510,0,0,0,394,1,0,0,0,0,0,115,0,70,0,0,100,100
698,17,1,128,0,0,0,0,1510,0,1510,1510,0,0,0,396,1,0,0,0,0,0,115,0,70,0,0,100,100
699,17,1,128,0,0,0,0,1510,0,1510,1510,0,0,0,396,1,0,0,0,0,0,115,0,70,0,0,100,100
700,17,1,128,0,0,0,0,1510,0,1510,1510,0,0,0,398,1,0,0,0,0,0,115,0,70,0,0,100,100
701,17,1,128,0,0,0,0,1510,0,1510,1510,0,0,0,398,1,0,0,0,0,0,115,0,70,0,0,100,100
702,17,1,128,0,0,0,0,1510,0,1510,1510,0,0,0,400,1,0,0,0,0,0,115,0,70,0,0,100,100
703,17,1,128,0,0,0,0,1510,0,1510,1510,0,0,0,400,1,0,0,0,0,0,115,0,70,0,0,100,100
704,17,1,128,0,0,0,0,1510,0,1510,1510,0,0,0,402,1,0,0,0,0,0,115,0,70,0,0,100,100
705,17,1,128,0,0,0,0,1510,0,1510,1510,0,0,0,402,1,0,0,0,0,0,115,0,70,0,0,100,100
706,17,1,128,0,0,0,0,1510,0,1510,1510,0,0,0,404,1,0,0,0,0,0,115,0,70,0,0,100,100
707,17,1,128,0,0,0,0,1510,0,1510,1510,0,0,0,404,1,0,0,0,0,0,115,0,70,0,0,100,100
708,17,1,128,0,0,0,0,1510,0,1510,1510,0,0,0,406,1,0,0,0,0,0,115,0,70,0,0,100,100
709,17,1,128,0,0,0,0,1510,0,1510,1510,0,0,0,406,1,0,0,0,0,0,115,0,70,0,0,100,100
710,17,1,128,0,0,0,0,1510,0,1510,1510,0,0,0,408,1,0,0,0,0,0,115,0,70,0,0,100,100
711,17,1,128,0,0,0,0,1510,0,1510,1510,0,0,0,408,1,0,0,0,0,0,115,0,70,0,0,100,100
712,17,1,128,0,0,0,0,1510,0,1510,1510,0,0,0,410,1,0,0,0,0,0,115,0,70,0,0,100,100
713,17,1,128,0,0,0,0,1510,0,1510,1510,0,0,0,410,1,0,0,0,0,0,115,0,70,0,0,100,100
714,17,1,128,0,0,0,0,1510,0,1510,1510,0,0,0,412,1,0,0,0,0,0,115,0,70,0,0,100,100
715,17,1,128,0,0,0,0,1510,0,1510,1510,0,0,0,412,1,0,0,0,0,0,115,0,70,0,0,100,100
716,17,1,128,0,0,0,0,1510,0,1510,1510,0,0,0,414,1,0,0,0,0,0,115,0,70,0,0,100,100
717,17,1,128,0,0,0,0,1510,0,1510,1510,0,0,0,414,1,0,0,0,0,0,115,0,70,0,0,100,100
718,17,1,128,0,0,0,0,1510,0,1510,1510,0,0,0,416,1,0,0,0,0,0,115,0,70,0,0,100,100
719,17,1,128,0,0,0,0,1510,0,1510,1510,0,0,0,416,1,0,0,0,0,0,115,0,70,0,0,100,100
720,17,1,128,0,0,0,0,1510,0,1510,1510,0,0,0,418,1,0,0,0,0,0,115,0,70,0,0,100,100
721,17,1,128,0,0,0,0,1510,0,1510,1510,0,0,0,418,1,0,0,0,0,0,115,0,70,0,0,100,100
722,17,1,128,0,0,0,0,1510,0,1510,1510,0,0,0,420,1,0,0,0,0,0,115,0,70,0,0,100,100
723,17,1,128,0,0,0,0,1510,0,1510,1510,0,0,0,420,1,0,0,0,0,0,115,0,70,0,0,100,100
724,17,1,128,0,0,0,0,1510,0,1510,1510,0,0,0,422,1,0,0,0,0,0,115,0,70,0,0,100,100
725,17,1,128,0,0,0,0,1510,0,1510,1510,0,0,0,422,1,0,0,0,0,0,115,0,70,0,0,100,100
726,17,1,128,0,0,0,0,1510,0,1510,1510,0,0,0,424,1,0,0,0,0,0,115,0,70,0,0,100,100
727,17,1,128,0,0,0,0,1510,0,1510,1510,0,0,0,424,1,0,0,0,0,0,115,0,70,0,0,100,100
728,17,1,128,0,0,0,0,1510,0,1510,1510,0,0,0,426,1,0,0,0,0,0,115,0,70,0,0,100,100
729,17,1,128,0,0,0,0,1510,0,1510,1510,0,0,0,426,1,0,0,0,0,0,115,0,70,0,0,100,100
730,17,1,128,0,0,0,0,1510,0,1510,1510,0,0,0,428,1,0,0,0,0,0,115,0,70,0,0,100,100
731,17,1,128,0,0,0,0,1510,0,1510,1510,0,0,0,428,1,0,0,0,0,0,115,0,70,0,0,100,100
732,17,1,128,0,0,0,0,1510,0,1510,1510,0,0,0,430,1,0,0,0,0,0,115,0,70,0,0,100,100
733,17,1,128,0,0,0,0,1510,0,1510,1510,0,0,0,430,1,0,0,0,0,0,115,0,70,0,0,100,100
734,17,1,128,0,0,0,0,1510,0,1510,1510,0,0,0,432,1,0,0,0,0,0,115,0,70,0,0,100,100
735,17,1,128,0,0,0,0,1510,0,1510,1510,0,0,0,432,1,0,0,0,0,0,115,0,70,0,0,100,100
736,17,1,128,0,0,0,0,1510,0,1510,1510,0,0,0,434,1,0,0,0,0,0,115,0,70,0,0,100,100
737,17,1,128,0,0,0,0,1510,0,1510,1510,0,0,0,434,1,0,0,0,0,0,115,0,70,0,0,100,100
738,17,1,128,0,0,0,0,1510,0,1510,1510,0,0,0,436,1,0,0,0,0,0,115,0,70,0,0,100,100
739,17,1,128,0,0,0,0,1510,0,1510,1510,0,0,0,436,1,0,0,0,0,0,115,0,70,0,0,100,100
740,17,1,128,0,0,0,0,1510,0,1510,1510,0,0,0,438,1,0,0,0,0,0,115,0,70,0,0,100,100
741,17,1,128,0,0,0,0,1510,0,1510,1510,0,0,0,438,1,0,0,0,0,0,115,0,70,0,0,100,100
742,17,1,128,0,0,0,0,1510,0,1510,1510,0,0,0,440,1,0,0,0,0,0,115,0,70,0,0,100,100
743,17,1,128,0,0,0,0,1510,0,1510,1510,0,0,0,440,1,0,0,0,0,0,115,0,70,0,0,100,100
744,17,1,128,0,0,0,0,1510,0,1510,1510,0,0,0,442,1,0,0,0,0,0,115,0,70,0,0,100,100
745,17,1,128,0,0,0,0,1510,0,1510,1510,0,0,0,442,1,0,0,0,0,0,115,0,70,0,0,100,100
746,17,1,128,0,0,0,0,1510,0,1510,1510,0,0,0,444,1,0,0,0,0,0,115,0,70,0,0,100,100
747,17,1,128,0,0,0,0,1510,0,1510,1510,0,0,0,444,1,0,0,0,0,0,115,0,70,0,0,100,100
748,17,1,128,0,0,0,0,1510,0,1510,1510,0,0,0,446,1,0,0,0,0,0,115,0,70,0,0,100,100
749,17,1,128,0,0,0,0,1510,0,1510,1510,0,0,0,446,1,0,0,0,0,0,115,0,70,0,0,100,100
750,17,1,128,0,0,0,0,1510,0,1510,1510,0,0,0,448,1,0,0,0,0,0,115,0,70,0,0,100,100
751,17,1,128,0,0,0,0,1510,0,1510,1510,0,0,0,448,1,0,0,0,0,0,115,0,70,0,0,100,100
752,17,1,128,0,0,0,0,1510,0,1510,1510,0,0,0,450,1,0,0,0,0,0,115,0,70,0,0,100,100
753,17,1,128,0,0,0,0,1510,0,1510,1510,0,0,0,450,1,0,0,0,0,0,115,0,70,0,0,100,100
754,17,1,128,0,0,0,0,1510,0,1510,1510,0,0,0,452,1,0,0,0,0,0,115,0,70,0,0,100,100
755,17,1,128,0,0,0,0,1510,0,1510,1510,0,0,0,452,1,0,0,0,0,0,115,0,70,0,0,100,100
756,17,1,128,0,0,0,0,1510,0,1510,1510,0,0,0,454,1,0,0,0,0,0,115,0,70,0,0,100,100
757,17,1,128,0,0,0,0,1510,0,1510,1510,0,0,0,454,1,0,0,0,0,0,115,0,70,0,0,100,100
758,17,1,128,0,0,0,0,1510,0,1510,1510,0,0,0,456,1,0,0,0,0,0,115,0,70,0,0,100,100
759,17,1,128,0,0,0,0,1510,0,1510,1510,0,0,0,456,1,0,0,0,0,0,115,0,70,0,0,100,100
760,17,1,128,0,0,0,0,1510,0,1510,1510,0,0,0,458,1,0,0,0,0,0,115,0,70,0,0,100,100
761,17,1,128,0,0,0,0,1510,0,1510,1510,0,0,0,458,1,0,0,0,0,0,115,0,70,0,0,100,100
762,17,1,128,0,0,0,0,1510,0,1510,1510,0,0,0,460,1,0,0,0,0,0,115,0,70,0,0,100,100
763,17,1,128,0,0,0,0,1510,0,1510,1510,0,0,0,460,1,0,0,0,0,0,115,0,70,0,0,100,100
764,17,1,128,0,0,0,0,1510,0,1510,1510,0,0,0,462,1,0,0,0,0,0,115,0,70,0,0,100,100
765,17,1,128,0,0,0,0,1510,0,1510,1510,0,0,0,462,1,0,0,0,0,0,115,0,70,0,0,100,100
766,17,1,128,0,0,0,0,1510,0,1510,1510,0,0,0,464,1,0,0,0,0,0,115,0,70,0,0,100,100
767,17,1,128,0,0,0,0,1510,0,1510,1510,0,0,0,464,1,0,0,0,0,0,115,0,70,0,0,100,100
768,17,1,128,0,0,0,0,1510,0,1510,1510,0,0,0,466,1,0,0,0,0,0,115,0,70,0,0,100,100
769,17,1,128,0,0,0,0,1510,0,1510,1510,0,0,0,466,1,0,0,0,0,0,115,0,70,0,0,100,100
770,17,1,128,0,0,0,0,1510,0,1510,1510,0,0,0,468,1,0,0,0,0,0,115,0,70,0,0,100,100
771,17,1,128,0,0,0,0,1510,0,1510,1510,0,0,0,468,1,0,0,0,0,0,115,0,70,0,0,100,100
772,17,1,128,0,0,0,0,1510,0,1510,1510,0,0,0,470,1,0,0,0,0,0,115,0,70,0,0,100,100
773,17,1,128,0,0,0,0,1510,0,1510,1510,0,0,0,470,1,0,0,0,0,0,115,0,70,0,0,100,100
774,17,1,128,0,0,0,0,1510,0,1510,1510,0,0,0,472,1,0,0,0,0,0,115,0,70,0,0,100,100
775,17,1,128,0,0,0,0,1510,0,1510,1510,0,0,0,472,1,0,0,0,0,0,115,0,70,0,0,100,100
776,17,1,128,0,0,0,0,1510,0,1510,1510,0,0,0,474,1,0,0,0,0,0,115,0,70,0,0,100,100
777,17,1,128,0,0,0,0,1510,0,1510,1510,0,0,0,474,1,0,0,0,0,0,115,0,70,0,0,100,100
778,17,1,128,0,0,0,0,1510,0,1510,1510,0,0,0,476,1,0,0,0,0,0,115,0,70,0,0,100,100
779,17,1,128,0,0,0,0,1510,0,1510,1510,0,0,0,476,1,0,0,0,0,0,115,0,70,0,0,100,100
780,17,1,128,0,0,0,0,1510,0,1510,1510,0,0,0,478,1,0,0,0,0,0,115,0,70,0,0,100,100
781,17,1,128,0,0,0,0,1510,0,1510,1510,0,0,0,478,1,0,0,0,0,0,115,0,70,0,0,100,100
782,17,1,128,0,0,0,0,1510,0,1510,1510,0,0,0,480,1,0,0,0,0,0,115,0,70,0,0,100,100
783,17,1,128,0,0,0,0,1510,0,1510,1510,0,0,0,480,1,0,0,0,0,0,115,0,70,0,0,100,100
784,17,1,128,0,0,0,0,1510,0,1510,1510,0,0,0,482,1,0,0,0,0,0,115,0,70,0,0,100,100
785,17,1,128,0,0,0,0,1510,0,1510,1510,0,0,0,482,1,0,0,0,0,0,115,0,70,0,0,100,100
786,17,1,128,0,0,0,0,1510,0,1510,1510,0,0,0,484,1,0,0,0,0,0,115,0,70,0,0,100,100
787,17,1,128,0,0,0,0,1510,0,1510,1510,0,0,0,484,1,0,0,0,0,0,115,0,70,0,0,100,100
788,17,1,128,0,0,0,0,1510,0,1510,1510,0,0,0,486,1,0,0,0,0,0,115,0,70,0,0,100,100
789,17,1,128,0,0,0,0,1510,0,1510,1510,0,0,0,486,1,0,0,0,0,0,115,0,70,0,0,100,100
790,17,1,128,0,0,0,0,1510,0,1510,1510,0,0,0,488,1,0,0,0,0,0,115,0,70,0,0,100,100
791,17,1,128,0,0,0,0,1510,0,1510,1510,0,0,0,488,1,0,0,0,0,0,115,0,70,0,0,100,100
792,17,1,128,0,0,0,0,1510,0,1510,1510,0,0,0,490,1,0,0,0,0,0,115,0,70,0,0,100,100
793,17,1,128,0,0,0,0,1510,0,1510,1510,0,0,0,490,1,0,0,0,0,0,115,0,70,0,0,100,100
794,17,1,128,0,0,0,0,1510,0,1510,1510,0,0,0,492,1,0,0,0,0,0,115,0,70,0,0,100,100
795,17,1,128,0,0,0,0,1510,0,1510,1510,0,0,0,492,1,0,0,0,0,0,115,0,70,0,0,100,100
796,17,1,128,0,0,0,0,1510,0,1510,1510,0,0,0,494,1,0,0,0,0,0,115,0,70,0,0,100,100
797,17,1,128,0,0,0,0,1510,0,1510,1510,0,0,0,494,1,0,0,0,0,0,115,0,70,0,0,100,100
798,17,1,128,0,0,0,0,1510,0,1510,1510,0,0,0,496,1,0,0,0,0,0,115,0,70,0,0,100,100
799,17,1,128,0,0,0,0,1510,0,1510,1510,0,0,0,496,1,0,0,0,0,0,115,0,70,0,0,100,100
800,17,1,128,0,0,0,0,1510,0,1510,1510,0,0,0,498,1,0,0,0,0,0,115,0,70,0,0,100,100
801,17,1,128,0,0,0,0,1510,0,1510,1510,0,0,0,498,1,0,0,0,0,0,115,0,70,0,0,100,100
802,17,1,128,0,0,0,0,1510,0,1510,1510,0,0,0,500,1,0,0,0,0,0,115,0,70,0,0,100,100
803,17,1,128,0,0,0,0,1510,0,1510,1510,0,0,0,500,1,0,0,0,0,0,115,0,70,0,0,100,100
804,17,1,128,0,0,0,0,1510,0,1510,1510,0,0,0,502,1,0,0,0,0,0,115,0,70,0,0,100,100
805,17,1,128,0,0,0,0,1510,0,1510,1510,0,0,0,502,1,0,0,0,0,0,115,0,70,0,0,100,100
806,17,1,128,0,0,0,0,1510,0,1510,1510,0,0,0,504,1,0,0,0,0,0,115,0,70,0,0,100,100
807,17,1,128,0,0,0,0,1510,0,1510,1510,0,0,0,504,1,0,0,0,0,0,115,0,70,0,0,100,100
808,17,1,128,0,0,0,0,1510,0,1510,1510,0,0,0,506,1,0,0,0,0,0,115,0,70,0,0,100,100
809,17,1,128,0,0,0,0,1510,0,1510,1510,0,0,0,506,1,0,0,0,0,0,115,0,70,0,0,100,100
810,17,1,128,0,0,0,0,1510,0,1510,1510,0,0,0,508,1,0,0,0,0,0,115,0,70,0,0,100,100
811,17,1,128,0,0,0,0,1510,0,1510,1510,0,0,0,508,1,0,0,0,0,0,115,0,70,0,0,100,100
812,17,1,128,0,0,0,0,1510,0,1510,1510,0,0,0,510,1,0,0,0,0,0,115,0,70,0,0,100,100
813,17,1,128,0,0,0,0,1510,0,1510,1510,0,0,0,510,1,0,0,0,0,0,115,0,70,0,0,100,100
814,17,1,128,0,0,0,0,1510,0,1510,1510,0,0,0,512,1,0,0,0,0,0,115,0,70,0,0,100,100
815,17,1,128,0,0,0,0,1510,0,1510,1510,0,0,0,512,1,0,0,0,0,0,115,0,70,0,0,100,100
816,17,1,128,0,0,0,0,1510,0,1510,1510,0,0,0,514,1,0,0,0,0,0,115,0,70,0,0,100,100
817,17,1,128,0,0,0,0,1510,0,1510,1510,0,0,0,514,1,0,0,0,0,0,115,0,70,0,0,100,100
818,17,1,128,0,0,0,0,1510,0,1510,1510,0,0,0,516,1,0,0,0,0,0,115,0,70,0,0,100,100
819,17,1,128,0,0,0,0,1510,0,1510,1510,0,0,0,516,1,0,0,0,0,0,115,0,70,0,0,100,100
820,17,1,128,0,0,0,0,1510,0,1510,1510,0,0,0,518,1,0,0,0,0,0,115,0,70,0,0,100,100
821,17,1,128,0,0,0,0,1510,0,1510,1510,0,0,0,518,1,0,0,0,0,0,115,0,70,0,0,100,100
822,17,1,128,0,0,0,0,1510,0,1510,1510,0,0,0,520,1,0,0,0,0,0,115,0,70,0,0,100,100
823,17,1,128,0,0,0,0,1510,0,1510,1510,0,0,0,520,1,0,0,0,0,0,115,0,70,0,0,100,100
824,17,1,128,0,0,0,0,1510,0,1510,1510,0,0,0,522,1,0,0,0,0,0,115,0,70,0,0,100,100
825,17,1,128,0,0,0,0,1510,0,1510,1510,0,0,0,522,1,0,0,0,0,0,115,0,70,0,0,100,100
826,17,1,128,0,0,0,0,1510,0,1510,1510,0,0,0,524,1,0,0,0,0,0,115,0,70,0,0,100,100
827,17,1,128,0,0,0,0,1510,0,1510,1510,0,0,0,524,1,0,0,0,0,0,115,0,70,0,0,100,100
828,17,1,128,0,0,0,0,1510,0,1510,1510,0,0,0,526,1,0,0,0,0,0,115,0,70,0,0,100,100
829,17,1,128,0,0,0,0,1510,0,1510,1510,0,0,0,526,1,0,0,0,0,0,115,0,70,0,0,100,100
830,17,1,128,0,0,0,0,1510,0,1510,1510,0,0,0,528,1,0,0,0,0,0,115,0,70,0,0,100,100
831,17,1,128,0,0,0,0,1510,0,1510,1510,0,0,0,528,1,0,0,0,0,0,115,0,70,0,0,100,100
832,17,1,128,0,0,0,0,1510,0,1510,1510,0,0,0,530,1,0,0,0,0,0,115,0,70,0,0,100,100
833,17,1,128,0,0,0,0,1510,0,1510,1510,0,0,0,530,1,0,0,0,0,0,115,0,70,0,0,100,100
834,17,1,128,0,0,0,0,1510,0,1510,1510,0,0,0,532,1,0,0,0,0,0,115,0,70,0,0,100,100
835,17,1,128,0,0,0,0,1510,0,1510,1510,0,0,0,532,1,0,0,0,0,0,115,0,70,0,0,100,100
836,17,1,128,0,0,0,0,1510,0,1510,1510,0,0,0,534,1,0,0,0,0,0,115,0,70,0,0,100,100
837,17,1,128,0,0,0,0,1510,0,1510,1510,0,0,0,534,1,0,0,0,0,0,115,0,70,0,0,100,100
838,17,1,128,0,0,0,0,1510,0,1510,1510,0,0,0,536,1,0,0,0,0,0,115,0,70,0,0,100,100
839,17,1,128,0,0,0,0,1510,0,1510,1510,0,0,0,536,1,0,0,0,0,0,115,0,70,0,0,100,100
840,17,1,128,0,0,0,0,1510,0,1510,1510,0,0,0,538,1,0,0,0,0,0,115,0,70,0,0,100,100
841,17,1,128,0,0,0,0,1510,0,1510,1510,0,0,0,538,1,0,0,0,0,0,115,0,70,0,0,100,100
842,17,1,128,0,0,0,0,1510,0,1510,1510,0,0,0,540,1,0,0,0,0,0,115,0,70,0,0,100,100
843,17,1,128,0,0,0,0,1510,0,1510,1510,0,0,0,540,1,0,0,0,0,0,115,0,70,0,0,100,100
844,17,1,128,0,0,0,0,1510,0,1510,1510,0,0,0,542,1,0,0,0,0,0,115,0,70,0,0,100,100
845,17,1,128,0,0,0,0,1510,0,1510,1510,0,0,0,542,1,0,0,0,0,0,115,0,70,0,0,100,100
846,17,1,128,0,0,0,0,1510,0,1510,1510,0,0,0,544,1,0,0,0,0,0,115,0,70,0,0,100,100
847,17,1,128,0,0,0,0,1510,0,1510,1510,0,0,0,544,1,0,0,0,0,0,115,0,70,0,0,100,100
848,17,1,128,0,0,0,0,1510,0,1510,1510,0,0,0,546,1,0,0,0,0,0,115,0,70,0,0,100,100
849,17,1,128,0,0,0,0,1510,0,1510,1510,0,0,0,546,1,0,0,0,0,0,115,0,70,0,0,100,100
850,17,1,128,0,0,0,0,1510,0,1510,1510,0,0,0,548,1,0,0,0,0,0,115,0,70,0,0,100,100
851,17,1,128,0,0,0,0,1510,0,1510,1510,0,0,0,548,1,0,0,0,0,0,115,0,70,0,0,100,100
852,17,1,128,0,0,0,0,1510,0,1510,1510,0,0,0,550,1,0,0,0,0,0,115,0,70,0,0,100,100
853,17,1,128,0,0,0,0,1510,0,1510,1510,0,0,0,550,1,0,0,0,0,0,115,0,70,0,0,100,100
854,17,1,128,0,0,0,0,1510,0,1510,1510,0,0,0,552,1,0,0,0,0,0,115,0,70,0,0,100,100
855,17,1,128,0,0,0,0,1510,0,1510,1510,0,0,0,552,1,0,0,0,0,0,115,0,70,0,0,100,100
856,17,1,128,0,0,0,0,1510,0,1510,1510,0,0,0,554,1,0,0,0,0,0,115,0,70,0,0,100,100
857,17,1,128,0,0,0,0,1510,0,1510,1510,0,0,0,554,1,0,0,0,0,0,115,0,70,0,0,100,100
858,17,1,128,0,0,0,0,1510,0,1510,1510,0,0,0,556,1,0,0,0,0,0,115,0,70,0,0,100,100
859,17,1,128,0,0,0,0,1510,0,1510,1510,0,0,0,556,1,0,0,0,0,0,115,0,70,0,0,100,100
860,17,1,128,0,0,0,0,1510,0,1510,1510,0,0,0,558,1,0,0,0,0,0,115,0,70,0,0,100,100
861,17,1,128,0,0,0,0,1510,0,1510,1510,0,0,0,558,1,0,0,0,0,0,115,0,70,0,0,100,100
862,17,1,128,0,0,0,0,1510,0,1510,1510,0,0,0,560,1,0,0,0,0,0,115,0,70,0,0,100,100
863,17,1,128,0,0,0,0,1510,0,1510,1510,0,0,0,560,1,0,0,0,0,0,115,0,70,0,0,100,100
864,17,1,128,0,0,0,0,1510,0,1510,1510,0,0,0,562,1,0,0,0,0,0,115,0,70,0,0,100,100
865,17,1,128,0,0,0,0,1510,0,1510,1510,0,0,0,562,1,0,0,0,0,0,115,0,70,0,0,100,100
866,17,1,128,0,0,0,0,1510,0,1510,1510,0,0,0,564,1,0,0,0,0,0,115,0,70,0,0,100,100
867,17,1,128,0,0,0,0,1510,0,1510,1510,0,0,0,564,1,0,0,0,0,0,115,0,70,0,0,100,100
868,17,1,128,0,0,0,0,1510,0,1510,1510,0,0,0,566,1,0,0,0,0,0,115,0,70,0,0,100,100
869,17,1,128,0,0,0,0,1510,0,1510,1510,0,0,0,566,1,0,0,0,0,0,115,0,70,0,0,100,100
870,17,1,128,0,0,0,0,1510,0,1510,1510,0,0,0,568,1,0,0,0,0,0,115,0,70,0,0,100,100
871,17,1,128,0,0,0,0,1510,0,1510,1510,0,0,0,568,1,0,0,0,0,0,115,0,70,0,0,100,100
872,17,1,128,0,0,0,0,1510,0,1510,1510,0,0,0,570,1,0,0,0,0,0,115,0,70,0,0,100,100
873,17,1,128,0,0,0,0,1510,0,1510,1510,0,0,0,570,1,0,0,0,0,0,115,0,70,0,0,100,100
874,17,1,128,0,0,0,0,1510,0,1510,1510,0,0,0,572,1,0,0,0,0,0,115,0,70,0,0,100,100
875,17,1,128,0,0,0,0,1510,0,1510,1510,0,0,0,572,1,0,0,0,0,0,115,0,70,0,0,100,100
876,17,1,128,0,0,0,0,1510,0,1510,1510,0,0,0,574,1,0,0,0,0,0,115,0,70,0,0,100,100
877,17,1,128,0,0,0,0,1510,0,1510,1510,0,0,0,574,1,0,0,0,0,0,115,0,70,0,0,100,100
878,17,1,128,0,0,0,0,1510,0,1510,1510,0,0,0,576,1,0,0,0,0,0,115,0,70,0,0,100,100
879,17,1,128,0,0,0,0,1510,0,1510,1510,0,0,0,576,1,0,0,0,0,0,115,0,70,0,0,100,100
880,17,1,128,0,0,0,0,1510,0,1510,1510,0,0,0,578,1,0,0,0,0,0,115,0,70,0,0,100,100
881,17,1,128,0,0,0,0,1510,0,1510,1510,0,0,0,578,1,0,0,0,0,0,115,0,70,0,0,100,100
882,17,1,128,0,0,0,0,1510,0,1510,1510,0,0,0,580,1,0,0,0,0,0,115,0,70,0,0,100,100
883,17,1,128,0,0,0,0,1510,0,1510,1510,0,0,0,580,1,0,0,0,0,0,115,0,70,0,0,100,100
884,17,1,128,0,0,0,0,1510,0,1510,1510,0,0,0,582,1,0,0,0,0,0,115,0,70,0,0,100,100
885,17,1,128,0,0,0,0,1510,0,1510,1510,0,0,0,582,1,0,0,0,0,0,115,0,70,0,0,100,100
886,17,1,128,0,0,0,0,1510,0,1510,1510,0,0,0,584,1,0,0,0,0,0,115,0,70,0,0,100,100
887,17,1,128,0,0,0,0,1510,0,1510,1510,0,0,0,584,1,0,0,0,0,0,115,0,70,0,0,100,100
888,17,1,128,0,0,0,0,1510,0,1510,1510,0,0,0,586,1,0,0,0,0,0,115,0,70,0,0,100,100
889,17,1,128,0,0,0,0,1510,0,1510,1510,0,0,0,586,1,0,0,0,0,0,115,0,70,0,0,100,100
890,17,1,128,0,0,0,0,1510,0,1510,1510,0,0,0,588,1,0,0,0,0,0,115,0,70,0,0,100,100
891,17,1,128,0,0,0,0,1510,0,1510,1510,0,0,0,588,1,0,0,0,0,0,115,0,70,0,0,100,100
892,17,1,128,0,0,0,0,1510,0,1510,1510,0,0,0,590,1,0,0,0,0,0,115,0,70,0,0,100,100
893,17,1,128,0,0,0,0,1510,0,1510,1510,0,0,0,590,1,0,0,0,0,0,115,0,70,0,0,100,100
894,17,1,128,0,0,0,0,1510,0,1510,1510,0,0,0,592,1,0,0,0,0,0,115,0,70,0,0,100,100
895,17,1,128,0,0,0,0,1510,0,1510,1510,0,0,0,592,1,0,0,0,0,0,115,0,70,0,0,100,100
896,17,1,128,0,0,0,0,1510,0,1510,1510,0,0,0,594,1,0,0,0,0,0,115,0,70,0,0,100,100
897,17,1,128,0,0,0,0,1510,0,1510,1510,0,0,0,594,1,0,0,0,0,0,115,0,70,0,0,100,100
898,17,1,128,0,0,0,0,1510,0,1510,1510,0,0,0,596,1,0,0,0,0,0,115,0,70,0,0,100,100
899,17,1,128,0,0,0,0,1510,0,1510,1510,0,0,0,596,1,0,0,0,0,0,115,0,70,0,0,100,100
900,17,1,128,0,0,0,0,1510,0,1510,1510,0,0,0,598,1,0,0,0,0,0,115,0,70,0,0,100,100
901,17,1,128,0,0,0,0,1510,0,1510,1510,0,0,0,598,1,0,0,0,0,0,115,0,70,0,0,100,100
902,17,1,128,0,0,0,0,1510,0,1510,1510,0,0,0,600,1,0,0,0,0,0,115,0,70,0,0,100,100
903,17,1,128,0,0,0,0,1510,0,1510,1510,0,0,0,600,1,0,0,0,0,0,115,0,70,0,0,100,100
904,17,1,128,0,0,0,0,1510,0,1510,1510,0,0,0,602,1,0,0,0,0,0,115,0,70,0,0,100,100
905,17,1,128,0,0,0,0,1510,0,1510,1510,0,0,0,602,1,0,0,0,0,0,115,0,70,0,0,100,100
906,17,1,128,0,0,0,0,1510,0,1510,1510,0,0,0,604,1,0,0,0,0,0,115,0,70,0,0,100,100
907,17,1,128,0,0,0,0,1510,0,1510,1510,0,0,0,604,1,0,0,0,0,0,115,0,70,0,0,100,100
908,17,1,128,0,0,0,0,1510,0,1510,1510,0,0,0,606,1,0,0,0,0,0,115,0,70,0,0,100,100
909,17,1,128,0,0,0,0,1510,0,1510,1510,0,0,0,606,1,0,0,0,0,0,115,0,70,0,0,100,100
910,17,1,128,0,0,0,0,1510,0,1510,1510,0,0,0,608,1,0,0,0,0,0,115,0,70,0,0,100,100
911,17,1,128,0,0,0,0,1510,0,1510,1510,0,0,0,608,1,0,0,0,0,0,115,0,70,0,0,100,100
912,17,1,128,0,0,0,0,1510,0,1510,1510,0,0,0,610,1,0,0,0,0,0,115,0,70,0,0,100,100
913,17,1,128,0,0,0,0,1510,0,1510,1510,0,0,0,610,1,0,0,0,0,0,115,0,70,0,0,100,100
914,17,1,128,0,0,0,0,1510,0,1510,1510,0,0,0,612,1,0,0,0,0,0,115,0,70,0,0,100,100
915,17,1,128,0,0,0,0,1510,0,1510,1510,0,0,0,612,1,0,0,0,0,0,115,0,70,0,0,100,100
916,17,1,128,0,0,0,0,1510,0,1510,1510,0,0,0,614,1,0,0,0,0,0,115,0,70,0,0,100,100
917,17,1,128,0,0,0,0,1510,0,1510,1510,0,0,0,614,1,0,0,0,0,0,115,0,70,0,0,100,100
918,17,1,128,0,0,0,0,1510,0,1510,1510,0,0,0,616,1,0,0,0,0,0,115,0,70,0,0,100,100
919,17,1,128,0,0,0,0,1510,0,1510,1510,0,0,0,616,1,0,0,0,0,0,115,0,70,0,0,100,100
920,17,1,128,0,0,0,0,1510,0,1510,1510,0,0,0,618,1,0,0,0,0,0,115,0,70,0,0,100,100
921,17,1,128,0,0,0,0,1510,0,1510,1510,0,0,0,618,1,0,0,0,0,0,115,0,70,0,0,100,100
922,17,1,128,0,0,0,0,1510,0,1510,1510,0,0,0,620,1,0,0,0,0,0,115,0,70,0,0,100,100
923,17,1,128,0,0,0,0,1510,0,1510,1510,0,0,0,620,1,0,0,0,0,0,115,0,70,0,0,100,100
924,17,1,128,0,0,0,0,1510,0,1510,1510,0,0,0,622,1,0,0,0,0,0,115,0,70,0,0,100,100
925,17,1,128,0,0,0,0,1510,0,1510,1510,0,0,0,622,1,0,0,0,0,0,115,0,70,0,0,100,100
926,17,1,128,0,0,0,0,1510,0,1510,1510,0,0,0,624,1,0,0,0,0,0,115,0,70,0,0,100,100
927,17,1,128,0,0,0,0,1510,0,1510,1510,0,0,0,624,1,0,0,0,0,0,115,0,70,0,0,100,100
928,17,1,128,0,0,0,0,1510,0,1510,1510,0,0,0,626,1,0,0,0,0,0,115,0,70,0,0,100,100
929,17,1,128,0,0,0,0,1510,0,1510,1510,0,0,0,626,1,0,0,0,0,0,115,0,70,0,0,100,100
930,17,1,128,0,0,0,0,1510,0,1510,1510,0,0,0,628,1,0,0,0,0,0,115,0,70,0,0,100,100
931,17,1,128,0,0,0,0,1510,0,1510,1510,0,0,0,628,1,0,0,0,0,0,115,0,70,0,0,100,100
932,17,1,128,0,0,0,0,1510,0,1510,1510,0,0,0,630,1,0,0,0,0,0,115,0,70,0,0,100,100
933,17,1,128,0,0,0,0,1510,0,1510,1510,0,0,0,630,1,0,0,0,0,0,115,0,70,0,0,100,100
934,17,1,128,0,0,0,0,1510,0,1510,1510,0,0,0,632,1,0,0,0,0,0,115,0,70,0,0,100,100
935,17,1,128,0,0,0,0,1510,0,1510,1510,0,0,0,632,1,0,0,0,0,0,115,0,70,0,0,100,100
936,17,1,128,0,0,0,0,1510,0,1510,1510,0,0,0,634,1,0,0,0,0,0,115,0,70,0,0,100,100
937,17,1,128,0,0,0,0,1510,0,1510,1510,0,0,0,634,1,0,0,0,0,0,115,0,70,0,0,100,100
938,17,1,128,0,0,0,0,1510,0,1510,1510,0,0,0,636,1,0,0,0,0,0,115,0,70,0,0,100,100
939,17,1,128,0,0,0,0,1510,0,1510,1510,0,0,0,636,1,0,0,0,0,0,115,0,70,0,0,100,100
940,17,1,128,0,0,0,0,1510,0,1510,1510,0,0,0,638,1,0,0,0,0,0,115,0,70,0,0,100,100
941,17,1,128,0,0,0,0,1510,0,1510,1510,0,0,0,638,1,0,0,0,0,0,115,0,70,0,0,100,100
942,17,1,128,0,0,0,0,1510,0,1510,1510,0,0,0,640,1,0,0,0,0,0,115,0,70,0,0,100,100
943,17,1,128,0,0,0,0,1510,0,1510,1510,0,0,0,640,1,0,0,0,0,0,115,0,70,0,0,100,100
944,17,1,128,0,0,0,0,1510,0,1510,1510,0,0,0,642,1,0,0,0,0,0,115,0,70,0,0,100,100
945,17,1,128,0,0,0,0,1510,0,1510,1510,0,0,0,642,1,0,0,0,0,0,115,0,70,0,0,100,100
946,17,1,128,0,0,0,0,1510,0,1510,1510,0,0,0,644,1,0,0,0,0,0,115,0,70,0,0,100,100
947,17,1,128,0,0,0,0,1510,0,1510,1510,0,0,0,644,1,0,0,0,0,0,115,0,70,0,0,100,100
948,17,1,128,0,0,0,0,1510,0,1510,1510,0,0,0,646,1,0,0,0,0,0,115,0,70,0,0,100,100
949,17,1,128,0,0,0,0,1510,0,1510,1510,0,0,0,646,1,0,0,0,0,0,115,0,70,0,0,100,100
950,17,1,128,0,0,0,0,1510,0,1510,1510,0,0,0,648,1,0,0,0,0,0,115,0,70,0,0,100,100
951,17,1,128,0,0,0,0,1510,0,1510,1510,0,0,0,648,1,0,0,0,0,0,115,0,70,0,0,100,100
952,17,1,128,0,0,0,0,1510,0,1510,1510,0,0,0,650,1,0,0,0,0,0,115,0,70,0,0,100,100
953,17,1,128,0,0,0,0,1510,0,1510,1510,0,0,0,650,1,0,0,0,0,0,115,0,70,0,0,100,100
954,17,1,128,0,0,0,0,1510,0,1510,1510,0,0,0,652,1,0,0,0,0,0,115,0,70,0,0,100,100
955,17,1,128,0,0,0,0,1510,0,1510,1510,0,0,0,652,1,0,0,0,0,0,115,0,70,0,0,100,100
956,17,1,128,0,0,0,0,1510,0,1510,1510,0,0,0,654,1,0,0,0,0,0,115,0,70,0,0,100,100
957,17,1,128,0,0,0,0,1510,0,1510,1510,0,0,0,654,1,0,0,0,0,0,115,0,70,0,0,100,100
958,17,1,128,0,0,0,0,1510,0,1510,1510,0,0,0,656,1,0,0,0,0,0,115,0,70,0,0,100,100
959,17,1,128,0,0,0,0,1510,0,1510,1510,0,0,0,656,1,0,0,0,0,0,115,0,70,0,0,100,100
960,17,1,128,0,0,0,0,1510,0,1510,1510,0,0,0,658,1,0,0,0,0,0,115,0,70,0,0,100,100
961,17,1,128,0,0,0,0,1510,0,1510,1510,0,0,0,658,1,0,0,0,0,0,115,0,70,0,0,100,100
962,17,1,128,0,0,0,0,1510,0,1510,1510,0,0,0,660,1,0,0,0,0,0,115,0,70,0,0,100,100
963,17,1,128,0,0,0,0,1510,0,1510,1510,0,0,0,660,1,0,0,0,0,0,115,0,70,0,0,100,100
964,17,1,128,0,0,0,0,1510,0,1510,1510,0,0,0,662,1,0,0,0,0,0,115,0,70,0,0,100,100
965,17,1,128,0,0,0,0,1510,0,1510,1510,0,0,0,662,1,0,0,0,0,0,115,0,70,0,0,100,100
966,17,1,128,0,0,0,0,1510,0,1510,1510,0,0,0,664,1,0,0,0,0,0,115,0,70,0,0,100,100
967,17,1,128,0,0,0,0,1510,0,1510,1510,0,0,0,664,1,0,0,0,0,0,115,0,70,0,0,100,100
968,17,1,128,0,0,0,0,1510,0,1510,1510,0,0,0,666,1,0,0,0,0,0,115,0,70,0,0,100,100
969,17,1,128,0,0,0,0,1510,0,1510,1510,0,0,0,666,1,0,0,0,0,0,115,0,70,0,0,100,100
970,17,1,128,0,0,0,0,1510,0,1510,1510,0,0,0,668,1,0,0,0,0,0,115,0,70,0,0,100,100
971,17,1,128,0,0,0,0,1510,0,1510,1510,0,0,0,668,1,0,0,0,0,0,115,0,70,0,0,100,100
972,17,1,128,0,0,0,0,1510,0,1510,1510,0,0,0,670,1,0,0,0,0,0,115,0,70,0,0,100,100
973,17,1,128,0,0,0,0,1510,0,1510,1510,0,0,0,670,1,0,0,0,0,0,115,0,70,0,0,100,100
974,17,1,128,0,0,0,0,1510,0,1510,1510,0,0,0,672,1,0,0,0,0,0,115,0,70,0,0,100,100
975,17,1,128,0,0,0,0,1510,0,1510,1510,0,0,0,672,1,0,0,0,0,0,115,0,70,0,0,100,100
976,17,1,128,0,0,0,0,1510,0,1510,1510,0,0,0,674,1,0,0,0,0,0,115,0,70,0,0,100,100
977,17,1,128,0,0,0,0,1510,0,1510,1510,0,0,0,674,1,0,0,0,0,0,115,0,70,0,0,100,100
978,17,1,128,0,0,0,0,1510,0,1510,1510,0,0,0,676,1,0,0,0,0,0,115,0,70,0,0,100,100
979,17,1,128,0,0,0,0,1510,0,1510,1510,0,0,0,676,1,0,0,0,0,0,115,0,70,0,0,100,100
980,17,1,128,0,0,0,0,1510,0,1510,1510,0,0,0,678,1,0,0,0,0,0,115,0,70,0,0,100,100
981,17,1,128,0,0,0,0,1510,0,1510,1510,0,0,0,678,1,0,0,0,0,0,115,0,70,0,0,100,100
982,17,1,128,0,0,0,0,1510,0,1510,1510,0,0,0,680,1,0,0,0,0,0,115,0,70,0,0,100,100
983,17,1,128,0,0,0,0,1510,0,1510,1510,0,0,0,680,1,0,0,0,0,0,115,0,70,0,0,100,100
984,17,1,128,0,0,0,0,1510,0,1510,1510,0,0,0,682,1,0,0,0,0,0,115,0,70,0,0,100,100
985,17,1,128,0,0,0,0,1510,0,1510,1510,0,0,0,682,1,0,0,0,0,0,115,0,70,0,0,100,100
986,17,1,128,0,0,0,0,1510,0,1510,1510,0,0,0,684,1,0,0,0,0,0,115,0,70,0,0,100,100
987,17,1,128,0,0,0,0,1510,0,1510,1510,0,0,0,684,1,0,0,0,0,0,115,0,70,0,0,100,100
988,17,1,128,0,0,0,0,1510,0,1510,1510,0,0,0,686,1,0,0,0,0,0,115,0,70,0,0,100,100
989,17,1,128,0,0,0,0,1510,0,1510,1510,0,0,0,686,1,0,0,0,0,0,115,0,70,0,0,100,100
990,17,1,128,0,0,0,0,1510,0,1510,1510,0,0,0,688,1,0,0,0,0,0,115,0,70,0,0,100,100
991,17,1,128,0,0,0,0,1510,0,1510,1510,0,0,0,688,1,0,0,0,0,0,115,0,70,0,0,100,100
992,17,1,128,0,0,0,0,1510,0,1510,1510,0,0,0,690,1,0,0,0,0,0,115,0,70,0,0,100,100
993,17,1,128,0,0,0,0,1510,0,1510,1510,0,0,0,690,1,0,0,0,0,0,115,0,70,0,0,100,100
994,17,1,128,0,0,0,0,1510,0,1510,1510,0,0,0,692,1,0,0,0,0,0,115,0,70,0,0,100,100
995,17,1,128,0,0,0,0,1510,0,1510,1510,0,0,0,692,1,0,0,0,0,0,115,0,70,0,0,100,100
996,17,1,128,0,0,0,0,1510,0,1510,1510,0,0,0,694,1,0,0,0,0,0,115,0,70,0,0,100,100
997,17,1,128,0,0,0,0,1510,0,1510,1510,0,0,0,694,1,0,0,0,0,0,115,0,70,0,0,100,100
998,17,1,128,0,0,0,0,1510,0,1510,1510,0,0,0,696,1,0,0,0,0,0,115,0,70,0,0,100,100
999,17,1,128,0,0,0,0,1510,0,1510,1510,0,0,0,696,1,0,0,0,0,0,115,0,70,0,0,100,100
1000,17,1,128,0,0,0,0,1510,0,1510,1510,0,0,0,698,1,0,0,0,0,0,115,0,70,0,0,100,100
1001,17,1,128,0,0,0,0,1510,0,1510,1510,0,0,0,698,1,0,0,0,0,0,115,0,70,0,0,100,100
1002,17,1,128,0,0,0,0,1510,0,1510,1510,0,0,0,700,1,0,0,0,0,0,115,0,70,0,0,100,100
1003,17,1,128,0,0,0,0,1510,0,1510,1510,0,0,0,700,1,0,0,0,0,0,115,0,70,0,0,100,100
1004,17,1,128,0,0,0,0,1510,0,1510,1510,0,0,0,702,1,0,0,0,0,0,115,0,70,0,0,100,100
1005,17,1,128,0,0,0,0,1510,0,1510,1510,0,0,0,702,1,0,0,0,0,0,115,0,70,0,0,100,100
1006,17,1,128,0,0,0,0,1510,0,1510,1510,0,0,0,704,1,0,0,0,0,0,115,0,70,0,0,100,100
1007,17,1,128,0,0,0,0,1510,0,1510,1510,0,0,0,704,1,0,0,0,0,0,115,0,70,0,0,100,100
1008,17,1,128,0,0,0,0,1510,0,1510,1510,0,0,0,706,1,0,0,0,0,0,115,0,70,0,0,100,100
1009,17,1,128,0,0,0,0,1510,0,1510,1510,0,0,0,706,1,0,0,0,0,0,115,0,70,0,0,100,100
1010,17,1,128,0,0,0,0,1510,0,1510,1510,0,0,0,708,1,0,0,0,0,0,115,0,70,0,0,100,100
1011,17,1,128,0,0,0,0,1510,0,1510,1510,0,0,0,708,1,0,0,0,0,0,115,0,70,0,0,100,100
1012,17,1,128,0,0,0,0,1510,0,1510,1510,0,0,0,710,1,0,0,0,0,0,115,0,70,0,0,100,100
1013,17,1,128,0,0,0,0,1510,0,1510,1510,0,0,0,710,1,0,0,0,0,0,115,0,70,0,0,100,100
1014,17,1,128,0,0,0,0,1510,0,1510,1510,0,0,0,712,1,0,0,0,0,0,115,0,70,0,0,100,100
1015,17,1,128,0,0,0,0,1510,0,1510,1510,0,0,0,712,1,0,0,0,0,0,115,0,70,0,0,100,100
1016,17,1,128,0,0,0,0,1510,0,1510,1510,0,0,0,714,1,0,0,0,0,0,115,0,70,0,0,100,100
1017,17,1,128,0,0,0,0,1510,0,1510,1510,0,0,0,714,1,0,0,0,0,0,115,0,70,0,0,100,100
1018,17,1,128,0,0,0,0,1510,0,1510,1510,0,0,0,716,1,0,0,0,0,0,115,0,70,0,0,100,100
1019,17,1,128,0,0,0,0,1510,0,1510,1510,0,0,0,716,1,0,0,0,0,0,115,0,70,0,0,100,100
1020,17,1,128,0,0,0,0,1510,0,1510,1510,0,0,0,718,1,0,0,0,0,0,115,0,70,0,0,100,100
1021,17,1,128,0,0,0,0,1510,0,1510,1510,0,0,0,718,1,0,0,0,0,0,115,0,70,0,0,100,100
1022,17,1,128,0,0,0,0,1510,0,1510,1510,0,0,0,720,1,0,0,0,0,0,115,0,70,0,0,100,100
1023,17,1,128,0,0,0,0,1510,0,1510,1510,0,0,0,720,1,0,0,0,0,0,115,0,70,0,0,100,100
1024,17,1,128,0,0,0,0,1510,0,1510,1510,0,0,0,722,1,0,0,0,0,0,115,0,70,0,0,100,100
1025,17,1,128,0,0,0,0,1510,0,1510,1510,0,0,0,722,1,0,0,0,0,0,115,0,70,0,0,100,100
1026,17,1,128,0,0,0,0,1510,0,1510,1510,0,0,0,724,1,0,0,0,0,0,115,0,70,0,0,100,100
1027,17,1,128,0,0,0,0,1510,0,1510,1510,0,0,0,724,1,0,0,0,0,0,115,0,70,0,0,100,100
1028,17,1,128,0,0,0,0,1510,0,1510,1510,0,0,0,726,1,0,0,0,0,0,115,0,70,0,0,100,100
1029,17,1,128,0,0,0,0,1510,0,1510,1510,0,0,0,726,1,0,0,0,0,0,115,0,70,0,0,100,100
1030,17,1,128,0,0,0,0,1510,0,1510,1510,0,0,0,728,1,0,0,0,0,0,115,0,70,0,0,100,100
1031,17,1,128,0,0,0,0,1510,0,1510,1510,0,0,0,728,1,0,0,0,0,0,115,0,70,0,0,100,100
1032,17,1,128,0,0,0,0,1510,0,1510,1510,0,0,0,730,1,0,0,0,0,0,115,0,70,0,0,100,100
1033,17,1,128,0,0,0,0,1510,0,1510,1510,0,0,0,730,1,0,0,0,0,0,115,0,70,0,0,100,100
1034,17,1,128,0,0,0,0,1510,0,1510,1510,0,0,0,732,1,0,0,0,0,0,115,0,70,0,0,100,100
1035,17,1,128,0,0,0,0,1510,0,1510,1510,0,0,0,732,1,0,0,0,0,0,115,0,70,0,0,100,100
1036,17,1,128,0,0,0,0,1510,0,1510,1510,0,0,0,734,1,0,0,0,0,0,115,0,70,0,0,100,100
1037,17,1,128,0,0,0,0,1510,0,1510,1510,0,0,0,734,1,0,0,0,0,0,115,0,70,0,0,100,100
1038,17,1,128,0,0,0,0,1510,0,1510,1510,0,0,0,736,1,0,0,0,0,0,115,0,70,0,0,100,100
1039,17,1,128,0,0,0,0,1510,0,1510,1510,0,0,0,736,1,0,0,0,0,0,115,0,70,0,0,100,100
1040,17,1,128,0,0,0,0,1510,0,1510,1510,0,0,0,738,1,0,0,0,0,0,115,0,70,0,0,100,100
1041,17,1,128,0,0,0,0,1510,0,1510,1510,0,0,0,738,1,0,0,0,0,0,115,0,70,0,0,100,100
1042,17,1,128,0,0,0,0,1510,0,1510,1510,0,0,0,740,1,0,0,0,0,0,115,0,70,0,0,100,100
1043,17,1,128,0,0,0,0,1510,0,1510,1510,0,0,0,740,1,0,0,0,0,0,115,0,70,0,0,100,100
1044,17,1,128,0,0,0,0,1510,0,1510,1510,0,0,0,742,1,0,0,0,0,0,115,0,70,0,0,100,100
1045,17,1,128,0,0,0,0,1510,0,1510,1510,0,0,0,742,1,0,0,0,0,0,115,0,70,0,0,100,100
1046,17,1,128,0,0,0,0,1510,0,1510,1510,0,0,0,744,1,0,0,0,0,0,115,0,70,0,0,100,100
1047,17,1,128,0,0,0,0,1510,0,1510,1510,0,0,0,744,1,0,0,0,0,0,115,0,70,0,0,100,100
1048,17,1,128,0,0,0,0,1510,0,1510,1510,0,0,0,746,1,0,0,0,0,0,115,0,70,0,0,100,100
1049,17,1,128,0,0,0,0,1510,0,1510,1510,0,0,0,746,1,0,0,0,0,0,115,0,70,0,0,100,100
1050,17,1,128,0,0,0,0,1510,0,1510,1510,0,0,0,748,1,0,0,0,0,0,115,0,70,0,0,100,100
1051,17,1,128,0,0,0,0,1510,0,1510,1510,0,0,0,748,1,0,0,0,0,0,115,0,70,0,0,100,100
1052,17,1,128,0,0,0,0,1510,0,1510,1510,0,0,0,750,1,0,0,0,0,0,115,0,70,0,0,100,100
1053,17,1,128,0,0,0,0,1510,0,1510,1510,0,0,0,750,1,0,0,0,0,0,115,0,70,0,0,100,100
1054,17,1,128,0,0,0,0,1510,0,1510,1510,0,0,0,752,1,0,0,0,0,0,115,0,70,0,0,100,100
1055,17,1,128,0,0,0,0,1510,0,1510,1510,0,0,0,752,1,0,0,0,0,0,115,0,70,0,0,100,100
1056,17,1,128,0,0,0,0,1510,0,1510,1510,0,0,0,754,1,0,0,0,0,0,115,0,70,0,0,100,100
1057,17,1,128,0,0,0,0,1510,0,1510,1510,0,0,0,754,1,0,0,0,0,0,115,0,70,0,0,100,100
1058,17,1,128,0,0,0,0,1510,0,1510,1510,0,0,0,756,1,0,0,0,0,0,115,0,70,0,0,100,100
1059,17,1,128,0,0,0,0,1510,0,1510,1510,0,0,0,756,1,0,0,0,0,0,115,0,70,0,0,100,100
1060,17,1,128,0,0,0,0,1510,0,1510,1510,0,0,0,758,1,0,0,0,0,0,115,0,70,0,0,100,100
1061,17,1,128,0,0,0,0,1510,0,1510,1510,0,0,0,758,1,0,0,0,0,0,115,0,70,0,0,100,100
1062,17,1,128,0,0,0,0,1510,0,1510,1510,0,0,0,760,1,0,0,0,0,0,115,0,70,0,0,100,100
1063,17,1,128,0,0,0,0,1510,0,1510,1510,0,0,0,760,1,0,0,0,0,0,115,0,70,0,0,100,100
1064,17,1,128,0,0,0,0,1510,0,1510,1510,0,0,0,762,1,0,0,0,0,0,115,0,70,0,0,100,100
1065,17,1,128,0,0,0,0,1510,0,1510,1510,0,0,0,762,1,0,0,0,0,0,115,0,70,0,0,100,100
1066,17,1,128,0,0,0,0,1510,0,1510,1510,0,0,0,764,1,0,0,0,0,0,115,0,70,0,0,100,100
1067,17,1,128,0,0,0,0,1510,0,1510,1510,0,0,0,764,1,0,0,0,0,0,115,0,70,0,0,100,100
1068,17,1,128,0,0,0,0,1510,0,1510,1510,0,0,0,766,1,0,0,0,0,0,115,0,70,0,0,100,100
1069,17,1,128,0,0,0,0,1510,0,1510,1510,0,0,0,766,1,0,0,0,0,0,115,0,70,0,0,100,100
1070,17,1,128,0,0,0,0,1510,0,1510,1510,0,0,0,768,1,0,0,0,0,0,115,0,70,0,0,100,100
1071,17,1,128,0,0,0,0,1510,0,1510,1510,0,0,0,768,1,0,0,0,0,0,115,0,70,0,0,100,100
1072,17,1,128,0,0,0,0,1510,0,1510,1510,0,0,0,770,1,0,0,0,0,0,115,0,70,0,0,100,100
1073,17,1,128,0,0,0,0,1510,0,1510,1510,0,0,0,770,1,0,0,0,0,0,115,0,70,0,0,100,100
1074,17,1,128,0,0,0,0,1510,0,1510,1510,0,0,0,772,1,0,0,0,0,0,115,0,70,0,0,100,100
1075,17,1,128,0,0,0,0,1510,0,1510,1510,0,0,0,772,1,0,0,0,0,0,115,0,70,0,0,100,100
1076,17,1,128,0,0,0,0,1510,0,1510,1510,0,0,0,774,1,0,0,0,0,0,115,0,70,0,0,100,100
1077,17,1,128,0,0,0,0,1510,0,1510,1510,0,0,0,774,1,0,0,0,0,0,115,0,70,0,0,100,100
1078,17,1,128,0,0,0,0,1510,0,1510,1510,0,0,0,776,1,0,0,0,0,0,115,0,70,0,0,100,100
1079,17,1,128,0,0,0,0,1510,0,1510,1510,0,0,0,776,1,0,0,0,0,0,115,0,70,0,0,100,100
1080,17,1,128,0,0,0,0,1510,0,1510,1510,0,0,0,778,1,0,0,0,0,0,115,0,70,0,0,100,100
1081,17,1,128,0,0,0,0,1510,0,1510,1510,0,0,0,778,1,0,0,0,0,0,115,0,70,0,0,100,100
1082,17,1,128,0,0,0,0,1510,0,1510,1510,0,0,0,780,1,0,0,0,0,0,115,0,70,0,0,100,100
1083,17,1,128,0,0,0,0,1510,0,1510,1510,0,0,0,780,1,0,0,0,0,0,115,0,70,0,0,100,100
1084,17,1,128,0,0,0,0,1510,0,1510,1510,0,0,0,782,1,0,0,0,0,0,115,0,70,0,0,100,100
1085,17,1,128,0,0,0,0,1510,0,1510,1510,0,0,0,782,1,0,0,0,0,0,115,0,70,0,0,100,100
1086,17,1,128,0,0,0,0,1510,0,1510,1510,0,0,0,784,1,0,0,0,0,0,115,0,70,0,0,100,100
1087,17,1,128,0,0,0,0,1510,0,1510,1510,0,0,0,784,1,0,0,0,0,0,115,0,70,0,0,100,100
1088,17,1,128,0,0,0,0,1510,0,1510,1510,0,0,0,786,1,0,0,0,0,0,115,0,70,0,0,100,100
1089,17,1,128,0,0,0,0,1510,0,1510,1510,0,0,0,786,1,0,0,0,0,0,115,0,70,0,0,100,100
1090,17,1,128,0,0,0,0,1510,0,1510,1510,0,0,0,788,1,0,0,0,0,0,115,0,70,0,0,100,100
1091,17,1,128,0,0,0,0,1510,0,1510,1510,0,0,0,788,1,0,0,0,0,0,115,0,70,0,0,100,100
1092,17,1,128,0,0,0,0,1510,0,1510,1510,0,0,0,790,1,0,0,0,0,0,115,0,70,0,0,100,100
1093,17,1,128,0,0,0,0,1510,0,1510,1510,0,0,0,790,1,0,0,0,0,0,115,0,70,0,0,100,100
1094,17,1,128,0,0,0,0,1510,0,1510,1510,0,0,0,792,1,0,0,0,0,0,115,0,70,0,0,100,100
1095,17,1,128,0,0,0,0,1510,0,1510,1510,0,0,0,792,1,0,0,0,0,0,115,0,70,0,0,100,100
1096,17,1,128,0,0,0,0,1510,0,1510,1510,0,0,0,794,1,0,0,0,0,0,115,0,70,0,0,100,100
1097,17,1,128,0,0,0,0,1510,0,1510,1510,0,0,0,794,1,0,0,0,0,0,115,0,70,0,0,100,100
1098,17,1,128,0,0,0,0,1510,0,1510,1510,0,0,0,796,1,0,0,0,0,0,115,0,70,0,0,100,100
1099,17,1,128,0,0,0,0,1510,0,1510,1510,0,0,0,796,1,0,0,0,0,0,115,0,70,0,0,100,100
1100,17,1,128,0,0,0,0,1510,0,1510,1510,0,0,0,798,1,0,0,0,0,0,115,0,70,0,0,100,100
1101,17,1,128,0,0,0,0,1510,0,1510,1510,0,0,0,798,1,0,0,0,0,0,115,0,70,0,0,100,100
1102,17,1,128,0,0,0,0,1510,0,1510,1510,0,0,0,800,1,0,0,0,0,0,115,0,70,0,0,100,100
1103,17,1,128,0,0,0,0,1510,0,1510,1510,0,0,0,800,1,0,0,0,0,0,115,0,70,0,0,100,100
1104,17,1,128,0,0,0,0,1510,0,1510,1510,0,0,0,802,1,0,0,0,0,0,115,0,70,0,0,100,100
1105,17,1,128,0,0,0,0,1510,0,1510,1510,0,0,0,802,1,0,0,0,0,0,115,0,70,0,0,100,100
1106,17,1,128,0,0,0,0,1510,0,1510,1510,0,0,0,804,1,0,0,0,0,0,115,0,70,0,0,100,100
1107,17,1,128,0,0,0,0,1510,0,1510,1510,0,0,0,804,1,0,0,0,0,0,115,0,70,0,0,100,100
1108,17,1,128,0,0,0,0,1510,0,1510,1510,0,0,0,806,1,0,0,0,0,0,115,0,70,0,0,100,100
1109,17,1,128,0,0,0,0,1510,0,1510,1510,0,0,0,806,1,0,0,0,0,0,115,0,70,0,0,100,100
1110,17,1,128,0,0,0,0,1510,0,1510,1510,0,0,0,808,1,0,0,0,0,0,115,0,70,0,0,100,100
1111,17,1,128,0,0,0,0,1510,0,1510,1510,0,0,0,808,1,0,0,0,0,0,115,0,70,0,0,100,100
1112,17,1,128,0,0,0,0,1510,0,1510,1510,0,0,0,810,1,0,0,0,0,0,115,0,70,0,0,100,100
1113,17,1,128,0,0,0,0,1510,0,1510,1510,0,0,0,810,1,0,0,0,0,0,115,0,70,0,0,100,100
1114,17,1,128,0,0,0,0,1510,0,1510,1510,0,0,0,812,1,0,0,0,0,0,115,0,70,0,0,100,100
1115,17,1,128,0,0,0,0,1510,0,1510,1510,0,0,0,812,1,0,0,0,0,0,115,0,70,0,0,100,100
1116,17,1,128,0,0,0,0,1510,0,1510,1510,0,0,0,814,1,0,0,0,0,0,115,0,70,0,0,100,100
1117,17,1,128,0,0,0,0,1510,0,1510,1510,0,0,0,814,1,0,0,0,0,0,115,0,70,0,0,100,100
1118,17,1,128,0,0,0,0,1510,0,1510,1510,0,0,0,816,1,0,0,0,0,0,115,0,70,0,0,100,100
1119,17,1,128,0,0,0,0,1510,0,1510,1510,0,0,0,816,1,0,0,0,0,0,115,0,70,0,0,100,100
1120,17,1,128,0,0,0,0,1510,0,1510,1510,0,0,0,818,1,0,0,0,0,0,115,0,70,0,0,100,100
1121,17,1,128,0,0,0,0,1510,0,1510,1510,0,0,0,818,1,0,0,0,0,0,115,0,70,0,0,100,100
1122,17,1,128,0,0,0,0,1510,0,1510,1510,0,0,0,820,1,0,0,0,0,0,115,0,70,0,0,100,100
1123,17,1,128,0,0,0,0,1510,0,1510,1510,0,0,0,820,1,0,0,0,0,0,115,0,70,0,0,100,100
1124,17,1,128,0,0,0,0,1510,0,1510,1510,0,0,0,822,1,0,0,0,0,0,115,0,70,0,0,100,100
1125,17,1,128,0,0,0,0,1510,0,1510,1510,0,0,0,822,1,0,0,0,0,0,115,0,70,0,0,100,100
1126,17,1,128,0,0,0,0,1510,0,1510,1510,0,0,0,824,1,0,0,0,0,0,115,0,70,0,0,100,100
1127,17,1,128,0,0,0,0,1510,0,1510,1510,0,0,0,824,1,0,0,0,0,0,115,0,70,0,0,100,100
1128,17,1,128,0,0,0,0,1510,0,1510,1510,0,0,0,826,1,0,0,0,0,0,115,0,70,0,0,100,100
1129,17,1,128,0,0,0,0,1510,0,1510,1510,0,0,0,826,1,0,0,0,0,0,115,0,70,0,0,100,100
1130,17,1,128,0,0,0,0,1510,0,1510,1510,0,0,0,828,1,0,0,0,0,0,115,0,70,0,0,100,100
1131,17,1,128,0,0,0,0,1510,0,1510,1510,0,0,0,828,1,0,0,0,0,0,115,0,70,0,0,100,100
1132,17,1,128,0,0,0,0,1510,0,1510,1510,0,0,0,830,1,0,0,0,0,0,115,0,70,0,0,100,100
1133,17,1,128,0,0,0,0,1510,0,1510,1510,0,0,0,830,1,0,0,0,0,0,115,0,70,0,0,100,100
1134,17,1,128,0,0,0,0,1510,0,1510,1510,0,0,0,832,1,0,0,0,0,0,115,0,70,0,0,100,100
1135,17,1,128,0,0,0,0,1510,0,1510,1510,0,0,0,832,1,0,0,0,0,0,115,0,70,0,0,100,100
1136,17,1,128,0,0,0,0,1510,0,1510,1510,0,0,0,834,1,0,0,0,0,0,115,0,70,0,0,100,100
1137,17,1,128,0,0,0,0,1510,0,1510,1510,0,0,0,834,1,0,0,0,0,0,115,0,70,0,0,100,100
1138,17,1,128,0,0,0,0,1510,0,1510,1510,0,0,0,836,1,0,0,0,0,0,115,0,70,0,0,100,100
1139,17,1,128,0,0,0,0,1510,0,1510,1510,0,0,0,836,1,0,0,0,0,0,115,0,70,0,0,100,100
1140,17,1,128,0,0,0,0,1510,0,1510,1510,0,0,0,838,1,0,0,0,0,0,115,0,70,0,0,100,100
1141,17,1,128,0,0,0,0,1510,0,1510,1510,0,0,0,838,1,0,0,0,0,0,115,0,70,0,0,100,100
1142,17,1,128,0,0,0,0,1510,0,1510,1510,0,0,0,840,1,0,0,0,0,0,115,0,70,0,0,100,100
1143,17,1,128,0,0,0,0,1510,0,1510,1510,0,0,0,840,1,0,0,0,0,0,115,0,70,0,0,100,100
1144,17,1,128,0,0,0,0,1510,0,1510,1510,0,0,0,842,1,0,0,0,0,0,115,0,70,0,0,100,100
1145,17,1,128,0,0,0,0,1510,0,1510,1510,0,0,0,842,1,0,0,0,0,0,115,0,70,0,0,100,100
1146,17,1,128,0,0,0,0,1510,0,1510,1510,0,0,0,844,1,0,0,0,0,0,115,0,70,0,0,100,100
1147,17,1,128,0,0,0,0,1510,0,1510,1510,0,0,0,844,1,0,0,0,0,0,115,0,70,0,0,100,100
1148,17,1,128,0,0,0,0,1510,0,1510,1510,0,0,0,846,1,0,0,0,0,0,115,0,70,0,0,100,100
1149,17,1,128,0,0,0,0,1510,0,1510,1510,0,0,0,846,1,0,0,0,0,0,115,0,70,0,0,100,100
1150,17,1,128,0,0,0,0,1510,0,1510,1510,0,0,0,848,1,0,0,0,0,0,115,0,70,0,0,100,100
1151,17,1,128,0,0,0,0,1510,0,1510,1510,0,0,0,848,1,0,0,0,0,0,115,0,70,0,0,100,100
1152,17,1,128,0,0,0,0,1510,0,1510,1510,0,0,0,850,1,0,0,0,0,0,115,0,70,0,0,100,100
1153,17,1,128,0,0,0,0,1510,0,1510,1510,0,0,0,850,1,0,0,0,0,0,115,0,70,0,0,100,100
1154,17,1,128,0,0,0,0,1510,0,1510,1510,0,0,0,852,1,0,0,0,0,0,115,0,70,0,0,100,100
1155,17,1,128,0,0,0,0,1510,0,1510,1510,0,0,0,852,1,0,0,0,0,0,115,0,70,0,0,100,100
1156,17,1,128,0,0,0,0,1510,0,1510,1510,0,0,0,854,1,0,0,0,0,0,115,0,70,0,0,100,100
1157,17,1,128,0,0,0,0,1510,0,1510,1510,0,0,0,854,1,0,0,0,0,0,115,0,70,0,0,100,100
1158,17,1,128,0,0,0,0,1510,0,1510,1510,0,0,0,856,1,0,0,0,0,0,115,0,70,0,0,100,100
1159,17,1,128,0,0,0,0,1510,0,1510,1510,0,0,0,856,1,0,0,0,0,0,115,0,70,0,0,100,100
1160,17,1,128,0,0,0,0,1510,0,1510,1510,0,0,0,858,1,0,0,0,0,0,115,0,70,0,0,100,100
1161,17,1,128,0,0,0,0,1510,0,1510,1510,0,0,0,858,1,0,0,0,0,0,115,0,70,0,0,100,100
1162,17,1,128,0,0,0,0,1510,0,1510,1510,0,0,0,860,1,0,0,0,0,0,115,0,70,0,0,100,100
1163,17,1,128,0,0,0,0,1510,0,1510,1510,0,0,0,860,1,0,0,0,0,0,115,0,70,0,0,100,100
1164,17,1,128,0,0,0,0,1510,0,1510,1510,0,0,0,862,1,0,0,0,0,0,115,0,70,0,0,100,100
1165,17,1,128,0,0,0,0,1510,0,1510,1510,0,0,0,862,1,0,0,0,0,0,115,0,70,0,0,100,100
1166,17,1,128,0,0,0,0,1510,0,1510,1510,0,0,0,864,1,0,0,0,0,0,115,0,70,0,0,100,100
1167,17,1,128,0,0,0,0,1510,0,1510,1510,0,0,0,864,1,0,0,0,0,0,115,0,70,0,0,100,100
1168,17,1,128,0,0,0,0,1510,0,1510,1510,0,0,0,866,1,0,0,0,0,0,115,0,70,0,0,100,100
1169,17,1,128,0,0,0,0,1510,0,1510,1510,0,0,0,866,1,0,0,0,0,0,115,0,70,0,0,100,100
1170,17,1,128,0,0,0,0,1510,0,1510,1510,0,0,0,868,1,0,0,0,0,0,115,0,70,0,0,100,100
1171,17,1,128,0,0,0,0,1510,0,1510,1510,0,0,0,868,1,0,0,0,0,0,115,0,70,0,0,100,100
1172,17,1,128,0,0,0,0,1510,0,1510,1510,0,0,0,870,1,0,0,0,0,0,115,0,70,0,0,100,100
1173,17,1,128,0,0,0,0,1510,0,1510,1510,0,0,0,870,1,0,0,0,0,0,115,0,70,0,0,100,100
1174,17,1,128,0,0,0,0,1510,0,1510,1510,0,0,0,872,1,0,0,0,0,0,115,0,70,0,0,100,100
1175,17,1,128,0,0,0,0,1510,0,1510,1510,0,0,0,872,1,0,0,0,0,0,115,0,70,0,0,100,100
1176,17,1,128,0,0,0,0,1510,0,1510,1510,0,0,0,874,1,0,0,0,0,0,115,0,70,0,0,100,100
1177,17,1,128,0,0,0,0,1510,0,1510,1510,0,0,0,874,1,0,0,0,0,0,115,0,70,0,0,100,100
1178,17,1,128,0,0,0,0,1510,0,1510,1510,0,0,0,876,1,0,0,0,0,0,115,0,70,0,0,100,100
1179,17,1,128,0,0,0,0,1510,0,1510,1510,0,0,0,876,1,0,0,0,0,0,115,0,70,0,0,100,100
1180,17,1,128,0,0,0,0,1510,0,1510,1510,0,0,0,878,1,0,0,0,0,0,115,0,70,0,0,100,100
1181,17,1,128,0,0,0,0,1510,0,1510,1510,0,0,0,878,1,0,0,0,0,0,115,0,70,0,0,100,100
1182,17,1,128,0,0,0,0,1510,0,1510,1510,0,0,0,880,1,0,0,0,0,0,115,0,70,0,0,100,100
1183,17,1,128,0,0,0,0,1510,0,1510,1510,0,0,0,880,1,0,0,0,0,0,115,0,70,0,0,100,100
1184,17,1,128,0,0,0,0,1510,0,1510,1510,0,0,0,882,1,0,0,0,0,0,115,0,70,0,0,100,100
1185,17,1,128,0,0,0,0,1510,0,1510,1510,0,0,0,882,1,0,0,0,0,0,115,0,70,0,0,100,100
1186,17,1,128,0,0,0,0,1510,0,1510,1510,0,0,0,884,1,0,0,0,0,0,115,0,70,0,0,100,100
1187,17,1,128,0,0,0,0,1510,0,1510,1510,0,0,0,884,1,0,0,0,0,0,115,0,70,0,0,100,100
1188,17,1,128,0,0,0,0,1510,0,1510,1510,0,0,0,886,1,0,0,0,0,0,115,0,70,0,0,100,100
1189,17,1,128,0,0,0,0,1510,0,1510,1510,0,0,0,886,1,0,0,0,0,0,115,0,70,0,0,100,100
1190,17,1,128,0,0,0,0,1510,0,1510,1510,0,0,0,888,1,0,0,0,0,0,115,0,70,0,0,100,100
1191,17,1,128,0,0,0,0,1510,0,1510,1510,0,0,0,888,1,0,0,0,0,0,115,0,70,0,0,100,100
1192,17,1,128,0,0,0,0,1510,0,1510,1510,0,0,0,890,1,0,0,0,0,0,115,0,70,0,0,100,100
1193,17,1,128,0,0,0,0,1510,0,1510,1510,0,0,0,890,1,0,0,0,0,0,115,0,70,0,0,100,100
1194,17,1,128,0,0,0,0,1510,0,1510,1510,0,0,0,892,1,0,0,0,0,0,115,0,70,0,0,100,100
1195,17,1,128,0,0,0,0,1510,0,1510,1510,0,0,0,892,1,0,0,0,0,0,115,0,70,0,0,100,100
1196,17,1,128,0,0,0,0,1510,0,1510,1510,0,0,0,894,1,0,0,0,0,0,115,0,70,0,0,100,100
1197,17,1,128,0,0,0,0,1510,0,1510,1510,0,0,0,894,1,0,0,0,0,0,115,0,70,0,0,100,100
1198,17,1,128,0,0,0,0,1510,0,1510,1510,0,0,0,896,1,0,0,0,0,0,115,0,70,0,0,100,100
1199,17,1,128,0,0,0,0,1510,0,1510,1510,0,0,0,896,1,0,0,0,0,0,115,0,70,0,0,100,100
1200,17,1,128,0,0,0,0,1510,0,1510,1510,0,0,0,898,1,0,0,0,0,0,115,0,70,0,0,100,100
