time_ms,app_state,surface_state,faults,drive_command_native,steering_offset_us,steering_pulse_us,suction_mode,logical_suction_request,hardware_suction_output,adhesion_risk
1,0,0,0,0,0,1510,0,0,0,1000
2,1,1,0,0,0,1510,1,0,0,0
3,1,1,0,0,0,1510,1,0,0,0
4,2,1,0,0,0,1510,1,0,0,0
5,2,1,0,0,0,1510,1,0,0,0
6,3,1,0,0,0,1510,1,0,0,0
7,3,1,0,0,0,1510,1,0,0,0
8,3,1,0,0,0,1510,1,0,0,0
9,3,1,0,0,0,1510,1,0,0,0
10,3,1,0,0,0,1510,1,0,0,0
11,3,1,0,0,0,1510,1,0,0,0
12,3,1,0,0,0,1510,1,0,0,0
13,3,1,0,0,0,1510,1,0,0,0
14,3,1,0,0,0,1510,1,0,0,0
15,3,1,0,0,0,1510,1,0,0,0
16,3,1,0,0,0,1510,1,0,0,0
17,3,1,0,0,0,1510,1,0,0,0
18,3,1,0,0,0,1510,1,0,0,0
19,3,1,0,0,0,1510,1,0,0,0
20,3,1,0,0,0,1510,1,0,0,0
21,3,1,0,0,0,1510,1,0,0,0
22,3,1,0,0,0,1510,1,0,0,0
23,3,1,0,0,0,1510,1,0,0,0
24,3,1,0,0,0,1510,1,0,0,0
25,3,1,0,0,0,1510,1,0,0,0
26,3,1,0,0,0,1510,1,0,0,0
27,3,1,0,0,0,1510,1,0,0,0
28,3,1,0,0,0,1510,1,0,0,0
29,3,1,0,0,0,1510,1,0,0,0
30,3,1,0,0,0,1510,1,0,0,0
31,3,1,0,0,0,1510,1,0,0,0
32,3,1,0,0,0,1510,1,0,0,0
33,3,1,0,0,0,1510,1,0,0,0
34,3,1,0,0,0,1510,1,0,0,0
35,3,1,0,0,0,1510,1,0,0,0
36,3,1,0,0,0,1510,1,0,0,0
37,3,1,0,0,0,1510,1,0,0,0
38,3,1,0,0,0,1510,1,0,0,0
39,3,1,0,0,0,1510,1,0,0,0
40,3,1,0,0,0,1510,1,0,0,0
41,3,1,0,0,0,1510,1,0,0,0
42,3,1,0,0,0,1510,1,0,0,0
43,3,1,0,0,0,1510,1,0,0,0
44,3,1,0,0,0,1510,1,0,0,0
45,3,1,0,0,0,1510,1,0,0,0
46,3,1,0,0,0,1510,1,0,0,0
47,3,1,0,0,0,1510,1,0,0,0
48,3,1,0,0,0,1510,1,0,0,0
49,3,1,0,0,0,1510,1,0,0,0
50,3,1,0,0,0,1510,1,0,0,0
51,3,1,0,0,0,1510,1,0,0,0
52,3,1,0,0,0,1510,1,0,0,0
53,3,1,0,0,0,1510,1,0,0,0
54,3,1,0,0,0,1510,1,0,0,0
55,3,1,0,0,0,1510,1,0,0,0
56,3,1,0,0,0,1510,1,0,0,0
57,3,1,0,0,0,1510,1,0,0,0
58,3,1,0,0,0,1510,1,0,0,0
59,3,1,0,0,0,1510,1,0,0,0
60,3,1,0,0,0,1510,1,0,0,0
61,3,1,0,0,0,1510,1,0,0,0
62,3,1,0,0,0,1510,1,0,0,0
63,3,1,0,0,0,1510,1,0,0,0
64,3,1,0,0,0,1510,1,0,0,0
65,3,1,0,0,0,1510,1,0,0,0
66,3,1,0,0,0,1510,1,0,0,0
67,3,1,0,0,0,1510,1,0,0,0
68,3,1,0,0,0,1510,1,0,0,0
69,3,1,0,0,0,1510,1,0,0,0
70,3,1,0,0,0,1510,1,0,0,0
71,3,1,0,0,0,1510,1,0,0,0
72,3,1,0,0,0,1510,1,0,0,0
73,3,1,0,0,0,1510,1,0,0,0
74,3,1,0,0,0,1510,1,0,0,0
75,3,1,0,0,0,1510,1,0,0,0
76,3,1,0,0,0,1510,1,0,0,0
77,3,1,0,0,0,1510,1,0,0,0
78,3,1,0,0,0,1510,1,0,0,0
79,3,1,0,0,0,1510,1,0,0,0
80,3,1,0,0,0,1510,1,0,0,0
81,3,1,0,0,0,1510,1,0,0,0
82,3,1,0,0,0,1510,1,0,0,0
83,3,1,0,0,0,1510,1,0,0,0
84,3,1,0,0,0,1510,1,0,0,0
85,3,1,0,0,0,1510,1,0,0,0
86,3,1,0,0,0,1510,1,0,0,0
87,3,1,0,0,0,1510,1,0,0,0
88,3,1,0,0,0,1510,1,0,0,0
89,3,1,0,0,0,1510,1,0,0,0
90,3,1,0,0,0,1510,1,0,0,0
91,3,1,0,0,0,1510,1,0,0,0
92,3,1,0,0,0,1510,1,0,0,0
93,3,1,0,0,0,1510,1,0,0,0
94,3,1,0,0,0,1510,1,0,0,0
95,3,1,0,0,0,1510,1,0,0,0
96,3,1,0,0,0,1510,1,0,0,0
97,3,1,0,0,0,1510,1,0,0,0
98,3,1,0,0,0,1510,1,0,0,0
99,3,1,0,0,0,1510,1,0,0,0
100,3,1,0,0,0,1510,1,0,0,0
101,3,1,0,0,0,1510,1,0,0,0
102,4,1,0,500,0,1510,1,0,0,0
103,4,1,0,500,0,1510,1,0,0,0
104,4,1,0,500,0,1510,1,0,0,0
105,4,1,0,500,0,1510,1,0,0,0
106,4,1,0,500,0,1510,1,0,0,0
107,4,1,0,500,0,1510,1,0,0,0
108,4,1,0,500,0,1510,1,0,0,0
109,4,1,0,500,0,1510,1,0,0,0
110,4,1,0,500,0,1510,1,0,0,0
111,4,1,0,500,0,1510,1,0,0,0
112,4,1,0,500,0,1510,1,0,0,0
113,4,1,0,500,0,1510,1,0,0,0
114,4,1,0,500,0,1510,1,0,0,0
115,4,1,0,500,0,1510,1,0,0,0
116,4,1,0,500,0,1510,1,0,0,0
117,4,1,0,500,0,1510,1,0,0,0
118,4,1,0,500,0,1510,1,0,0,0
119,4,1,0,500,0,1510,1,0,0,0
120,4,1,0,500,0,1510,1,0,0,0
121,4,1,0,500,0,1510,1,0,0,0
122,4,1,0,500,0,1510,1,0,0,0
123,4,1,0,500,0,1510,1,0,0,0
124,4,1,0,500,0,1510,1,0,0,0
125,4,1,0,500,0,1510,1,0,0,0
126,4,1,0,500,0,1510,1,0,0,0
127,4,1,0,500,0,1510,1,0,0,0
128,4,1,0,500,0,1510,1,0,0,0
129,4,1,0,500,0,1510,1,0,0,0
130,4,1,0,500,0,1510,1,0,0,0
131,4,1,0,500,0,1510,1,0,0,0
132,4,1,0,500,0,1510,1,0,0,0
133,4,1,0,500,0,1510,1,0,0,0
134,4,1,0,500,0,1510,1,0,0,0
135,4,1,0,500,0,1510,1,0,0,0
136,4,1,0,500,0,1510,1,0,0,0
137,4,1,0,500,0,1510,1,0,0,0
138,4,1,0,500,0,1510,1,0,0,0
139,4,1,0,500,0,1510,1,0,0,0
140,4,1,0,500,0,1510,1,0,0,0
141,4,1,0,500,0,1510,1,0,0,0
142,4,1,0,500,0,1510,1,0,0,0
143,4,1,0,500,0,1510,1,0,0,0
144,4,1,0,500,0,1510,1,0,0,0
145,4,1,0,500,0,1510,1,0,0,0
146,4,1,0,500,0,1510,1,0,0,0
147,4,1,0,500,0,1510,1,0,0,0
148,4,1,0,500,0,1510,1,0,0,0
149,4,1,0,500,0,1510,1,0,0,0
150,4,1,0,500,0,1510,1,0,0,0
151,4,1,0,500,0,1510,1,0,0,0
152,4,1,0,500,0,1510,1,0,0,0
153,4,1,0,500,0,1510,1,0,0,0
154,4,1,0,500,0,1510,1,0,0,0
155,4,1,0,500,0,1510,1,0,0,0
156,4,1,0,500,0,1510,1,0,0,0
157,4,1,0,500,0,1510,1,0,0,0
158,4,1,0,500,0,1510,1,0,0,0
159,4,1,0,500,0,1510,1,0,0,0
160,4,1,0,500,0,1510,1,0,0,0
161,4,1,0,500,0,1510,1,0,0,0
162,4,1,0,500,0,1510,1,0,0,0
163,4,1,0,500,0,1510,1,0,0,0
164,4,1,0,500,0,1510,1,0,0,0
165,4,1,0,500,0,1510,1,0,0,0
166,4,1,0,500,0,1510,1,0,0,0
167,4,1,0,500,0,1510,1,0,0,0
168,4,1,0,500,0,1510,1,0,0,0
169,4,1,0,500,0,1510,1,0,0,0
170,4,1,0,500,0,1510,1,0,0,0
171,4,1,0,500,0,1510,1,0,0,0
172,4,1,0,500,0,1510,1,0,0,0
173,4,1,0,500,0,1510,1,0,0,0
174,4,1,0,500,0,1510,1,0,0,0
175,4,1,0,500,0,1510,1,0,0,0
176,4,1,0,500,0,1510,1,0,0,0
177,4,1,0,500,0,1510,1,0,0,0
178,4,1,0,500,0,1510,1,0,0,0
179,4,1,0,500,0,1510,1,0,0,0
180,4,1,0,500,0,1510,1,0,0,0
181,4,1,0,500,0,1510,1,0,0,0
182,4,1,0,500,0,1510,1,0,0,0
183,4,1,0,500,0,1510,1,0,0,0
184,4,1,0,500,0,1510,1,0,0,0
185,4,1,0,500,0,1510,1,0,0,0
186,4,1,0,500,0,1510,1,0,0,0
187,4,1,0,500,0,1510,1,0,0,0
188,4,1,0,500,0,1510,1,0,0,0
189,4,1,0,500,0,1510,1,0,0,0
190,4,1,0,500,0,1510,1,0,0,0
191,4,1,0,500,0,1510,1,0,0,0
192,4,1,0,500,0,1510,1,0,0,0
193,4,1,0,500,0,1510,1,0,0,0
194,4,1,0,500,0,1510,1,0,0,0
195,4,1,0,500,0,1510,1,0,0,0
196,4,1,0,500,0,1510,1,0,0,0
197,4,1,0,500,0,1510,1,0,0,0
198,4,1,0,500,0,1510,1,0,0,0
199,4,1,0,500,0,1510,1,0,0,0
200,4,1,0,500,0,1510,1,0,0,0
201,4,1,0,500,0,1510,1,0,0,0
202,4,1,0,500,0,1510,1,0,0,0
203,4,1,0,500,0,1510,1,0,0,0
204,4,1,0,500,0,1510,1,0,0,0
205,4,1,0,500,0,1510,1,0,0,0
206,4,1,0,500,0,1510,1,0,0,0
207,4,1,0,500,0,1510,1,0,0,0
208,4,1,0,500,0,1510,1,0,0,0
209,4,1,0,500,0,1510,1,0,0,0
210,4,1,0,500,0,1510,1,0,0,0
211,4,1,0,500,0,1510,1,0,0,0
212,4,1,0,500,0,1510,1,0,0,0
213,4,1,0,500,0,1510,1,0,0,0
214,4,1,0,500,0,1510,1,0,0,0
215,4,1,0,500,0,1510,1,0,0,0
216,4,1,0,500,0,1510,1,0,0,0
217,4,1,0,500,0,1510,1,0,0,0
218,4,1,0,500,0,1510,1,0,0,0
219,4,1,0,500,0,1510,1,0,0,0
220,4,1,0,500,0,1510,1,0,0,0
221,4,1,0,500,0,1510,1,0,0,0
222,4,1,0,500,0,1510,1,0,0,0
223,4,1,0,500,0,1510,1,0,0,0
224,4,1,0,500,0,1510,1,0,0,0
225,4,1,0,500,0,1510,1,0,0,0
226,4,1,0,500,0,1510,1,0,0,0
227,4,1,0,500,0,1510,1,0,0,0
228,4,1,0,500,0,1510,1,0,0,0
229,4,1,0,500,0,1510,1,0,0,0
230,4,1,0,500,0,1510,1,0,0,0
231,4,1,0,500,0,1510,1,0,0,0
232,4,1,0,500,0,1510,1,0,0,0
233,4,1,0,500,0,1510,1,0,0,0
234,4,1,0,500,0,1510,1,0,0,0
235,4,1,0,500,0,1510,1,0,0,0
236,4,1,0,500,0,1510,1,0,0,0
237,4,1,0,500,0,1510,1,0,0,0
238,4,1,0,500,0,1510,1,0,0,0
239,4,1,0,500,0,1510,1,0,0,0
240,4,1,0,500,0,1510,1,0,0,0
241,4,1,0,500,0,1510,1,0,0,0
242,4,1,0,500,0,1510,1,0,0,0
243,4,1,0,500,0,1510,1,0,0,0
244,4,1,0,500,0,1510,1,0,0,0
245,4,1,0,500,0,1510,1,0,0,0
246,4,1,0,500,0,1510,1,0,0,0
247,4,1,0,500,0,1510,1,0,0,0
248,4,1,0,500,0,1510,1,0,0,0
249,4,1,0,500,0,1510,1,0,0,0
250,4,1,0,500,0,1510,1,0,0,0
251,4,1,0,500,0,1510,1,0,0,0
252,4,1,0,500,0,1510,1,0,0,0
253,4,1,0,500,0,1510,1,0,0,0
254,4,1,0,500,0,1510,1,0,0,0
255,4,1,0,500,0,1510,1,0,0,0
256,4,1,0,500,0,1510,1,0,0,0
257,4,1,0,500,0,1510,1,0,0,0
258,4,1,0,500,0,1510,1,0,0,0
259,4,1,0,500,0,1510,1,0,0,0
260,4,1,0,500,0,1510,1,0,0,0
261,4,1,0,500,0,1510,1,0,0,0
262,4,1,0,500,0,1510,1,0,0,0
263,4,1,0,500,0,1510,1,0,0,0
264,4,1,0,500,0,1510,1,0,0,0
265,4,1,0,500,0,1510,1,0,0,0
266,4,1,0,500,0,1510,1,0,0,0
267,4,1,0,500,0,1510,1,0,0,0
268,4,1,0,500,0,1510,1,0,0,0
269,4,1,0,500,0,1510,1,0,0,0
270,4,1,0,500,0,1510,1,0,0,0
271,4,1,0,500,0,1510,1,0,0,0
272,4,1,0,500,0,1510,1,0,0,0
273,4,1,0,500,0,1510,1,0,0,0
274,4,1,0,500,0,1510,1,0,0,0
275,4,1,0,500,0,1510,1,0,0,0
276,4,1,0,500,0,1510,1,0,0,0
277,4,1,0,500,0,1510,1,0,0,0
278,4,1,0,500,0,1510,1,0,0,0
279,4,1,0,500,0,1510,1,0,0,0
280,4,1,0,500,0,1510,1,0,0,0
281,4,1,0,500,0,1510,1,0,0,0
282,4,1,0,500,0,1510,1,0,0,0
283,4,1,0,500,0,1510,1,0,0,0
284,4,1,0,500,0,1510,1,0,0,0
285,4,1,0,500,0,1510,1,0,0,0
286,4,1,0,500,0,1510,1,0,0,0
287,4,1,0,500,0,1510,1,0,0,0
288,4,1,0,500,0,1510,1,0,0,0
289,4,1,0,500,0,1510,1,0,0,0
290,4,1,0,500,0,1510,1,0,0,0
291,4,1,0,500,0,1510,1,0,0,0
292,4,1,0,500,0,1510,1,0,0,0
293,4,1,0,500,0,1510,1,0,0,0
294,4,1,0,500,0,1510,1,0,0,0
295,4,1,0,500,0,1510,1,0,0,0
296,4,1,0,500,0,1510,1,0,0,0
297,4,1,0,500,0,1510,1,0,0,0
298,4,1,0,500,0,1510,1,0,0,0
299,4,1,0,500,0,1510,1,0,0,0
300,4,1,0,500,0,1510,1,0,0,0
301,4,1,0,500,0,1510,1,0,0,0
302,4,1,0,500,0,1510,1,0,0,0
303,4,1,0,500,0,1510,1,0,0,0
304,4,1,0,500,0,1510,1,0,0,0
305,4,1,0,500,0,1510,1,0,0,0
306,4,1,0,500,0,1510,1,0,0,0
307,4,1,0,500,0,1510,1,0,0,0
308,4,1,0,500,0,1510,1,0,0,0
309,4,1,0,500,0,1510,1,0,0,0
310,4,1,0,500,0,1510,1,0,0,0
311,4,1,0,500,0,1510,1,0,0,0
312,4,1,0,500,0,1510,1,0,0,0
313,4,1,0,500,0,1510,1,0,0,0
314,4,1,0,500,0,1510,1,0,0,0
315,4,1,0,500,0,1510,1,0,0,0
316,4,1,0,500,0,1510,1,0,0,0
317,4,1,0,500,0,1510,1,0,0,0
318,4,1,0,500,0,1510,1,0,0,0
319,4,1,0,500,0,1510,1,0,0,0
320,4,1,0,500,0,1510,1,0,0,0
321,4,1,0,500,0,1510,1,0,0,0
322,4,1,0,500,0,1510,1,0,0,0
323,4,1,0,500,0,1510,1,0,0,0
324,4,1,0,500,0,1510,1,0,0,0
325,4,1,0,500,0,1510,1,0,0,0
326,4,1,0,500,0,1510,1,0,0,0
327,4,1,0,500,0,1510,1,0,0,0
328,4,1,0,500,0,1510,1,0,0,0
329,4,1,0,500,0,1510,1,0,0,0
330,4,1,0,500,0,1510,1,0,0,0
331,4,1,0,500,0,1510,1,0,0,0
332,4,1,0,500,0,1510,1,0,0,0
333,4,1,0,500,0,1510,1,0,0,0
334,4,1,0,500,0,1510,1,0,0,0
335,4,1,0,500,0,1510,1,0,0,0
336,4,1,0,500,0,1510,1,0,0,0
337,4,1,0,500,0,1510,1,0,0,0
338,4,1,0,500,0,1510,1,0,0,0
339,4,1,0,500,0,1510,1,0,0,0
340,4,1,0,500,0,1510,1,0,0,0
341,4,1,0,500,0,1510,1,0,0,0
342,4,1,0,500,0,1510,1,0,0,0
343,4,1,0,500,0,1510,1,0,0,0
344,4,1,0,500,0,1510,1,0,0,0
345,4,1,0,500,0,1510,1,0,0,0
346,4,1,0,500,0,1510,1,0,0,0
347,4,1,0,500,0,1510,1,0,0,0
348,4,1,0,500,0,1510,1,0,0,0
349,4,1,0,500,0,1510,1,0,0,0
350,4,1,0,500,0,1510,1,0,0,0
351,4,1,0,500,0,1510,1,0,0,0
352,4,1,0,500,0,1510,1,0,0,0
353,4,1,0,500,0,1510,1,0,0,0
354,4,1,0,500,0,1510,1,0,0,0
355,4,1,0,500,0,1510,1,0,0,0
356,4,1,0,500,0,1510,1,0,0,0
357,4,1,0,500,0,1510,1,0,0,0
358,4,1,0,500,0,1510,1,0,0,0
359,4,1,0,500,0,1510,1,0,0,0
360,4,1,0,500,0,1510,1,0,0,0
361,4,1,0,500,0,1510,1,0,0,0
362,4,1,0,500,0,1510,1,0,0,0
363,4,1,0,500,0,1510,1,0,0,0
364,4,1,0,500,0,1510,1,0,0,0
365,4,1,0,500,0,1510,1,0,0,0
366,4,1,0,500,0,1510,1,0,0,0
367,4,1,0,500,0,1510,1,0,0,0
368,4,1,0,500,0,1510,1,0,0,0
369,4,1,0,500,0,1510,1,0,0,0
370,4,1,0,500,0,1510,1,0,0,0
371,4,1,0,500,0,1510,1,0,0,0
372,4,1,0,500,0,1510,1,0,0,0
373,4,1,0,500,0,1510,1,0,0,0
374,4,1,0,500,0,1510,1,0,0,0
375,4,1,0,500,0,1510,1,0,0,0
376,4,1,0,500,0,1510,1,0,0,0
377,4,1,0,500,0,1510,1,0,0,0
378,4,1,0,500,0,1510,1,0,0,0
379,4,1,0,500,0,1510,1,0,0,0
380,4,1,0,500,0,1510,1,0,0,0
381,4,1,0,500,0,1510,1,0,0,0
382,4,1,0,500,0,1510,1,0,0,0
383,4,1,0,500,0,1510,1,0,0,0
384,4,1,0,500,0,1510,1,0,0,0
385,4,1,0,500,0,1510,1,0,0,0
386,4,1,0,500,0,1510,1,0,0,0
387,4,1,0,500,0,1510,1,0,0,0
388,4,1,0,500,0,1510,1,0,0,0
389,4,1,0,500,0,1510,1,0,0,0
390,4,1,0,500,0,1510,1,0,0,0
391,4,1,0,500,0,1510,1,0,0,0
392,4,1,0,500,0,1510,1,0,0,0
393,4,1,0,500,0,1510,1,0,0,0
394,4,1,0,500,0,1510,1,0,0,0
395,4,1,0,500,0,1510,1,0,0,0
396,4,1,0,500,0,1510,1,0,0,0
397,4,1,0,500,0,1510,1,0,0,0
398,4,1,0,500,0,1510,1,0,0,0
399,4,1,0,500,0,1510,1,0,0,0
400,4,1,0,500,0,1510,1,0,0,0
401,4,1,0,500,0,1510,1,0,0,0
402,4,1,0,500,0,1510,1,0,0,0
403,4,1,0,500,0,1510,1,0,0,0
404,5,2,0,80,0,1510,2,0,0,0
405,5,2,0,80,0,1510,2,0,0,0
406,5,2,0,80,0,1510,2,0,0,0
407,5,2,0,80,0,1510,2,0,0,0
408,5,2,0,80,0,1510,2,0,0,0
409,5,2,0,80,0,1510,2,0,0,0
410,5,2,0,80,0,1510,2,0,0,0
411,5,2,0,80,0,1510,2,0,0,0
412,5,2,0,80,0,1510,2,0,0,0
413,5,2,0,80,0,1510,2,0,0,0
414,5,2,0,80,0,1510,2,0,0,0
415,5,2,0,80,0,1510,2,0,0,0
416,5,2,0,80,0,1510,2,0,0,0
417,5,2,0,80,0,1510,2,0,0,0
418,5,2,0,80,0,1510,2,0,0,0
419,5,2,0,80,0,1510,2,0,0,0
420,5,2,0,80,0,1510,2,0,0,0
421,5,2,0,80,0,1510,2,0,0,0
422,5,2,0,80,0,1510,2,0,0,0
423,5,2,0,80,0,1510,2,0,0,0
424,5,2,0,80,0,1510,2,0,0,0
425,5,2,0,80,0,1510,2,0,0,0
426,5,2,0,80,0,1510,2,0,0,0
427,5,2,0,80,0,1510,2,0,0,0
428,5,2,0,80,0,1510,2,0,0,0
429,5,2,0,80,0,1510,2,0,0,0
430,5,2,0,80,0,1510,2,0,0,0
431,5,2,0,80,0,1510,2,0,0,0
432,5,2,0,80,0,1510,2,0,0,0
433,5,2,0,80,0,1510,2,0,0,0
434,5,2,0,80,0,1510,2,0,0,0
435,5,2,0,80,0,1510,2,0,0,0
436,5,2,0,80,0,1510,2,0,0,0
437,5,2,0,80,0,1510,2,0,0,0
438,5,2,0,80,0,1510,2,0,0,0
439,5,2,0,80,0,1510,2,0,0,0
440,5,2,0,80,0,1510,2,0,0,0
441,5,2,0,80,0,1510,2,0,0,0
442,5,2,0,80,0,1510,2,0,0,0
443,5,2,0,80,0,1510,2,0,0,0
444,5,2,0,80,0,1510,2,0,0,0
445,5,2,0,80,0,1510,2,0,0,0
446,5,2,0,80,0,1510,2,0,0,0
447,5,2,0,80,0,1510,2,0,0,0
448,5,2,0,80,0,1510,2,0,0,0
449,5,2,0,80,0,1510,2,0,0,0
450,5,2,0,80,0,1510,2,0,0,0
451,5,2,0,80,0,1510,2,0,0,0
452,5,2,0,80,0,1510,2,0,0,0
453,5,2,0,80,0,1510,2,0,0,0
454,5,2,0,80,0,1510,2,0,0,0
455,5,2,0,80,0,1510,2,0,0,0
456,5,2,0,80,0,1510,2,0,0,0
457,5,2,0,80,0,1510,2,0,0,0
458,5,2,0,80,0,1510,2,0,0,0
459,5,2,0,80,0,1510,2,0,0,0
460,5,2,0,80,0,1510,2,0,0,0
461,5,2,0,80,0,1510,2,0,0,0
462,5,2,0,80,0,1510,2,0,0,0
463,5,2,0,80,0,1510,2,0,0,0
464,5,2,0,80,0,1510,2,0,0,0
465,5,2,0,80,0,1510,2,0,0,0
466,5,2,0,80,0,1510,2,0,0,0
467,5,2,0,80,0,1510,2,0,0,0
468,5,2,0,80,0,1510,2,0,0,0
469,5,2,0,80,0,1510,2,0,0,0
470,5,2,0,80,0,1510,2,0,0,0
471,5,2,0,80,0,1510,2,0,0,0
472,5,2,0,80,0,1510,2,0,0,0
473,5,2,0,80,0,1510,2,0,0,0
474,5,2,0,80,0,1510,2,0,0,0
475,5,2,0,80,0,1510,2,0,0,0
476,5,2,0,80,0,1510,2,0,0,0
477,5,2,0,80,0,1510,2,0,0,0
478,5,2,0,80,0,1510,2,0,0,0
479,5,2,0,80,0,1510,2,0,0,0
480,5,2,0,80,0,1510,2,0,0,0
481,5,2,0,80,0,1510,2,0,0,0
482,5,2,0,80,0,1510,2,0,0,0
483,5,2,0,80,0,1510,2,0,0,0
484,5,2,0,80,0,1510,2,0,0,0
485,5,2,0,80,0,1510,2,0,0,0
486,5,2,0,80,0,1510,2,0,0,0
487,5,2,0,80,0,1510,2,0,0,0
488,5,2,0,80,0,1510,2,0,0,0
489,5,2,0,80,0,1510,2,0,0,0
490,5,2,0,80,0,1510,2,0,0,0
491,5,2,0,80,0,1510,2,0,0,0
492,5,2,0,80,0,1510,2,0,0,0
493,5,2,0,80,0,1510,2,0,0,0
494,5,2,0,80,0,1510,2,0,0,0
495,5,2,0,80,0,1510,2,0,0,0
496,5,2,0,80,0,1510,2,0,0,0
497,5,2,0,80,0,1510,2,0,0,0
498,5,2,0,80,0,1510,2,0,0,0
499,5,2,0,80,0,1510,2,0,0,0
500,5,2,0,80,0,1510,2,0,0,0
501,5,2,0,80,0,1510,2,0,0,0
502,5,2,0,80,0,1510,2,0,0,0
503,5,2,0,80,0,1510,2,0,0,0
504,6,2,0,80,0,1510,2,0,0,0
505,6,2,0,80,0,1510,2,0,0,0
506,7,2,0,80,0,1510,1,0,0,0
507,7,2,0,80,0,1510,1,0,0,0
508,7,2,0,80,0,1510,1,0,0,0
509,7,2,0,80,0,1510,1,0,0,0
510,7,2,0,80,0,1510,1,0,0,0
511,7,2,0,80,0,1510,1,0,0,0
512,7,2,0,80,0,1510,1,0,0,0
513,7,2,0,80,0,1510,1,0,0,0
514,7,2,0,80,0,1510,1,0,0,0
515,7,2,0,80,0,1510,1,0,0,0
516,7,2,0,80,0,1510,1,0,0,0
517,7,2,0,80,0,1510,1,0,0,0
518,7,2,0,80,0,1510,1,0,0,0
519,7,2,0,80,0,1510,1,0,0,0
520,7,2,0,80,0,1510,1,0,0,0
521,7,2,0,80,0,1510,1,0,0,0
522,7,2,0,80,0,1510,1,0,0,0
523,7,2,0,80,0,1510,1,0,0,0
524,7,2,0,80,0,1510,1,0,0,0
525,7,2,0,80,0,1510,1,0,0,0
526,7,2,0,80,0,1510,1,0,0,0
527,7,2,0,80,0,1510,1,0,0,0
528,7,2,0,80,0,1510,1,0,0,0
529,7,2,0,80,0,1510,1,0,0,0
530,7,2,0,80,0,1510,1,0,0,0
531,7,2,0,80,0,1510,1,0,0,0
532,7,2,0,80,0,1510,1,0,0,0
533,7,2,0,80,0,1510,1,0,0,0
534,7,2,0,80,0,1510,1,0,0,0
535,7,2,0,80,0,1510,1,0,0,0
536,7,2,0,80,0,1510,1,0,0,0
537,7,2,0,80,0,1510,1,0,0,0
538,7,2,0,80,0,1510,1,0,0,0
539,7,2,0,80,0,1510,1,0,0,0
540,7,2,0,80,0,1510,1,0,0,0
541,7,2,0,80,0,1510,1,0,0,0
542,7,2,0,80,0,1510,1,0,0,0
543,7,2,0,80,0,1510,1,0,0,0
544,7,2,0,80,0,1510,1,0,0,0
545,7,2,0,80,0,1510,1,0,0,0
546,7,2,0,80,0,1510,1,0,0,0
547,7,2,0,80,0,1510,1,0,0,0
548,7,2,0,80,0,1510,1,0,0,0
549,7,2,0,80,0,1510,1,0,0,0
550,7,2,0,80,0,1510,1,0,0,0
551,7,2,0,80,0,1510,1,0,0,0
552,7,2,0,80,0,1510,1,0,0,0
553,7,2,0,80,0,1510,1,0,0,0
554,7,2,0,80,0,1510,1,0,0,0
555,7,2,0,80,0,1510,1,0,0,0
556,7,2,0,80,0,1510,1,0,0,0
557,7,2,0,80,0,1510,1,0,0,0
558,7,2,0,80,0,1510,1,0,0,0
559,7,2,0,80,0,1510,1,0,0,0
560,7,2,0,80,0,1510,1,0,0,0
561,7,2,0,80,0,1510,1,0,0,0
562,7,2,0,80,0,1510,1,0,0,0
563,7,2,0,80,0,1510,1,0,0,0
564,7,2,0,80,0,1510,1,0,0,0
565,7,2,0,80,0,1510,1,0,0,0
566,7,2,0,80,0,1510,1,0,0,0
567,7,2,0,80,0,1510,1,0,0,0
568,7,2,0,80,0,1510,1,0,0,0
569,7,2,0,80,0,1510,1,0,0,0
570,7,2,0,80,0,1510,1,0,0,0
571,7,2,0,80,0,1510,1,0,0,0
572,7,2,0,80,0,1510,1,0,0,0
573,7,2,0,80,0,1510,1,0,0,0
574,7,2,0,80,0,1510,1,0,0,0
575,7,2,0,80,0,1510,1,0,0,0
576,7,2,0,80,0,1510,1,0,0,0
577,7,2,0,80,0,1510,1,0,0,0
578,7,2,0,80,0,1510,1,0,0,0
579,7,2,0,80,0,1510,1,0,0,0
580,7,2,0,80,0,1510,1,0,0,0
581,7,2,0,80,0,1510,1,0,0,0
582,7,2,0,80,0,1510,1,0,0,0
583,7,2,0,80,0,1510,1,0,0,0
584,7,2,0,80,0,1510,1,0,0,0
585,7,2,0,80,0,1510,1,0,0,0
586,7,2,0,80,0,1510,1,0,0,0
587,7,2,0,80,0,1510,1,0,0,0
588,7,2,0,80,0,1510,1,0,0,0
589,7,2,0,80,0,1510,1,0,0,0
590,7,2,0,80,0,1510,1,0,0,0
591,7,2,0,80,0,1510,1,0,0,0
592,7,2,0,80,0,1510,1,0,0,0
593,7,2,0,80,0,1510,1,0,0,0
594,7,2,0,80,0,1510,1,0,0,0
595,7,2,0,80,0,1510,1,0,0,0
596,7,2,0,80,0,1510,1,0,0,0
597,7,2,0,80,0,1510,1,0,0,0
598,7,2,0,80,0,1510,1,0,0,0
599,7,2,0,80,0,1510,1,0,0,0
600,7,2,0,80,0,1510,1,0,0,0
601,7,2,0,80,0,1510,1,0,0,0
602,7,2,0,80,0,1510,1,0,0,0
603,7,2,0,80,0,1510,1,0,0,0
604,7,2,0,80,0,1510,1,0,0,0
605,7,2,0,80,0,1510,1,0,0,0
606,7,2,0,80,0,1510,1,0,0,0
607,7,2,0,80,0,1510,1,0,0,0
608,7,2,0,80,0,1510,1,0,0,0
609,7,2,0,80,0,1510,1,0,0,0
610,7,2,0,80,0,1510,1,0,0,0
611,7,2,0,80,0,1510,1,0,0,0
612,7,2,0,80,0,1510,1,0,0,0
613,7,2,0,80,0,1510,1,0,0,0
614,7,2,0,80,0,1510,1,0,0,0
615,7,2,0,80,0,1510,1,0,0,0
616,7,2,0,80,0,1510,1,0,0,0
617,7,2,0,80,0,1510,1,0,0,0
618,7,2,0,80,0,1510,1,0,0,0
619,7,2,0,80,0,1510,1,0,0,0
620,7,2,0,80,0,1510,1,0,0,0
621,7,2,0,80,0,1510,1,0,0,0
622,7,2,0,80,0,1510,1,0,0,0
623,7,2,0,80,0,1510,1,0,0,0
624,7,2,0,80,0,1510,1,0,0,0
625,7,2,0,80,0,1510,1,0,0,0
626,7,2,0,80,0,1510,1,0,0,0
627,7,2,0,80,0,1510,1,0,0,0
628,7,2,0,80,0,1510,1,0,0,0
629,7,2,0,80,0,1510,1,0,0,0
630,7,2,0,80,0,1510,1,0,0,0
631,7,2,0,80,0,1510,1,0,0,0
632,7,2,0,80,0,1510,1,0,0,0
633,7,2,0,80,0,1510,1,0,0,0
634,7,2,0,80,0,1510,1,0,0,0
635,7,2,0,80,0,1510,1,0,0,0
636,7,2,0,80,0,1510,1,0,0,0
637,7,2,0,80,0,1510,1,0,0,0
638,7,2,0,80,0,1510,1,0,0,0
639,7,2,0,80,0,1510,1,0,0,0
640,7,2,0,80,0,1510,1,0,0,0
641,7,2,0,80,0,1510,1,0,0,0
642,7,2,0,80,0,1510,1,0,0,0
643,7,2,0,80,0,1510,1,0,0,0
644,7,2,0,80,0,1510,1,0,0,0
645,7,2,0,80,0,1510,1,0,0,0
646,7,2,0,80,0,1510,1,0,0,0
647,7,2,0,80,0,1510,1,0,0,0
648,7,2,0,80,0,1510,1,0,0,0
649,7,2,0,80,0,1510,1,0,0,0
650,7,2,0,80,0,1510,1,0,0,0
651,7,2,0,80,0,1510,1,0,0,0
652,7,2,0,80,0,1510,1,0,0,0
653,7,2,0,80,0,1510,1,0,0,0
654,7,2,0,80,0,1510,1,0,0,0
655,7,2,0,80,0,1510,1,0,0,0
656,7,2,0,80,0,1510,1,0,0,0
657,7,2,0,80,0,1510,1,0,0,0
658,7,2,0,80,0,1510,1,0,0,0
659,7,2,0,80,0,1510,1,0,0,0
660,7,2,0,80,0,1510,1,0,0,0
661,7,2,0,80,0,1510,1,0,0,0
662,7,2,0,80,0,1510,1,0,0,0
663,7,2,0,80,0,1510,1,0,0,0
664,7,2,0,80,0,1510,1,0,0,0
665,7,2,0,80,0,1510,1,0,0,0
666,7,2,0,80,0,1510,1,0,0,0
667,7,2,0,80,0,1510,1,0,0,0
668,7,2,0,80,0,1510,1,0,0,0
669,7,2,0,80,0,1510,1,0,0,0
670,7,2,0,80,0,1510,1,0,0,0
671,7,2,0,80,0,1510,1,0,0,0
672,7,2,0,80,0,1510,1,0,0,0
673,7,2,0,80,0,1510,1,0,0,0
674,7,2,0,80,0,1510,1,0,0,0
675,7,2,0,80,0,1510,1,0,0,0
676,7,2,0,80,0,1510,1,0,0,0
677,7,2,0,80,0,1510,1,0,0,0
678,7,2,0,80,0,1510,1,0,0,0
679,7,2,0,80,0,1510,1,0,0,0
680,7,2,0,80,0,1510,1,0,0,0
681,7,2,0,80,0,1510,1,0,0,0
682,7,2,0,80,0,1510,1,0,0,0
683,7,2,0,80,0,1510,1,0,0,0
684,7,2,0,80,0,1510,1,0,0,0
685,7,2,0,80,0,1510,1,0,0,0
686,7,2,0,80,0,1510,1,0,0,0
687,7,2,0,80,0,1510,1,0,0,0
688,8,3,0,100,0,1510,3,0,0,0
689,8,3,0,100,0,1510,3,0,0,0
690,8,3,0,100,0,1510,3,0,0,0
691,8,3,0,100,0,1510,3,0,0,0
692,8,3,0,100,0,1510,3,0,0,0
693,8,3,0,100,0,1510,3,0,0,0
694,8,3,0,100,0,1510,3,0,0,0
695,8,3,0,100,0,1510,3,0,0,0
696,8,3,0,100,0,1510,3,0,0,0
697,8,3,0,100,0,1510,3,0,0,0
698,8,3,0,100,0,1510,3,0,0,0
699,8,3,0,100,0,1510,3,0,0,0
700,8,3,0,100,0,1510,3,0,0,0
701,8,3,0,100,0,1510,3,0,0,0
702,8,3,0,100,0,1510,3,0,0,0
703,8,3,0,100,0,1510,3,0,0,0
704,8,3,0,100,0,1510,3,0,0,0
705,8,3,0,100,0,1510,3,0,0,0
706,8,3,0,100,0,1510,3,0,0,0
707,8,3,0,100,0,1510,3,0,0,0
708,8,3,0,100,0,1510,3,0,0,0
709,8,3,0,100,0,1510,3,0,0,0
710,8,3,0,100,0,1510,3,0,0,0
711,8,3,0,100,0,1510,3,0,0,0
712,8,3,0,100,0,1510,3,0,0,0
713,8,3,0,100,0,1510,3,0,0,0
714,8,3,0,100,0,1510,3,0,0,0
715,8,3,0,100,0,1510,3,0,0,0
716,8,3,0,100,0,1510,3,0,0,0
717,8,3,0,100,0,1510,3,0,0,0
718,8,3,0,100,0,1510,3,0,0,0
719,8,3,0,100,0,1510,3,0,0,0
720,8,3,0,100,0,1510,3,0,0,0
721,8,3,0,100,0,1510,3,0,0,0
722,8,3,0,100,0,1510,3,0,0,0
723,8,3,0,100,0,1510,3,0,0,0
724,8,3,0,100,0,1510,3,0,0,0
725,8,3,0,100,0,1510,3,0,0,0
726,8,3,0,100,0,1510,3,0,0,0
727,8,3,0,100,0,1510,3,0,0,0
728,8,3,0,100,0,1510,3,0,0,0
729,8,3,0,100,0,1510,3,0,0,0
730,8,3,0,100,0,1510,3,0,0,0
731,8,3,0,100,0,1510,3,0,0,0
732,8,3,0,100,0,1510,3,0,0,0
733,8,3,0,100,0,1510,3,0,0,0
734,8,3,0,100,0,1510,3,0,0,0
735,8,3,0,100,0,1510,3,0,0,0
736,8,3,0,100,0,1510,3,0,0,0
737,8,3,0,100,0,1510,3,0,0,0
738,8,3,0,100,0,1510,3,0,0,0
739,8,3,0,100,0,1510,3,0,0,0
740,8,3,0,100,0,1510,3,0,0,0
741,8,3,0,100,0,1510,3,0,0,0
742,8,3,0,100,0,1510,3,0,0,0
743,8,3,0,100,0,1510,3,0,0,0
744,8,3,0,100,0,1510,3,0,0,0
745,8,3,0,100,0,1510,3,0,0,0
746,8,3,0,100,0,1510,3,0,0,0
747,8,3,0,100,0,1510,3,0,0,0
748,8,3,0,100,0,1510,3,0,0,0
749,8,3,0,100,0,1510,3,0,0,0
750,8,3,0,100,0,1510,3,0,0,0
751,8,3,0,100,0,1510,3,0,0,0
752,8,3,0,100,0,1510,3,0,0,0
753,8,3,0,100,0,1510,3,0,0,0
754,8,3,0,100,0,1510,3,0,0,0
755,8,3,0,100,0,1510,3,0,0,0
756,8,3,0,100,0,1510,3,0,0,0
757,8,3,0,100,0,1510,3,0,0,0
758,8,3,0,100,0,1510,3,0,0,0
759,8,3,0,100,0,1510,3,0,0,0
760,8,3,0,100,0,1510,3,0,0,0
761,8,3,0,100,0,1510,3,0,0,0
762,8,3,0,100,0,1510,3,0,0,0
763,8,3,0,100,0,1510,3,0,0,0
764,8,3,0,100,0,1510,3,0,0,0
765,8,3,0,100,0,1510,3,0,0,0
766,8,3,0,100,0,1510,3,0,0,0
767,8,3,0,100,0,1510,3,0,0,0
768,8,3,0,100,0,1510,3,0,0,0
769,8,3,0,100,0,1510,3,0,0,0
770,8,3,0,100,0,1510,3,0,0,0
771,8,3,0,100,0,1510,3,0,0,0
772,8,3,0,100,0,1510,3,0,0,0
773,8,3,0,100,0,1510,3,0,0,0
774,8,3,0,100,0,1510,3,0,0,0
775,8,3,0,100,0,1510,3,0,0,0
776,8,3,0,100,0,1510,3,0,0,0
777,8,3,0,100,0,1510,3,0,0,0
778,8,3,0,100,0,1510,3,0,0,0
779,8,3,0,100,0,1510,3,0,0,0
780,8,3,0,100,0,1510,3,0,0,0
781,8,3,0,100,0,1510,3,0,0,0
782,8,3,0,100,0,1510,3,0,0,0
783,8,3,0,100,0,1510,3,0,0,0
784,8,3,0,100,0,1510,3,0,0,0
785,8,3,0,100,0,1510,3,0,0,0
786,8,3,0,100,0,1510,3,0,0,0
787,8,3,0,100,0,1510,3,0,0,0
788,8,3,0,100,0,1510,3,0,0,0
789,8,3,0,100,0,1510,3,0,0,0
790,8,3,0,100,0,1510,3,0,0,0
791,8,3,0,100,0,1510,3,0,0,0
792,8,3,0,100,0,1510,3,0,0,0
793,8,3,0,100,0,1510,3,0,0,0
794,8,3,0,100,0,1510,3,0,0,0
795,8,3,0,100,0,1510,3,0,0,0
796,8,3,0,100,0,1510,3,0,0,0
797,8,3,0,100,0,1510,3,0,0,0
798,8,3,0,100,0,1510,3,0,0,0
799,8,3,0,100,0,1510,3,0,0,0
800,8,3,0,100,0,1510,3,0,0,0
801,8,3,0,100,0,1510,3,0,0,0
802,8,3,0,100,0,1510,3,0,0,0
803,8,3,0,100,0,1510,3,0,0,0
804,8,3,0,100,0,1510,3,0,0,0
805,8,3,0,100,0,1510,3,0,0,0
806,8,3,0,100,0,1510,3,0,0,0
807,8,3,0,100,0,1510,3,0,0,0
808,8,3,0,100,0,1510,3,0,0,0
809,8,3,0,100,0,1510,3,0,0,0
810,8,3,0,100,0,1510,3,0,0,0
811,8,3,0,100,0,1510,3,0,0,0
812,8,3,0,100,0,1510,3,0,0,0
813,8,3,0,100,0,1510,3,0,0,0
814,8,3,0,100,0,1510,3,0,0,0
815,8,3,0,100,0,1510,3,0,0,0
816,8,3,0,100,0,1510,3,0,0,0
817,8,3,0,100,0,1510,3,0,0,0
818,8,3,0,100,0,1510,3,0,0,0
819,8,3,0,100,0,1510,3,0,0,0
820,8,3,0,100,0,1510,3,0,0,0
821,8,3,0,100,0,1510,3,0,0,0
822,8,3,0,100,0,1510,3,0,0,0
823,8,3,0,100,0,1510,3,0,0,0
824,8,3,0,100,0,1510,3,0,0,0
825,8,3,0,100,0,1510,3,0,0,0
826,8,3,0,100,0,1510,3,0,0,0
827,8,3,0,100,0,1510,3,0,0,0
828,8,3,0,100,0,1510,3,0,0,0
829,8,3,0,100,0,1510,3,0,0,0
830,8,3,0,100,0,1510,3,0,0,0
831,8,3,0,100,0,1510,3,0,0,0
832,8,3,0,100,0,1510,3,0,0,0
833,8,3,0,100,0,1510,3,0,0,0
834,8,3,0,100,0,1510,3,0,0,0
835,8,3,0,100,0,1510,3,0,0,0
836,8,3,0,100,0,1510,3,0,0,0
837,8,3,0,100,0,1510,3,0,0,0
838,8,3,0,100,0,1510,3,0,0,0
839,8,3,0,100,0,1510,3,0,0,0
840,8,3,0,100,0,1510,3,0,0,0
841,8,3,0,100,0,1510,3,0,0,0
842,8,3,0,100,0,1510,3,0,0,0
843,8,3,0,100,0,1510,3,0,0,0
844,8,3,0,100,0,1510,3,0,0,0
845,8,3,0,100,0,1510,3,0,0,0
846,8,3,0,100,0,1510,3,0,0,0
847,8,3,0,100,0,1510,3,0,0,0
848,8,3,0,100,0,1510,3,0,0,0
849,8,3,0,100,0,1510,3,0,0,0
850,8,3,0,100,0,1510,3,0,0,0
851,8,3,0,100,0,1510,3,0,0,0
852,8,3,0,100,0,1510,3,0,0,0
853,8,3,0,100,0,1510,3,0,0,0
854,8,3,0,100,0,1510,3,0,0,0
855,8,3,0,100,0,1510,3,0,0,0
856,8,3,0,100,0,1510,3,0,0,0
857,8,3,0,100,0,1510,3,0,0,0
858,8,3,0,100,0,1510,3,0,0,0
859,8,3,0,100,0,1510,3,0,0,0
860,8,3,0,100,0,1510,3,0,0,0
861,8,3,0,100,0,1510,3,0,0,0
862,8,3,0,100,0,1510,3,0,0,0
863,8,3,0,100,0,1510,3,0,0,0
864,8,3,0,100,0,1510,3,0,0,0
865,8,3,0,100,0,1510,3,0,0,0
866,8,3,0,100,0,1510,3,0,0,0
867,8,3,0,100,0,1510,3,0,0,0
868,8,3,0,100,0,1510,3,0,0,0
869,8,3,0,100,0,1510,3,0,0,0
870,8,3,0,100,0,1510,3,0,0,0
871,8,3,0,100,0,1510,3,0,0,0
872,8,3,0,100,0,1510,3,0,0,0
873,8,3,0,100,0,1510,3,0,0,0
874,8,3,0,100,0,1510,3,0,0,0
875,8,3,0,100,0,1510,3,0,0,0
876,8,3,0,100,0,1510,3,0,0,0
877,8,3,0,100,0,1510,3,0,0,0
878,8,3,0,100,0,1510,3,0,0,0
879,8,3,0,100,0,1510,3,0,0,0
880,8,3,0,100,0,1510,3,0,0,0
881,8,3,0,100,0,1510,3,0,0,0
882,8,3,0,100,0,1510,3,0,0,0
883,8,3,0,100,0,1510,3,0,0,0
884,8,3,0,100,0,1510,3,0,0,0
885,8,3,0,100,0,1510,3,0,0,0
886,8,3,0,100,0,1510,3,0,0,0
887,8,3,0,100,0,1510,3,0,0,0
888,8,3,0,100,0,1510,3,0,0,0
889,8,3,0,100,0,1510,3,0,0,0
890,8,3,0,100,0,1510,3,0,0,0
891,8,3,0,100,0,1510,3,0,0,0
892,8,3,0,100,0,1510,3,0,0,0
893,8,3,0,100,0,1510,3,0,0,0
894,8,3,0,100,0,1510,3,0,0,0
895,8,3,0,100,0,1510,3,0,0,0
896,8,3,0,100,0,1510,3,0,0,0
897,8,3,0,100,0,1510,3,0,0,0
898,8,3,0,100,0,1510,3,0,0,0
899,8,3,0,100,0,1510,3,0,0,0
900,8,3,0,100,0,1510,3,0,0,0
901,8,3,0,100,0,1510,3,0,0,0
902,8,3,0,100,0,1510,3,0,0,0
903,8,3,0,100,0,1510,3,0,0,0
904,8,3,0,100,0,1510,3,0,0,0
905,8,3,0,100,0,1510,3,0,0,0
906,8,3,0,100,0,1510,3,0,0,0
907,8,3,0,100,0,1510,3,0,0,0
908,8,3,0,100,0,1510,3,0,0,0
909,8,3,0,100,0,1510,3,0,0,0
910,8,3,0,100,0,1510,3,0,0,0
911,8,3,0,100,0,1510,3,0,0,0
912,8,3,0,100,0,1510,3,0,0,0
913,8,3,0,100,0,1510,3,0,0,0
914,8,3,0,100,0,1510,3,0,0,0
915,8,3,0,100,0,1510,3,0,0,0
916,8,3,0,100,0,1510,3,0,0,0
917,8,3,0,100,0,1510,3,0,0,0
918,8,3,0,100,0,1510,3,0,0,0
919,8,3,0,100,0,1510,3,0,0,0
920,8,3,0,100,0,1510,3,0,0,0
921,8,3,0,100,0,1510,3,0,0,0
922,8,3,0,100,0,1510,3,0,0,0
923,8,3,0,100,0,1510,3,0,0,0
924,8,3,0,100,0,1510,3,0,0,0
925,8,3,0,100,0,1510,3,0,0,0
926,8,3,0,100,0,1510,3,0,0,0
927,8,3,0,100,0,1510,3,0,0,0
928,8,3,0,100,0,1510,3,0,0,0
929,8,3,0,100,0,1510,3,0,0,0
930,8,3,0,100,0,1510,3,0,0,0
931,8,3,0,100,0,1510,3,0,0,0
932,8,3,0,100,0,1510,3,0,0,0
933,8,3,0,100,0,1510,3,0,0,0
934,8,3,0,100,0,1510,3,0,0,0
935,8,3,0,100,0,1510,3,0,0,0
936,8,3,0,100,0,1510,3,0,0,0
937,8,3,0,100,0,1510,3,0,0,0
938,8,3,0,100,0,1510,3,0,0,0
939,8,3,0,100,0,1510,3,0,0,0
940,8,3,0,100,0,1510,3,0,0,0
941,8,3,0,100,0,1510,3,0,0,0
942,8,3,0,100,0,1510,3,0,0,0
943,8,3,0,100,0,1510,3,0,0,0
944,8,3,0,100,0,1510,3,0,0,0
945,8,3,0,100,0,1510,3,0,0,0
946,8,3,0,100,0,1510,3,0,0,0
947,8,3,0,100,0,1510,3,0,0,0
948,8,3,0,100,0,1510,3,0,0,0
949,8,3,0,100,0,1510,3,0,0,0
950,8,3,0,100,0,1510,3,0,0,0
951,8,3,0,100,0,1510,3,0,0,0
952,8,3,0,100,0,1510,3,0,0,0
953,8,3,0,100,0,1510,3,0,0,0
954,8,3,0,100,0,1510,3,0,0,0
955,8,3,0,100,0,1510,3,0,0,0
956,8,3,0,100,0,1510,3,0,0,0
957,8,3,0,100,0,1510,3,0,0,0
958,8,3,0,100,0,1510,3,0,0,0
959,8,3,0,100,0,1510,3,0,0,0
960,8,3,0,100,0,1510,3,0,0,0
961,8,3,0,100,0,1510,3,0,0,0
962,8,3,0,100,0,1510,3,0,0,0
963,8,3,0,100,0,1510,3,0,0,0
964,8,3,0,100,0,1510,3,0,0,0
965,8,3,0,100,0,1510,3,0,0,0
966,8,3,0,100,0,1510,3,0,0,0
967,8,3,0,100,0,1510,3,0,0,0
968,8,3,0,100,0,1510,3,0,0,0
969,8,3,0,100,0,1510,3,0,0,0
970,8,3,0,100,0,1510,3,0,0,0
971,8,3,0,100,0,1510,3,0,0,0
972,8,3,0,100,0,1510,3,0,0,0
973,8,3,0,100,0,1510,3,0,0,0
974,8,3,0,100,0,1510,3,0,0,0
975,8,3,0,100,0,1510,3,0,0,0
976,8,3,0,100,0,1510,3,0,0,0
977,8,3,0,100,0,1510,3,0,0,0
978,8,3,0,100,0,1510,3,0,0,0
979,8,3,0,100,0,1510,3,0,0,0
980,8,3,0,100,0,1510,3,0,0,0
981,8,3,0,100,0,1510,3,0,0,0
982,8,3,0,100,0,1510,3,0,0,0
983,8,3,0,100,0,1510,3,0,0,0
984,8,3,0,100,0,1510,3,0,0,0
985,8,3,0,100,0,1510,3,0,0,0
986,8,3,0,100,0,1510,3,0,0,0
987,8,3,0,100,0,1510,3,0,0,0
988,8,3,0,100,0,1510,3,0,0,0
989,8,3,0,100,0,1510,3,0,0,0
990,8,3,0,100,0,1510,3,0,0,0
991,8,3,0,100,0,1510,3,0,0,0
992,8,3,0,100,0,1510,3,0,0,0
993,8,3,0,100,0,1510,3,0,0,0
994,8,3,0,100,0,1510,3,0,0,0
995,8,3,0,100,0,1510,3,0,0,0
996,8,3,0,100,0,1510,3,0,0,0
997,8,3,0,100,0,1510,3,0,0,0
998,8,3,0,100,0,1510,3,0,0,0
999,8,3,0,100,0,1510,3,0,0,0
1000,8,3,0,100,0,1510,3,0,0,0
1001,8,3,0,100,0,1510,3,0,0,0
1002,8,3,0,100,0,1510,3,0,0,0
1003,8,3,0,100,0,1510,3,0,0,0
1004,8,3,0,100,0,1510,3,0,0,0
1005,8,3,0,100,0,1510,3,0,0,0
1006,8,3,0,100,0,1510,3,0,0,0
1007,8,3,0,100,0,1510,3,0,0,0
1008,8,3,0,100,0,1510,3,0,0,0
1009,8,3,0,100,0,1510,3,0,0,0
1010,8,3,0,100,0,1510,3,0,0,0
1011,8,3,0,100,0,1510,3,0,0,0
1012,8,3,0,100,0,1510,3,0,0,0
1013,8,3,0,100,0,1510,3,0,0,0
1014,8,3,0,100,0,1510,3,0,0,0
1015,8,3,0,100,0,1510,3,0,0,0
1016,8,3,0,100,0,1510,3,0,0,0
1017,8,3,0,100,0,1510,3,0,0,0
1018,8,3,0,100,0,1510,3,0,0,0
1019,8,3,0,100,0,1510,3,0,0,0
1020,8,3,0,100,0,1510,3,0,0,0
1021,8,3,0,100,0,1510,3,0,0,0
1022,8,3,0,100,0,1510,3,0,0,0
1023,8,3,0,100,0,1510,3,0,0,0
1024,8,3,0,100,0,1510,3,0,0,0
1025,8,3,0,100,0,1510,3,0,0,0
1026,8,3,0,100,0,1510,3,0,0,0
1027,8,3,0,100,0,1510,3,0,0,0
1028,8,3,0,100,0,1510,3,0,0,0
1029,8,3,0,100,0,1510,3,0,0,0
1030,8,3,0,100,0,1510,3,0,0,0
1031,8,3,0,100,0,1510,3,0,0,0
1032,8,3,0,100,0,1510,3,0,0,0
1033,8,3,0,100,0,1510,3,0,0,0
1034,8,3,0,100,0,1510,3,0,0,0
1035,8,3,0,100,0,1510,3,0,0,0
1036,8,3,0,100,0,1510,3,0,0,0
1037,8,3,0,100,0,1510,3,0,0,0
1038,8,3,0,100,0,1510,3,0,0,0
1039,8,3,0,100,0,1510,3,0,0,0
1040,8,3,0,100,0,1510,3,0,0,0
1041,8,3,0,100,0,1510,3,0,0,0
1042,8,3,0,100,0,1510,3,0,0,0
1043,8,3,0,100,0,1510,3,0,0,0
1044,8,3,0,100,0,1510,3,0,0,0
1045,8,3,0,100,0,1510,3,0,0,0
1046,8,3,0,100,0,1510,3,0,0,0
1047,8,3,0,100,0,1510,3,0,0,0
1048,8,3,0,100,0,1510,3,0,0,0
1049,8,3,0,100,0,1510,3,0,0,0
1050,8,3,0,100,0,1510,3,0,0,0
1051,8,3,0,100,0,1510,3,0,0,0
1052,8,3,0,100,0,1510,3,0,0,0
1053,8,3,0,100,0,1510,3,0,0,0
1054,8,3,0,100,0,1510,3,0,0,0
1055,8,3,0,100,0,1510,3,0,0,0
1056,8,3,0,100,0,1510,3,0,0,0
1057,8,3,0,100,0,1510,3,0,0,0
1058,8,3,0,100,0,1510,3,0,0,0
1059,8,3,0,100,0,1510,3,0,0,0
1060,8,3,0,100,0,1510,3,0,0,0
1061,8,3,0,100,0,1510,3,0,0,0
1062,8,3,0,100,0,1510,3,0,0,0
1063,8,3,0,100,0,1510,3,0,0,0
1064,8,3,0,100,0,1510,3,0,0,0
1065,8,3,0,100,0,1510,3,0,0,0
1066,8,3,0,100,0,1510,3,0,0,0
1067,8,3,0,100,0,1510,3,0,0,0
1068,8,3,0,100,0,1510,3,0,0,0
1069,8,3,0,100,0,1510,3,0,0,0
1070,8,3,0,100,0,1510,3,0,0,0
1071,8,3,0,100,0,1510,3,0,0,0
1072,8,3,0,100,0,1510,3,0,0,0
1073,8,3,0,100,0,1510,3,0,0,0
1074,8,3,0,100,0,1510,3,0,0,0
1075,8,3,0,100,0,1510,3,0,0,0
1076,8,3,0,100,0,1510,3,0,0,0
1077,8,3,0,100,0,1510,3,0,0,0
1078,8,3,0,100,0,1510,3,0,0,0
1079,8,3,0,100,0,1510,3,0,0,0
1080,8,3,0,100,0,1510,3,0,0,0
1081,8,3,0,100,0,1510,3,0,0,0
1082,8,3,0,100,0,1510,3,0,0,0
1083,8,3,0,100,0,1510,3,0,0,0
1084,8,3,0,100,0,1510,3,0,0,0
1085,8,3,0,100,0,1510,3,0,0,0
1086,8,3,0,100,0,1510,3,0,0,0
1087,8,3,0,100,0,1510,3,0,0,0
1088,8,3,0,100,0,1510,3,0,0,0
1089,8,3,0,100,0,1510,3,0,0,0
1090,8,3,0,100,0,1510,3,0,0,0
1091,8,3,0,100,0,1510,3,0,0,0
1092,8,3,0,100,0,1510,3,0,0,0
1093,8,3,0,100,0,1510,3,0,0,0
1094,8,3,0,100,0,1510,3,0,0,0
1095,8,3,0,100,0,1510,3,0,0,0
1096,8,3,0,100,0,1510,3,0,0,0
1097,8,3,0,100,0,1510,3,0,0,0
1098,8,3,0,100,0,1510,3,0,0,0
1099,8,3,0,100,0,1510,3,0,0,0
1100,8,3,0,100,0,1510,3,0,0,0
1101,8,3,0,100,0,1510,3,0,0,0
1102,8,3,0,100,0,1510,3,0,0,0
1103,8,3,0,100,0,1510,3,0,0,0
1104,8,3,0,100,0,1510,3,0,0,0
1105,8,3,0,100,0,1510,3,0,0,0
1106,8,3,0,100,0,1510,3,0,0,0
1107,8,3,0,100,0,1510,3,0,0,0
1108,8,3,0,100,0,1510,3,0,0,0
1109,8,3,0,100,0,1510,3,0,0,0
1110,8,3,0,100,0,1510,3,0,0,0
1111,8,3,0,100,0,1510,3,0,0,0
1112,8,3,0,100,0,1510,3,0,0,0
1113,8,3,0,100,0,1510,3,0,0,0
1114,8,3,0,100,0,1510,3,0,0,0
1115,8,3,0,100,0,1510,3,0,0,0
1116,8,3,0,100,0,1510,3,0,0,0
1117,8,3,0,100,0,1510,3,0,0,0
1118,8,3,0,100,0,1510,3,0,0,0
1119,8,3,0,100,0,1510,3,0,0,0
1120,8,3,0,100,0,1510,3,0,0,0
1121,8,3,0,100,0,1510,3,0,0,0
1122,8,3,0,100,0,1510,3,0,0,0
1123,8,3,0,100,0,1510,3,0,0,0
1124,8,3,0,100,0,1510,3,0,0,0
1125,8,3,0,100,0,1510,3,0,0,0
1126,8,3,0,100,0,1510,3,0,0,0
1127,8,3,0,100,0,1510,3,0,0,0
1128,8,3,0,100,0,1510,3,0,0,0
1129,8,3,0,100,0,1510,3,0,0,0
1130,8,3,0,100,0,1510,3,0,0,0
1131,8,3,0,100,0,1510,3,0,0,0
1132,8,3,0,100,0,1510,3,0,0,0
1133,8,3,0,100,0,1510,3,0,0,0
1134,8,3,0,100,0,1510,3,0,0,0
1135,8,3,0,100,0,1510,3,0,0,0
1136,8,3,0,100,0,1510,3,0,0,0
1137,8,3,0,100,0,1510,3,0,0,0
1138,8,3,0,100,0,1510,3,0,0,0
1139,8,3,0,100,0,1510,3,0,0,0
1140,8,3,0,100,0,1510,3,0,0,0
1141,8,3,0,100,0,1510,3,0,0,0
1142,8,3,0,100,0,1510,3,0,0,0
1143,8,3,0,100,0,1510,3,0,0,0
1144,8,3,0,100,0,1510,3,0,0,0
1145,8,3,0,100,0,1510,3,0,0,0
1146,8,3,0,100,0,1510,3,0,0,0
1147,8,3,0,100,0,1510,3,0,0,0
1148,8,3,0,100,0,1510,3,0,0,0
1149,8,3,0,100,0,1510,3,0,0,0
1150,8,3,0,100,0,1510,3,0,0,0
1151,8,3,0,100,0,1510,3,0,0,0
1152,8,3,0,100,0,1510,3,0,0,0
1153,8,3,0,100,0,1510,3,0,0,0
1154,8,3,0,100,0,1510,3,0,0,0
1155,8,3,0,100,0,1510,3,0,0,0
1156,8,3,0,100,0,1510,3,0,0,0
1157,8,3,0,100,0,1510,3,0,0,0
1158,8,3,0,100,0,1510,3,0,0,0
1159,8,3,0,100,0,1510,3,0,0,0
1160,8,3,0,100,0,1510,3,0,0,0
1161,8,3,0,100,0,1510,3,0,0,0
1162,8,3,0,100,0,1510,3,0,0,0
1163,8,3,0,100,0,1510,3,0,0,0
1164,8,3,0,100,0,1510,3,0,0,0
1165,8,3,0,100,0,1510,3,0,0,0
1166,8,3,0,100,0,1510,3,0,0,0
1167,8,3,0,100,0,1510,3,0,0,0
1168,8,3,0,100,0,1510,3,0,0,0
1169,8,3,0,100,0,1510,3,0,0,0
1170,8,3,0,100,0,1510,3,0,0,0
1171,8,3,0,100,0,1510,3,0,0,0
1172,8,3,0,100,0,1510,3,0,0,0
1173,8,3,0,100,0,1510,3,0,0,0
1174,8,3,0,100,0,1510,3,0,0,0
1175,8,3,0,100,0,1510,3,0,0,0
1176,8,3,0,100,0,1510,3,0,0,0
1177,8,3,0,100,0,1510,3,0,0,0
1178,8,3,0,100,0,1510,3,0,0,0
1179,8,3,0,100,0,1510,3,0,0,0
1180,8,3,0,100,0,1510,3,0,0,0
1181,8,3,0,100,0,1510,3,0,0,0
1182,8,3,0,100,0,1510,3,0,0,0
1183,8,3,0,100,0,1510,3,0,0,0
1184,8,3,0,100,0,1510,3,0,0,0
1185,8,3,0,100,0,1510,3,0,0,0
1186,8,3,0,100,0,1510,3,0,0,0
1187,8,3,0,100,0,1510,3,0,0,0
1188,8,3,0,100,0,1510,3,0,0,0
1189,8,3,0,100,0,1510,3,0,0,0
1190,8,3,0,100,0,1510,3,0,0,0
1191,8,3,0,100,0,1510,3,0,0,0
1192,8,3,0,100,0,1510,3,0,0,0
1193,8,3,0,100,0,1510,3,0,0,0
1194,8,3,0,100,0,1510,3,0,0,0
1195,8,3,0,100,0,1510,3,0,0,0
1196,8,3,0,100,0,1510,3,0,0,0
1197,8,3,0,100,0,1510,3,0,0,0
1198,8,3,0,100,0,1510,3,0,0,0
1199,8,3,0,100,0,1510,3,0,0,0
1200,8,3,0,100,0,1510,3,0,0,0
1201,8,3,0,100,0,1510,3,0,0,0
1202,8,3,0,100,0,1510,3,0,0,0
1203,8,3,0,100,0,1510,3,0,0,0
1204,8,3,0,100,0,1510,3,0,0,0
1205,8,3,0,100,0,1510,3,0,0,0
1206,8,3,0,100,0,1510,3,0,0,0
1207,8,3,0,100,0,1510,3,0,0,0
1208,8,3,0,100,0,1510,3,0,0,0
1209,8,3,0,100,0,1510,3,0,0,0
1210,8,3,0,100,0,1510,3,0,0,0
1211,8,3,0,100,0,1510,3,0,0,0
1212,8,3,0,100,0,1510,3,0,0,0
1213,8,3,0,100,0,1510,3,0,0,0
1214,8,3,0,100,0,1510,3,0,0,0
1215,8,3,0,100,0,1510,3,0,0,0
1216,8,3,0,100,0,1510,3,0,0,0
1217,8,3,0,100,0,1510,3,0,0,0
1218,8,3,0,100,0,1510,3,0,0,0
1219,8,3,0,100,0,1510,3,0,0,0
1220,8,3,0,100,0,1510,3,0,0,0
1221,8,3,0,100,0,1510,3,0,0,0
1222,8,3,0,100,0,1510,3,0,0,0
1223,8,3,0,100,0,1510,3,0,0,0
1224,8,3,0,100,0,1510,3,0,0,0
1225,8,3,0,100,0,1510,3,0,0,0
1226,8,3,0,100,0,1510,3,0,0,0
1227,8,3,0,100,0,1510,3,0,0,0
1228,8,3,0,100,0,1510,3,0,0,0
1229,8,3,0,100,0,1510,3,0,0,0
1230,8,3,0,100,0,1510,3,0,0,0
1231,8,3,0,100,0,1510,3,0,0,0
1232,8,3,0,100,0,1510,3,0,0,0
1233,8,3,0,100,0,1510,3,0,0,0
1234,8,3,0,100,0,1510,3,0,0,0
1235,8,3,0,100,0,1510,3,0,0,0
1236,8,3,0,100,0,1510,3,0,0,0
1237,8,3,0,100,0,1510,3,0,0,0
1238,8,3,0,100,0,1510,3,0,0,0
1239,8,3,0,100,0,1510,3,0,0,0
1240,8,3,0,100,0,1510,3,0,0,0
1241,8,3,0,100,0,1510,3,0,0,0
1242,8,3,0,100,0,1510,3,0,0,0
1243,8,3,0,100,0,1510,3,0,0,0
1244,8,3,0,100,0,1510,3,0,0,0
1245,8,3,0,100,0,1510,3,0,0,0
1246,8,3,0,100,0,1510,3,0,0,0
1247,8,3,0,100,0,1510,3,0,0,0
1248,8,3,0,100,0,1510,3,0,0,0
1249,8,3,0,100,0,1510,3,0,0,0
1250,8,3,0,100,0,1510,3,0,0,0
1251,8,3,0,100,0,1510,3,0,0,0
1252,8,3,0,100,0,1510,3,0,0,0
1253,8,3,0,100,0,1510,3,0,0,0
1254,8,3,0,100,0,1510,3,0,0,0
1255,8,3,0,100,0,1510,3,0,0,0
1256,8,3,0,100,0,1510,3,0,0,0
1257,8,3,0,100,0,1510,3,0,0,0
1258,8,3,0,100,0,1510,3,0,0,0
1259,8,3,0,100,0,1510,3,0,0,0
1260,8,3,0,100,0,1510,3,0,0,0
1261,8,3,0,100,0,1510,3,0,0,0
1262,8,3,0,100,0,1510,3,0,0,0
1263,8,3,0,100,0,1510,3,0,0,0
1264,8,3,0,100,0,1510,3,0,0,0
1265,8,3,0,100,0,1510,3,0,0,0
1266,8,3,0,100,0,1510,3,0,0,0
1267,8,3,0,100,0,1510,3,0,0,0
1268,8,3,0,100,0,1510,3,0,0,0
1269,8,3,0,100,0,1510,3,0,0,0
1270,8,3,0,100,0,1510,3,0,0,0
1271,8,3,0,100,0,1510,3,0,0,0
1272,8,3,0,100,0,1510,3,0,0,0
1273,8,3,0,100,0,1510,3,0,0,0
1274,8,3,0,100,0,1510,3,0,0,0
1275,8,3,0,100,0,1510,3,0,0,0
1276,8,3,0,100,0,1510,3,0,0,0
1277,8,3,0,100,0,1510,3,0,0,0
1278,8,3,0,100,0,1510,3,0,0,0
1279,8,3,0,100,0,1510,3,0,0,0
1280,8,3,0,100,0,1510,3,0,0,0
1281,8,3,0,100,0,1510,3,0,0,0
1282,8,3,0,100,0,1510,3,0,0,0
1283,8,3,0,100,0,1510,3,0,0,0
1284,8,3,0,100,0,1510,3,0,0,0
1285,8,3,0,100,0,1510,3,0,0,0
1286,8,3,0,100,0,1510,3,0,0,0
1287,8,3,0,100,0,1510,3,0,0,0
1288,8,3,0,100,0,1510,3,0,0,0
1289,8,3,0,100,0,1510,3,0,0,0
1290,8,3,0,100,0,1510,3,0,0,0
1291,8,3,0,100,0,1510,3,0,0,0
1292,8,3,0,100,0,1510,3,0,0,0
1293,8,3,0,100,0,1510,3,0,0,0
1294,8,3,0,100,0,1510,3,0,0,0
1295,8,3,0,100,0,1510,3,0,0,0
1296,8,3,0,100,0,1510,3,0,0,0
1297,8,3,0,100,0,1510,3,0,0,0
1298,8,3,0,100,0,1510,3,0,0,0
1299,8,3,0,100,0,1510,3,0,0,0
1300,8,3,0,100,0,1510,3,0,0,0
1301,8,3,0,100,0,1510,3,0,0,0
1302,8,3,0,100,0,1510,3,0,0,0
1303,8,3,0,100,0,1510,3,0,0,0
1304,8,3,0,100,0,1510,3,0,0,0
1305,8,3,0,100,0,1510,3,0,0,0
1306,8,3,0,100,0,1510,3,0,0,0
1307,8,3,0,100,0,1510,3,0,0,0
1308,8,3,0,100,0,1510,3,0,0,0
1309,8,3,0,100,0,1510,3,0,0,0
1310,8,3,0,100,0,1510,3,0,0,0
1311,8,3,0,100,0,1510,3,0,0,0
1312,8,3,0,100,0,1510,3,0,0,0
1313,8,3,0,100,0,1510,3,0,0,0
1314,8,3,0,100,0,1510,3,0,0,0
1315,8,3,0,100,0,1510,3,0,0,0
1316,8,3,0,100,0,1510,3,0,0,0
1317,8,3,0,100,0,1510,3,0,0,0
1318,8,3,0,100,0,1510,3,0,0,0
1319,8,3,0,100,0,1510,3,0,0,0
1320,8,3,0,100,0,1510,3,0,0,0
1321,8,3,0,100,0,1510,3,0,0,0
1322,8,3,0,100,0,1510,3,0,0,0
1323,8,3,0,100,0,1510,3,0,0,0
1324,8,3,0,100,0,1510,3,0,0,0
1325,8,3,0,100,0,1510,3,0,0,0
1326,8,3,0,100,0,1510,3,0,0,0
1327,8,3,0,100,0,1510,3,0,0,0
1328,8,3,0,100,0,1510,3,0,0,0
1329,8,3,0,100,0,1510,3,0,0,0
1330,8,3,0,100,0,1510,3,0,0,0
1331,8,3,0,100,0,1510,3,0,0,0
1332,8,3,0,100,0,1510,3,0,0,0
1333,8,3,0,100,0,1510,3,0,0,0
1334,8,3,0,100,0,1510,3,0,0,0
1335,8,3,0,100,0,1510,3,0,0,0
1336,8,3,0,100,0,1510,3,0,0,0
1337,8,3,0,100,0,1510,3,0,0,0
1338,8,3,0,100,0,1510,3,0,0,0
1339,8,3,0,100,0,1510,3,0,0,0
1340,8,3,0,100,0,1510,3,0,0,0
1341,8,3,0,100,0,1510,3,0,0,0
1342,8,3,0,100,0,1510,3,0,0,0
1343,8,3,0,100,0,1510,3,0,0,0
1344,8,3,0,100,0,1510,3,0,0,0
1345,8,3,0,100,0,1510,3,0,0,0
1346,8,3,0,100,0,1510,3,0,0,0
1347,8,3,0,100,0,1510,3,0,0,0
1348,8,3,0,100,0,1510,3,0,0,0
1349,8,3,0,100,0,1510,3,0,0,0
1350,8,3,0,100,0,1510,3,0,0,0
1351,8,3,0,100,0,1510,3,0,0,0
1352,8,3,0,100,0,1510,3,0,0,0
1353,8,3,0,100,0,1510,3,0,0,0
1354,8,3,0,100,0,1510,3,0,0,0
1355,8,3,0,100,0,1510,3,0,0,0
1356,8,3,0,100,0,1510,3,0,0,0
1357,8,3,0,100,0,1510,3,0,0,0
1358,8,3,0,100,0,1510,3,0,0,0
1359,8,3,0,100,0,1510,3,0,0,0
1360,8,3,0,100,0,1510,3,0,0,0
1361,8,3,0,100,0,1510,3,0,0,0
1362,8,3,0,100,0,1510,3,0,0,0
1363,8,3,0,100,0,1510,3,0,0,0
1364,8,3,0,100,0,1510,3,0,0,0
1365,8,3,0,100,0,1510,3,0,0,0
1366,8,3,0,100,0,1510,3,0,0,0
1367,8,3,0,100,0,1510,3,0,0,0
1368,8,3,0,100,0,1510,3,0,0,0
1369,8,3,0,100,0,1510,3,0,0,0
1370,8,3,0,100,0,1510,3,0,0,0
1371,8,3,0,100,0,1510,3,0,0,0
1372,8,3,0,100,0,1510,3,0,0,0
1373,8,3,0,100,0,1510,3,0,0,0
1374,8,3,0,100,0,1510,3,0,0,0
1375,8,3,0,100,0,1510,3,0,0,0
1376,8,3,0,100,0,1510,3,0,0,0
1377,8,3,0,100,0,1510,3,0,0,0
1378,8,3,0,100,0,1510,3,0,0,0
1379,8,3,0,100,0,1510,3,0,0,0
1380,8,3,0,100,0,1510,3,0,0,0
1381,8,3,0,100,0,1510,3,0,0,0
1382,8,3,0,100,0,1510,3,0,0,0
1383,8,3,0,100,0,1510,3,0,0,0
1384,8,3,0,100,0,1510,3,0,0,0
1385,8,3,0,100,0,1510,3,0,0,0
1386,8,3,0,100,0,1510,3,0,0,0
1387,8,3,0,100,0,1510,3,0,0,0
1388,8,3,0,100,0,1510,3,0,0,0
1389,8,3,0,100,0,1510,3,0,0,0
1390,8,3,0,100,0,1510,3,0,0,0
1391,8,3,0,100,0,1510,3,0,0,0
1392,8,3,0,100,0,1510,3,0,0,0
1393,8,3,0,100,0,1510,3,0,0,0
1394,8,3,0,100,0,1510,3,0,0,0
1395,8,3,0,100,0,1510,3,0,0,0
1396,8,3,0,100,0,1510,3,0,0,0
1397,8,3,0,100,0,1510,3,0,0,0
1398,8,3,0,100,0,1510,3,0,0,0
1399,8,3,0,100,0,1510,3,0,0,0
1400,13,3,1,0,0,1510,6,0,0,100
1401,13,3,1,0,0,1510,6,0,0,100
1402,13,3,1,0,0,1510,6,0,0,100
1403,13,3,1,0,0,1510,6,0,0,100
1404,13,3,1,0,0,1510,6,0,0,100
1405,13,3,1,0,0,1510,6,0,0,100
1406,13,3,1,0,0,1510,6,0,0,100
1407,13,3,1,0,0,1510,6,0,0,100
1408,13,3,1,0,0,1510,6,0,0,100
1409,13,3,1,0,0,1510,6,0,0,100
1410,13,3,1,0,0,1510,6,0,0,100
1411,13,3,1,0,0,1510,6,0,0,100
1412,13,3,1,0,0,1510,6,0,0,100
1413,13,3,1,0,0,1510,6,0,0,100
1414,13,3,1,0,0,1510,6,0,0,100
1415,13,3,1,0,0,1510,6,0,0,100
1416,13,3,1,0,0,1510,6,0,0,100
1417,13,3,1,0,0,1510,6,0,0,100
1418,13,3,1,0,0,1510,6,0,0,100
1419,13,3,1,0,0,1510,6,0,0,100
1420,13,3,1,0,0,1510,6,0,0,100
1421,13,3,1,0,0,1510,6,0,0,100
1422,13,3,1,0,0,1510,6,0,0,100
1423,13,3,1,0,0,1510,6,0,0,100
1424,13,3,1,0,0,1510,6,0,0,100
1425,13,3,1,0,0,1510,6,0,0,100
1426,13,3,1,0,0,1510,6,0,0,100
1427,13,3,1,0,0,1510,6,0,0,100
1428,13,3,1,0,0,1510,6,0,0,100
1429,13,3,1,0,0,1510,6,0,0,100
1430,13,3,1,0,0,1510,6,0,0,100
1431,13,3,1,0,0,1510,6,0,0,100
1432,13,3,1,0,0,1510,6,0,0,100
1433,13,3,1,0,0,1510,6,0,0,100
1434,13,3,1,0,0,1510,6,0,0,100
1435,13,3,1,0,0,1510,6,0,0,100
1436,13,3,1,0,0,1510,6,0,0,100
1437,13,3,1,0,0,1510,6,0,0,100
1438,13,3,1,0,0,1510,6,0,0,100
1439,13,3,1,0,0,1510,6,0,0,100
1440,13,3,1,0,0,1510,6,0,0,100
1441,13,3,1,0,0,1510,6,0,0,100
1442,13,3,1,0,0,1510,6,0,0,100
1443,13,3,1,0,0,1510,6,0,0,100
1444,13,3,1,0,0,1510,6,0,0,100
1445,13,3,1,0,0,1510,6,0,0,100
1446,13,3,1,0,0,1510,6,0,0,100
1447,13,3,1,0,0,1510,6,0,0,100
1448,13,3,1,0,0,1510,6,0,0,100
1449,13,3,1,0,0,1510,6,0,0,100
1450,13,3,1,0,0,1510,6,0,0,100
1451,13,3,1,0,0,1510,6,0,0,100
1452,13,3,1,0,0,1510,6,0,0,100
1453,13,3,1,0,0,1510,6,0,0,100
1454,13,3,1,0,0,1510,6,0,0,100
1455,13,3,1,0,0,1510,6,0,0,100
1456,13,3,1,0,0,1510,6,0,0,100
1457,13,3,1,0,0,1510,6,0,0,100
1458,13,3,1,0,0,1510,6,0,0,100
1459,13,3,1,0,0,1510,6,0,0,100
1460,13,3,1,0,0,1510,6,0,0,100
1461,13,3,1,0,0,1510,6,0,0,100
1462,13,3,1,0,0,1510,6,0,0,100
1463,13,3,1,0,0,1510,6,0,0,100
1464,13,3,1,0,0,1510,6,0,0,100
1465,13,3,1,0,0,1510,6,0,0,100
1466,13,3,1,0,0,1510,6,0,0,100
1467,13,3,1,0,0,1510,6,0,0,100
1468,13,3,1,0,0,1510,6,0,0,100
1469,13,3,1,0,0,1510,6,0,0,100
1470,13,3,1,0,0,1510,6,0,0,100
1471,13,3,1,0,0,1510,6,0,0,100
1472,13,3,1,0,0,1510,6,0,0,100
1473,13,3,1,0,0,1510,6,0,0,100
1474,13,3,1,0,0,1510,6,0,0,100
1475,13,3,1,0,0,1510,6,0,0,100
1476,13,3,1,0,0,1510,6,0,0,100
1477,13,3,1,0,0,1510,6,0,0,100
1478,13,3,1,0,0,1510,6,0,0,100
1479,13,3,1,0,0,1510,6,0,0,100
1480,13,3,1,0,0,1510,6,0,0,100
1481,13,3,1,0,0,1510,6,0,0,100
1482,13,3,1,0,0,1510,6,0,0,100
1483,13,3,1,0,0,1510,6,0,0,100
1484,13,3,1,0,0,1510,6,0,0,100
1485,13,3,1,0,0,1510,6,0,0,100
1486,13,3,1,0,0,1510,6,0,0,100
1487,13,3,1,0,0,1510,6,0,0,100
1488,13,3,1,0,0,1510,6,0,0,100
1489,13,3,1,0,0,1510,6,0,0,100
1490,13,3,1,0,0,1510,6,0,0,100
1491,13,3,1,0,0,1510,6,0,0,100
1492,13,3,1,0,0,1510,6,0,0,100
1493,13,3,1,0,0,1510,6,0,0,100
1494,13,3,1,0,0,1510,6,0,0,100
1495,13,3,1,0,0,1510,6,0,0,100
1496,13,3,1,0,0,1510,6,0,0,100
1497,13,3,1,0,0,1510,6,0,0,100
1498,13,3,1,0,0,1510,6,0,0,100
1499,13,3,1,0,0,1510,6,0,0,100
1500,13,3,1,0,0,1510,6,0,0,100
1501,13,3,1,0,0,1510,6,0,0,100
1502,13,3,1,0,0,1510,6,0,0,100
1503,13,3,1,0,0,1510,6,0,0,100
1504,13,3,1,0,0,1510,6,0,0,100
1505,13,3,1,0,0,1510,6,0,0,100
1506,13,3,1,0,0,1510,6,0,0,100
1507,13,3,1,0,0,1510,6,0,0,100
1508,13,3,1,0,0,1510,6,0,0,100
1509,13,3,1,0,0,1510,6,0,0,100
1510,13,3,1,0,0,1510,6,0,0,100
1511,13,3,1,0,0,1510,6,0,0,100
1512,13,3,1,0,0,1510,6,0,0,100
1513,13,3,1,0,0,1510,6,0,0,100
1514,13,3,1,0,0,1510,6,0,0,100
1515,13,3,1,0,0,1510,6,0,0,100
1516,13,3,1,0,0,1510,6,0,0,100
1517,13,3,1,0,0,1510,6,0,0,100
1518,13,3,1,0,0,1510,6,0,0,100
1519,13,3,1,0,0,1510,6,0,0,100
1520,13,3,1,0,0,1510,6,0,0,100
1521,13,3,1,0,0,1510,6,0,0,100
1522,13,3,1,0,0,1510,6,0,0,100
1523,13,3,1,0,0,1510,6,0,0,100
1524,13,3,1,0,0,1510,6,0,0,100
1525,13,3,1,0,0,1510,6,0,0,100
1526,13,3,1,0,0,1510,6,0,0,100
1527,13,3,1,0,0,1510,6,0,0,100
1528,13,3,1,0,0,1510,6,0,0,100
1529,13,3,1,0,0,1510,6,0,0,100
1530,13,3,1,0,0,1510,6,0,0,100
1531,13,3,1,0,0,1510,6,0,0,100
1532,13,3,1,0,0,1510,6,0,0,100
1533,13,3,1,0,0,1510,6,0,0,100
1534,13,3,1,0,0,1510,6,0,0,100
1535,13,3,1,0,0,1510,6,0,0,100
1536,13,3,1,0,0,1510,6,0,0,100
1537,13,3,1,0,0,1510,6,0,0,100
1538,13,3,1,0,0,1510,6,0,0,100
1539,13,3,1,0,0,1510,6,0,0,100
1540,13,3,1,0,0,1510,6,0,0,100
1541,13,3,1,0,0,1510,6,0,0,100
1542,13,3,1,0,0,1510,6,0,0,100
1543,13,3,1,0,0,1510,6,0,0,100
1544,13,3,1,0,0,1510,6,0,0,100
1545,13,3,1,0,0,1510,6,0,0,100
1546,13,3,1,0,0,1510,6,0,0,100
1547,13,3,1,0,0,1510,6,0,0,100
1548,13,3,1,0,0,1510,6,0,0,100
1549,13,3,1,0,0,1510,6,0,0,100
1550,13,3,1,0,0,1510,6,0,0,100
1551,13,3,1,0,0,1510,6,0,0,100
1552,13,3,1,0,0,1510,6,0,0,100
1553,13,3,1,0,0,1510,6,0,0,100
1554,13,3,1,0,0,1510,6,0,0,100
1555,13,3,1,0,0,1510,6,0,0,100
1556,13,3,1,0,0,1510,6,0,0,100
1557,13,3,1,0,0,1510,6,0,0,100
1558,13,3,1,0,0,1510,6,0,0,100
1559,13,3,1,0,0,1510,6,0,0,100
1560,13,3,1,0,0,1510,6,0,0,100
1561,13,3,1,0,0,1510,6,0,0,100
1562,13,3,1,0,0,1510,6,0,0,100
1563,13,3,1,0,0,1510,6,0,0,100
1564,13,3,1,0,0,1510,6,0,0,100
1565,13,3,1,0,0,1510,6,0,0,100
1566,13,3,1,0,0,1510,6,0,0,100
1567,13,3,1,0,0,1510,6,0,0,100
1568,13,3,1,0,0,1510,6,0,0,100
1569,13,3,1,0,0,1510,6,0,0,100
1570,13,3,1,0,0,1510,6,0,0,100
1571,13,3,1,0,0,1510,6,0,0,100
1572,13,3,1,0,0,1510,6,0,0,100
1573,13,3,1,0,0,1510,6,0,0,100
1574,13,3,1,0,0,1510,6,0,0,100
1575,13,3,1,0,0,1510,6,0,0,100
1576,13,3,1,0,0,1510,6,0,0,100
1577,13,3,1,0,0,1510,6,0,0,100
1578,13,3,1,0,0,1510,6,0,0,100
1579,13,3,1,0,0,1510,6,0,0,100
1580,13,3,1,0,0,1510,6,0,0,100
1581,13,3,1,0,0,1510,6,0,0,100
1582,13,3,1,0,0,1510,6,0,0,100
1583,13,3,1,0,0,1510,6,0,0,100
1584,13,3,1,0,0,1510,6,0,0,100
1585,13,3,1,0,0,1510,6,0,0,100
1586,13,3,1,0,0,1510,6,0,0,100
1587,13,3,1,0,0,1510,6,0,0,100
1588,13,3,1,0,0,1510,6,0,0,100
1589,13,3,1,0,0,1510,6,0,0,100
1590,13,3,1,0,0,1510,6,0,0,100
1591,13,3,1,0,0,1510,6,0,0,100
1592,13,3,1,0,0,1510,6,0,0,100
1593,13,3,1,0,0,1510,6,0,0,100
1594,13,3,1,0,0,1510,6,0,0,100
1595,13,3,1,0,0,1510,6,0,0,100
1596,13,3,1,0,0,1510,6,0,0,100
1597,13,3,1,0,0,1510,6,0,0,100
1598,13,3,1,0,0,1510,6,0,0,100
1599,13,3,1,0,0,1510,6,0,0,100
1600,13,3,1,0,0,1510,6,0,0,100
1601,13,3,1,0,0,1510,6,0,0,100
1602,13,3,1,0,0,1510,6,0,0,100
1603,13,3,1,0,0,1510,6,0,0,100
1604,13,3,1,0,0,1510,6,0,0,100
1605,13,3,1,0,0,1510,6,0,0,100
1606,13,3,1,0,0,1510,6,0,0,100
1607,13,3,1,0,0,1510,6,0,0,100
1608,13,3,1,0,0,1510,6,0,0,100
1609,13,3,1,0,0,1510,6,0,0,100
1610,13,3,1,0,0,1510,6,0,0,100
1611,13,3,1,0,0,1510,6,0,0,100
1612,13,3,1,0,0,1510,6,0,0,100
1613,13,3,1,0,0,1510,6,0,0,100
1614,13,3,1,0,0,1510,6,0,0,100
1615,13,3,1,0,0,1510,6,0,0,100
1616,13,3,1,0,0,1510,6,0,0,100
1617,13,3,1,0,0,1510,6,0,0,100
1618,13,3,1,0,0,1510,6,0,0,100
1619,13,3,1,0,0,1510,6,0,0,100
1620,13,3,1,0,0,1510,6,0,0,100
1621,13,3,1,0,0,1510,6,0,0,100
1622,13,3,1,0,0,1510,6,0,0,100
1623,13,3,1,0,0,1510,6,0,0,100
1624,13,3,1,0,0,1510,6,0,0,100
1625,13,3,1,0,0,1510,6,0,0,100
1626,13,3,1,0,0,1510,6,0,0,100
1627,13,3,1,0,0,1510,6,0,0,100
1628,13,3,1,0,0,1510,6,0,0,100
1629,13,3,1,0,0,1510,6,0,0,100
1630,13,3,1,0,0,1510,6,0,0,100
1631,13,3,1,0,0,1510,6,0,0,100
1632,13,3,1,0,0,1510,6,0,0,100
1633,13,3,1,0,0,1510,6,0,0,100
1634,13,3,1,0,0,1510,6,0,0,100
1635,13,3,1,0,0,1510,6,0,0,100
1636,13,3,1,0,0,1510,6,0,0,100
1637,13,3,1,0,0,1510,6,0,0,100
1638,13,3,1,0,0,1510,6,0,0,100
1639,13,3,1,0,0,1510,6,0,0,100
1640,13,3,1,0,0,1510,6,0,0,100
1641,13,3,1,0,0,1510,6,0,0,100
1642,13,3,1,0,0,1510,6,0,0,100
1643,13,3,1,0,0,1510,6,0,0,100
1644,13,3,1,0,0,1510,6,0,0,100
1645,13,3,1,0,0,1510,6,0,0,100
1646,13,3,1,0,0,1510,6,0,0,100
1647,13,3,1,0,0,1510,6,0,0,100
1648,13,3,1,0,0,1510,6,0,0,100
1649,13,3,1,0,0,1510,6,0,0,100
1650,13,3,1,0,0,1510,6,0,0,100
1651,13,3,1,0,0,1510,6,0,0,100
1652,13,3,1,0,0,1510,6,0,0,100
1653,13,3,1,0,0,1510,6,0,0,100
1654,13,3,1,0,0,1510,6,0,0,100
1655,13,3,1,0,0,1510,6,0,0,100
1656,13,3,1,0,0,1510,6,0,0,100
1657,13,3,1,0,0,1510,6,0,0,100
1658,13,3,1,0,0,1510,6,0,0,100
1659,13,3,1,0,0,1510,6,0,0,100
1660,13,3,1,0,0,1510,6,0,0,100
1661,13,3,1,0,0,1510,6,0,0,100
1662,13,3,1,0,0,1510,6,0,0,100
1663,13,3,1,0,0,1510,6,0,0,100
1664,13,3,1,0,0,1510,6,0,0,100
1665,13,3,1,0,0,1510,6,0,0,100
1666,13,3,1,0,0,1510,6,0,0,100
1667,13,3,1,0,0,1510,6,0,0,100
1668,13,3,1,0,0,1510,6,0,0,100
1669,13,3,1,0,0,1510,6,0,0,100
1670,13,3,1,0,0,1510,6,0,0,100
1671,13,3,1,0,0,1510,6,0,0,100
1672,13,3,1,0,0,1510,6,0,0,100
1673,13,3,1,0,0,1510,6,0,0,100
1674,13,3,1,0,0,1510,6,0,0,100
1675,13,3,1,0,0,1510,6,0,0,100
1676,13,3,1,0,0,1510,6,0,0,100
1677,13,3,1,0,0,1510,6,0,0,100
1678,13,3,1,0,0,1510,6,0,0,100
1679,13,3,1,0,0,1510,6,0,0,100
1680,13,3,1,0,0,1510,6,0,0,100
1681,13,3,1,0,0,1510,6,0,0,100
1682,13,3,1,0,0,1510,6,0,0,100
1683,13,3,1,0,0,1510,6,0,0,100
1684,13,3,1,0,0,1510,6,0,0,100
1685,13,3,1,0,0,1510,6,0,0,100
1686,13,3,1,0,0,1510,6,0,0,100
1687,13,3,1,0,0,1510,6,0,0,100
1688,13,3,1,0,0,1510,6,0,0,100
1689,13,3,1,0,0,1510,6,0,0,100
1690,13,3,1,0,0,1510,6,0,0,100
1691,13,3,1,0,0,1510,6,0,0,100
1692,13,3,1,0,0,1510,6,0,0,100
1693,13,3,1,0,0,1510,6,0,0,100
1694,13,3,1,0,0,1510,6,0,0,100
1695,13,3,1,0,0,1510,6,0,0,100
1696,13,3,1,0,0,1510,6,0,0,100
1697,13,3,1,0,0,1510,6,0,0,100
1698,13,3,1,0,0,1510,6,0,0,100
1699,13,3,1,0,0,1510,6,0,0,100
1700,13,3,1,0,0,1510,6,0,0,100
1701,13,3,1,0,0,1510,6,0,0,100
1702,13,3,1,0,0,1510,6,0,0,100
1703,13,3,1,0,0,1510,6,0,0,100
1704,13,3,1,0,0,1510,6,0,0,100
1705,13,3,1,0,0,1510,6,0,0,100
1706,13,3,1,0,0,1510,6,0,0,100
1707,13,3,1,0,0,1510,6,0,0,100
1708,13,3,1,0,0,1510,6,0,0,100
1709,13,3,1,0,0,1510,6,0,0,100
1710,13,3,1,0,0,1510,6,0,0,100
1711,13,3,1,0,0,1510,6,0,0,100
1712,13,3,1,0,0,1510,6,0,0,100
1713,13,3,1,0,0,1510,6,0,0,100
1714,13,3,1,0,0,1510,6,0,0,100
1715,13,3,1,0,0,1510,6,0,0,100
1716,13,3,1,0,0,1510,6,0,0,100
1717,13,3,1,0,0,1510,6,0,0,100
1718,13,3,1,0,0,1510,6,0,0,100
1719,13,3,1,0,0,1510,6,0,0,100
1720,13,3,1,0,0,1510,6,0,0,100
1721,13,3,1,0,0,1510,6,0,0,100
1722,13,3,1,0,0,1510,6,0,0,100
1723,13,3,1,0,0,1510,6,0,0,100
1724,13,3,1,0,0,1510,6,0,0,100
1725,13,3,1,0,0,1510,6,0,0,100
1726,13,3,1,0,0,1510,6,0,0,100
1727,13,3,1,0,0,1510,6,0,0,100
1728,13,3,1,0,0,1510,6,0,0,100
1729,13,3,1,0,0,1510,6,0,0,100
1730,13,3,1,0,0,1510,6,0,0,100
1731,13,3,1,0,0,1510,6,0,0,100
1732,13,3,1,0,0,1510,6,0,0,100
1733,13,3,1,0,0,1510,6,0,0,100
1734,13,3,1,0,0,1510,6,0,0,100
1735,13,3,1,0,0,1510,6,0,0,100
1736,13,3,1,0,0,1510,6,0,0,100
1737,13,3,1,0,0,1510,6,0,0,100
1738,13,3,1,0,0,1510,6,0,0,100
1739,13,3,1,0,0,1510,6,0,0,100
1740,13,3,1,0,0,1510,6,0,0,100
1741,13,3,1,0,0,1510,6,0,0,100
1742,13,3,1,0,0,1510,6,0,0,100
1743,13,3,1,0,0,1510,6,0,0,100
1744,13,3,1,0,0,1510,6,0,0,100
1745,13,3,1,0,0,1510,6,0,0,100
1746,13,3,1,0,0,1510,6,0,0,100
1747,13,3,1,0,0,1510,6,0,0,100
1748,13,3,1,0,0,1510,6,0,0,100
1749,13,3,1,0,0,1510,6,0,0,100
1750,13,3,1,0,0,1510,6,0,0,100
1751,13,3,1,0,0,1510,6,0,0,100
1752,13,3,1,0,0,1510,6,0,0,100
1753,13,3,1,0,0,1510,6,0,0,100
1754,13,3,1,0,0,1510,6,0,0,100
1755,13,3,1,0,0,1510,6,0,0,100
1756,13,3,1,0,0,1510,6,0,0,100
1757,13,3,1,0,0,1510,6,0,0,100
1758,13,3,1,0,0,1510,6,0,0,100
1759,13,3,1,0,0,1510,6,0,0,100
1760,13,3,1,0,0,1510,6,0,0,100
1761,13,3,1,0,0,1510,6,0,0,100
1762,13,3,1,0,0,1510,6,0,0,100
1763,13,3,1,0,0,1510,6,0,0,100
1764,13,3,1,0,0,1510,6,0,0,100
1765,13,3,1,0,0,1510,6,0,0,100
1766,13,3,1,0,0,1510,6,0,0,100
1767,13,3,1,0,0,1510,6,0,0,100
1768,13,3,1,0,0,1510,6,0,0,100
1769,13,3,1,0,0,1510,6,0,0,100
1770,13,3,1,0,0,1510,6,0,0,100
1771,13,3,1,0,0,1510,6,0,0,100
1772,13,3,1,0,0,1510,6,0,0,100
1773,13,3,1,0,0,1510,6,0,0,100
1774,13,3,1,0,0,1510,6,0,0,100
1775,13,3,1,0,0,1510,6,0,0,100
1776,13,3,1,0,0,1510,6,0,0,100
1777,13,3,1,0,0,1510,6,0,0,100
1778,13,3,1,0,0,1510,6,0,0,100
1779,13,3,1,0,0,1510,6,0,0,100
1780,13,3,1,0,0,1510,6,0,0,100
1781,13,3,1,0,0,1510,6,0,0,100
1782,13,3,1,0,0,1510,6,0,0,100
1783,13,3,1,0,0,1510,6,0,0,100
1784,13,3,1,0,0,1510,6,0,0,100
1785,13,3,1,0,0,1510,6,0,0,100
1786,13,3,1,0,0,1510,6,0,0,100
1787,13,3,1,0,0,1510,6,0,0,100
1788,13,3,1,0,0,1510,6,0,0,100
1789,13,3,1,0,0,1510,6,0,0,100
1790,13,3,1,0,0,1510,6,0,0,100
1791,13,3,1,0,0,1510,6,0,0,100
1792,13,3,1,0,0,1510,6,0,0,100
1793,13,3,1,0,0,1510,6,0,0,100
1794,13,3,1,0,0,1510,6,0,0,100
1795,13,3,1,0,0,1510,6,0,0,100
1796,13,3,1,0,0,1510,6,0,0,100
1797,13,3,1,0,0,1510,6,0,0,100
1798,13,3,1,0,0,1510,6,0,0,100
1799,13,3,1,0,0,1510,6,0,0,100
1800,13,3,1,0,0,1510,6,0,0,100
1801,13,3,1,0,0,1510,6,0,0,100
1802,13,3,1,0,0,1510,6,0,0,100
1803,13,3,1,0,0,1510,6,0,0,100
1804,13,3,1,0,0,1510,6,0,0,100
1805,13,3,1,0,0,1510,6,0,0,100
1806,13,3,1,0,0,1510,6,0,0,100
1807,13,3,1,0,0,1510,6,0,0,100
1808,13,3,1,0,0,1510,6,0,0,100
1809,13,3,1,0,0,1510,6,0,0,100
1810,13,3,1,0,0,1510,6,0,0,100
1811,13,3,1,0,0,1510,6,0,0,100
1812,13,3,1,0,0,1510,6,0,0,100
1813,13,3,1,0,0,1510,6,0,0,100
1814,13,3,1,0,0,1510,6,0,0,100
1815,13,3,1,0,0,1510,6,0,0,100
1816,13,3,1,0,0,1510,6,0,0,100
1817,13,3,1,0,0,1510,6,0,0,100
1818,13,3,1,0,0,1510,6,0,0,100
1819,13,3,1,0,0,1510,6,0,0,100
1820,13,3,1,0,0,1510,6,0,0,100
1821,13,3,1,0,0,1510,6,0,0,100
1822,13,3,1,0,0,1510,6,0,0,100
1823,13,3,1,0,0,1510,6,0,0,100
1824,13,3,1,0,0,1510,6,0,0,100
1825,13,3,1,0,0,1510,6,0,0,100
1826,13,3,1,0,0,1510,6,0,0,100
1827,13,3,1,0,0,1510,6,0,0,100
1828,13,3,1,0,0,1510,6,0,0,100
1829,13,3,1,0,0,1510,6,0,0,100
1830,13,3,1,0,0,1510,6,0,0,100
1831,13,3,1,0,0,1510,6,0,0,100
1832,13,3,1,0,0,1510,6,0,0,100
1833,13,3,1,0,0,1510,6,0,0,100
1834,13,3,1,0,0,1510,6,0,0,100
1835,13,3,1,0,0,1510,6,0,0,100
1836,13,3,1,0,0,1510,6,0,0,100
1837,13,3,1,0,0,1510,6,0,0,100
1838,13,3,1,0,0,1510,6,0,0,100
1839,13,3,1,0,0,1510,6,0,0,100
1840,13,3,1,0,0,1510,6,0,0,100
1841,13,3,1,0,0,1510,6,0,0,100
1842,13,3,1,0,0,1510,6,0,0,100
1843,13,3,1,0,0,1510,6,0,0,100
1844,13,3,1,0,0,1510,6,0,0,100
1845,13,3,1,0,0,1510,6,0,0,100
1846,13,3,1,0,0,1510,6,0,0,100
1847,13,3,1,0,0,1510,6,0,0,100
1848,13,3,1,0,0,1510,6,0,0,100
1849,13,3,1,0,0,1510,6,0,0,100
1850,13,3,1,0,0,1510,6,0,0,100
1851,13,3,1,0,0,1510,6,0,0,100
1852,13,3,1,0,0,1510,6,0,0,100
1853,13,3,1,0,0,1510,6,0,0,100
1854,13,3,1,0,0,1510,6,0,0,100
1855,13,3,1,0,0,1510,6,0,0,100
1856,13,3,1,0,0,1510,6,0,0,100
1857,13,3,1,0,0,1510,6,0,0,100
1858,13,3,1,0,0,1510,6,0,0,100
1859,13,3,1,0,0,1510,6,0,0,100
1860,13,3,1,0,0,1510,6,0,0,100
1861,13,3,1,0,0,1510,6,0,0,100
1862,13,3,1,0,0,1510,6,0,0,100
1863,13,3,1,0,0,1510,6,0,0,100
1864,13,3,1,0,0,1510,6,0,0,100
1865,13,3,1,0,0,1510,6,0,0,100
1866,13,3,1,0,0,1510,6,0,0,100
1867,13,3,1,0,0,1510,6,0,0,100
1868,13,3,1,0,0,1510,6,0,0,100
1869,13,3,1,0,0,1510,6,0,0,100
1870,13,3,1,0,0,1510,6,0,0,100
1871,13,3,1,0,0,1510,6,0,0,100
1872,13,3,1,0,0,1510,6,0,0,100
1873,13,3,1,0,0,1510,6,0,0,100
1874,13,3,1,0,0,1510,6,0,0,100
1875,13,3,1,0,0,1510,6,0,0,100
1876,13,3,1,0,0,1510,6,0,0,100
1877,13,3,1,0,0,1510,6,0,0,100
1878,13,3,1,0,0,1510,6,0,0,100
1879,13,3,1,0,0,1510,6,0,0,100
1880,13,3,1,0,0,1510,6,0,0,100
1881,13,3,1,0,0,1510,6,0,0,100
1882,13,3,1,0,0,1510,6,0,0,100
1883,13,3,1,0,0,1510,6,0,0,100
1884,13,3,1,0,0,1510,6,0,0,100
1885,13,3,1,0,0,1510,6,0,0,100
1886,13,3,1,0,0,1510,6,0,0,100
1887,13,3,1,0,0,1510,6,0,0,100
1888,13,3,1,0,0,1510,6,0,0,100
1889,13,3,1,0,0,1510,6,0,0,100
1890,13,3,1,0,0,1510,6,0,0,100
1891,13,3,1,0,0,1510,6,0,0,100
1892,13,3,1,0,0,1510,6,0,0,100
1893,13,3,1,0,0,1510,6,0,0,100
1894,13,3,1,0,0,1510,6,0,0,100
1895,13,3,1,0,0,1510,6,0,0,100
1896,13,3,1,0,0,1510,6,0,0,100
1897,13,3,1,0,0,1510,6,0,0,100
1898,13,3,1,0,0,1510,6,0,0,100
1899,13,3,1,0,0,1510,6,0,0,100
1900,13,3,1,0,0,1510,6,0,0,100
1901,13,3,1,0,0,1510,6,0,0,100
1902,13,3,1,0,0,1510,6,0,0,100
1903,13,3,1,0,0,1510,6,0,0,100
1904,13,3,1,0,0,1510,6,0,0,100
1905,13,3,1,0,0,1510,6,0,0,100
1906,13,3,1,0,0,1510,6,0,0,100
1907,13,3,1,0,0,1510,6,0,0,100
1908,13,3,1,0,0,1510,6,0,0,100
1909,13,3,1,0,0,1510,6,0,0,100
1910,13,3,1,0,0,1510,6,0,0,100
1911,13,3,1,0,0,1510,6,0,0,100
1912,13,3,1,0,0,1510,6,0,0,100
1913,13,3,1,0,0,1510,6,0,0,100
1914,13,3,1,0,0,1510,6,0,0,100
1915,13,3,1,0,0,1510,6,0,0,100
1916,13,3,1,0,0,1510,6,0,0,100
1917,13,3,1,0,0,1510,6,0,0,100
1918,13,3,1,0,0,1510,6,0,0,100
1919,13,3,1,0,0,1510,6,0,0,100
1920,13,3,1,0,0,1510,6,0,0,100
1921,13,3,1,0,0,1510,6,0,0,100
1922,13,3,1,0,0,1510,6,0,0,100
1923,13,3,1,0,0,1510,6,0,0,100
1924,13,3,1,0,0,1510,6,0,0,100
1925,13,3,1,0,0,1510,6,0,0,100
1926,13,3,1,0,0,1510,6,0,0,100
1927,13,3,1,0,0,1510,6,0,0,100
1928,13,3,1,0,0,1510,6,0,0,100
1929,13,3,1,0,0,1510,6,0,0,100
1930,13,3,1,0,0,1510,6,0,0,100
1931,13,3,1,0,0,1510,6,0,0,100
1932,13,3,1,0,0,1510,6,0,0,100
1933,13,3,1,0,0,1510,6,0,0,100
1934,13,3,1,0,0,1510,6,0,0,100
1935,13,3,1,0,0,1510,6,0,0,100
1936,13,3,1,0,0,1510,6,0,0,100
1937,13,3,1,0,0,1510,6,0,0,100
1938,13,3,1,0,0,1510,6,0,0,100
1939,13,3,1,0,0,1510,6,0,0,100
1940,13,3,1,0,0,1510,6,0,0,100
1941,13,3,1,0,0,1510,6,0,0,100
1942,13,3,1,0,0,1510,6,0,0,100
1943,13,3,1,0,0,1510,6,0,0,100
1944,13,3,1,0,0,1510,6,0,0,100
1945,13,3,1,0,0,1510,6,0,0,100
1946,13,3,1,0,0,1510,6,0,0,100
1947,13,3,1,0,0,1510,6,0,0,100
1948,13,3,1,0,0,1510,6,0,0,100
1949,13,3,1,0,0,1510,6,0,0,100
1950,13,3,1,0,0,1510,6,0,0,100
1951,13,3,1,0,0,1510,6,0,0,100
1952,13,3,1,0,0,1510,6,0,0,100
1953,13,3,1,0,0,1510,6,0,0,100
1954,13,3,1,0,0,1510,6,0,0,100
1955,13,3,1,0,0,1510,6,0,0,100
1956,13,3,1,0,0,1510,6,0,0,100
1957,13,3,1,0,0,1510,6,0,0,100
1958,13,3,1,0,0,1510,6,0,0,100
1959,13,3,1,0,0,1510,6,0,0,100
1960,13,3,1,0,0,1510,6,0,0,100
1961,13,3,1,0,0,1510,6,0,0,100
1962,13,3,1,0,0,1510,6,0,0,100
1963,13,3,1,0,0,1510,6,0,0,100
1964,13,3,1,0,0,1510,6,0,0,100
1965,13,3,1,0,0,1510,6,0,0,100
1966,13,3,1,0,0,1510,6,0,0,100
1967,13,3,1,0,0,1510,6,0,0,100
1968,13,3,1,0,0,1510,6,0,0,100
1969,13,3,1,0,0,1510,6,0,0,100
1970,13,3,1,0,0,1510,6,0,0,100
1971,13,3,1,0,0,1510,6,0,0,100
1972,13,3,1,0,0,1510,6,0,0,100
1973,13,3,1,0,0,1510,6,0,0,100
1974,13,3,1,0,0,1510,6,0,0,100
1975,13,3,1,0,0,1510,6,0,0,100
1976,13,3,1,0,0,1510,6,0,0,100
1977,13,3,1,0,0,1510,6,0,0,100
1978,13,3,1,0,0,1510,6,0,0,100
1979,13,3,1,0,0,1510,6,0,0,100
1980,13,3,1,0,0,1510,6,0,0,100
1981,13,3,1,0,0,1510,6,0,0,100
1982,13,3,1,0,0,1510,6,0,0,100
1983,13,3,1,0,0,1510,6,0,0,100
1984,13,3,1,0,0,1510,6,0,0,100
1985,13,3,1,0,0,1510,6,0,0,100
1986,13,3,1,0,0,1510,6,0,0,100
1987,13,3,1,0,0,1510,6,0,0,100
1988,13,3,1,0,0,1510,6,0,0,100
1989,13,3,1,0,0,1510,6,0,0,100
1990,13,3,1,0,0,1510,6,0,0,100
1991,13,3,1,0,0,1510,6,0,0,100
1992,13,3,1,0,0,1510,6,0,0,100
1993,13,3,1,0,0,1510,6,0,0,100
1994,13,3,1,0,0,1510,6,0,0,100
1995,13,3,1,0,0,1510,6,0,0,100
1996,13,3,1,0,0,1510,6,0,0,100
1997,13,3,1,0,0,1510,6,0,0,100
1998,13,3,1,0,0,1510,6,0,0,100
1999,13,3,1,0,0,1510,6,0,0,100
2000,13,3,1,0,0,1510,6,0,0,100
2001,13,3,1,0,0,1510,6,0,0,100
2002,13,3,1,0,0,1510,6,0,0,100
2003,13,3,1,0,0,1510,6,0,0,100
2004,13,3,1,0,0,1510,6,0,0,100
2005,13,3,1,0,0,1510,6,0,0,100
2006,13,3,1,0,0,1510,6,0,0,100
2007,13,3,1,0,0,1510,6,0,0,100
2008,13,3,1,0,0,1510,6,0,0,100
2009,13,3,1,0,0,1510,6,0,0,100
2010,13,3,1,0,0,1510,6,0,0,100
2011,13,3,1,0,0,1510,6,0,0,100
2012,13,3,1,0,0,1510,6,0,0,100
2013,13,3,1,0,0,1510,6,0,0,100
2014,13,3,1,0,0,1510,6,0,0,100
2015,13,3,1,0,0,1510,6,0,0,100
2016,13,3,1,0,0,1510,6,0,0,100
2017,13,3,1,0,0,1510,6,0,0,100
2018,13,3,1,0,0,1510,6,0,0,100
2019,13,3,1,0,0,1510,6,0,0,100
2020,13,3,1,0,0,1510,6,0,0,100
2021,13,3,1,0,0,1510,6,0,0,100
2022,13,3,1,0,0,1510,6,0,0,100
2023,13,3,1,0,0,1510,6,0,0,100
2024,13,3,1,0,0,1510,6,0,0,100
2025,13,3,1,0,0,1510,6,0,0,100
2026,13,3,1,0,0,1510,6,0,0,100
2027,13,3,1,0,0,1510,6,0,0,100
2028,13,3,1,0,0,1510,6,0,0,100
2029,13,3,1,0,0,1510,6,0,0,100
2030,13,3,1,0,0,1510,6,0,0,100
2031,13,3,1,0,0,1510,6,0,0,100
2032,13,3,1,0,0,1510,6,0,0,100
2033,13,3,1,0,0,1510,6,0,0,100
2034,13,3,1,0,0,1510,6,0,0,100
2035,13,3,1,0,0,1510,6,0,0,100
2036,13,3,1,0,0,1510,6,0,0,100
2037,13,3,1,0,0,1510,6,0,0,100
2038,13,3,1,0,0,1510,6,0,0,100
2039,13,3,1,0,0,1510,6,0,0,100
2040,13,3,1,0,0,1510,6,0,0,100
2041,13,3,1,0,0,1510,6,0,0,100
2042,13,3,1,0,0,1510,6,0,0,100
2043,13,3,1,0,0,1510,6,0,0,100
2044,13,3,1,0,0,1510,6,0,0,100
2045,13,3,1,0,0,1510,6,0,0,100
2046,13,3,1,0,0,1510,6,0,0,100
2047,13,3,1,0,0,1510,6,0,0,100
2048,13,3,1,0,0,1510,6,0,0,100
2049,13,3,1,0,0,1510,6,0,0,100
2050,13,3,1,0,0,1510,6,0,0,100
2051,13,3,1,0,0,1510,6,0,0,100
2052,13,3,1,0,0,1510,6,0,0,100
2053,13,3,1,0,0,1510,6,0,0,100
2054,13,3,1,0,0,1510,6,0,0,100
2055,13,3,1,0,0,1510,6,0,0,100
2056,13,3,1,0,0,1510,6,0,0,100
2057,13,3,1,0,0,1510,6,0,0,100
2058,13,3,1,0,0,1510,6,0,0,100
2059,13,3,1,0,0,1510,6,0,0,100
2060,13,3,1,0,0,1510,6,0,0,100
2061,13,3,1,0,0,1510,6,0,0,100
2062,13,3,1,0,0,1510,6,0,0,100
2063,13,3,1,0,0,1510,6,0,0,100
2064,13,3,1,0,0,1510,6,0,0,100
2065,13,3,1,0,0,1510,6,0,0,100
2066,13,3,1,0,0,1510,6,0,0,100
2067,13,3,1,0,0,1510,6,0,0,100
2068,13,3,1,0,0,1510,6,0,0,100
2069,13,3,1,0,0,1510,6,0,0,100
2070,13,3,1,0,0,1510,6,0,0,100
2071,13,3,1,0,0,1510,6,0,0,100
2072,13,3,1,0,0,1510,6,0,0,100
2073,13,3,1,0,0,1510,6,0,0,100
2074,13,3,1,0,0,1510,6,0,0,100
2075,13,3,1,0,0,1510,6,0,0,100
2076,13,3,1,0,0,1510,6,0,0,100
2077,13,3,1,0,0,1510,6,0,0,100
2078,13,3,1,0,0,1510,6,0,0,100
2079,13,3,1,0,0,1510,6,0,0,100
2080,13,3,1,0,0,1510,6,0,0,100
2081,13,3,1,0,0,1510,6,0,0,100
2082,13,3,1,0,0,1510,6,0,0,100
2083,13,3,1,0,0,1510,6,0,0,100
2084,13,3,1,0,0,1510,6,0,0,100
2085,13,3,1,0,0,1510,6,0,0,100
2086,13,3,1,0,0,1510,6,0,0,100
2087,13,3,1,0,0,1510,6,0,0,100
2088,13,3,1,0,0,1510,6,0,0,100
2089,13,3,1,0,0,1510,6,0,0,100
2090,13,3,1,0,0,1510,6,0,0,100
2091,13,3,1,0,0,1510,6,0,0,100
2092,13,3,1,0,0,1510,6,0,0,100
2093,13,3,1,0,0,1510,6,0,0,100
2094,13,3,1,0,0,1510,6,0,0,100
2095,13,3,1,0,0,1510,6,0,0,100
2096,13,3,1,0,0,1510,6,0,0,100
2097,13,3,1,0,0,1510,6,0,0,100
2098,13,3,1,0,0,1510,6,0,0,100
2099,13,3,1,0,0,1510,6,0,0,100
2100,13,3,1,0,0,1510,6,0,0,100
2101,13,3,1,0,0,1510,6,0,0,100
2102,13,3,1,0,0,1510,6,0,0,100
2103,13,3,1,0,0,1510,6,0,0,100
2104,13,3,1,0,0,1510,6,0,0,100
2105,13,3,1,0,0,1510,6,0,0,100
2106,13,3,1,0,0,1510,6,0,0,100
2107,13,3,1,0,0,1510,6,0,0,100
2108,13,3,1,0,0,1510,6,0,0,100
2109,13,3,1,0,0,1510,6,0,0,100
2110,13,3,1,0,0,1510,6,0,0,100
2111,13,3,1,0,0,1510,6,0,0,100
2112,13,3,1,0,0,1510,6,0,0,100
2113,13,3,1,0,0,1510,6,0,0,100
2114,13,3,1,0,0,1510,6,0,0,100
2115,13,3,1,0,0,1510,6,0,0,100
2116,13,3,1,0,0,1510,6,0,0,100
2117,13,3,1,0,0,1510,6,0,0,100
2118,13,3,1,0,0,1510,6,0,0,100
2119,13,3,1,0,0,1510,6,0,0,100
2120,13,3,1,0,0,1510,6,0,0,100
2121,13,3,1,0,0,1510,6,0,0,100
2122,13,3,1,0,0,1510,6,0,0,100
2123,13,3,1,0,0,1510,6,0,0,100
2124,13,3,1,0,0,1510,6,0,0,100
2125,13,3,1,0,0,1510,6,0,0,100
2126,13,3,1,0,0,1510,6,0,0,100
2127,13,3,1,0,0,1510,6,0,0,100
2128,13,3,1,0,0,1510,6,0,0,100
2129,13,3,1,0,0,1510,6,0,0,100
2130,13,3,1,0,0,1510,6,0,0,100
2131,13,3,1,0,0,1510,6,0,0,100
2132,13,3,1,0,0,1510,6,0,0,100
2133,13,3,1,0,0,1510,6,0,0,100
2134,13,3,1,0,0,1510,6,0,0,100
2135,13,3,1,0,0,1510,6,0,0,100
2136,13,3,1,0,0,1510,6,0,0,100
2137,13,3,1,0,0,1510,6,0,0,100
2138,13,3,1,0,0,1510,6,0,0,100
2139,13,3,1,0,0,1510,6,0,0,100
2140,13,3,1,0,0,1510,6,0,0,100
2141,13,3,1,0,0,1510,6,0,0,100
2142,13,3,1,0,0,1510,6,0,0,100
2143,13,3,1,0,0,1510,6,0,0,100
2144,13,3,1,0,0,1510,6,0,0,100
2145,13,3,1,0,0,1510,6,0,0,100
2146,13,3,1,0,0,1510,6,0,0,100
2147,13,3,1,0,0,1510,6,0,0,100
2148,13,3,1,0,0,1510,6,0,0,100
2149,13,3,1,0,0,1510,6,0,0,100
2150,13,3,1,0,0,1510,6,0,0,100
2151,13,3,1,0,0,1510,6,0,0,100
2152,13,3,1,0,0,1510,6,0,0,100
2153,13,3,1,0,0,1510,6,0,0,100
2154,13,3,1,0,0,1510,6,0,0,100
2155,13,3,1,0,0,1510,6,0,0,100
2156,13,3,1,0,0,1510,6,0,0,100
2157,13,3,1,0,0,1510,6,0,0,100
2158,13,3,1,0,0,1510,6,0,0,100
2159,13,3,1,0,0,1510,6,0,0,100
2160,13,3,1,0,0,1510,6,0,0,100
2161,13,3,1,0,0,1510,6,0,0,100
2162,13,3,1,0,0,1510,6,0,0,100
2163,13,3,1,0,0,1510,6,0,0,100
2164,13,3,1,0,0,1510,6,0,0,100
2165,13,3,1,0,0,1510,6,0,0,100
2166,13,3,1,0,0,1510,6,0,0,100
2167,13,3,1,0,0,1510,6,0,0,100
2168,13,3,1,0,0,1510,6,0,0,100
2169,13,3,1,0,0,1510,6,0,0,100
2170,13,3,1,0,0,1510,6,0,0,100
2171,13,3,1,0,0,1510,6,0,0,100
2172,13,3,1,0,0,1510,6,0,0,100
2173,13,3,1,0,0,1510,6,0,0,100
2174,13,3,1,0,0,1510,6,0,0,100
2175,13,3,1,0,0,1510,6,0,0,100
2176,13,3,1,0,0,1510,6,0,0,100
2177,13,3,1,0,0,1510,6,0,0,100
2178,13,3,1,0,0,1510,6,0,0,100
2179,13,3,1,0,0,1510,6,0,0,100
2180,13,3,1,0,0,1510,6,0,0,100
2181,13,3,1,0,0,1510,6,0,0,100
2182,13,3,1,0,0,1510,6,0,0,100
2183,13,3,1,0,0,1510,6,0,0,100
2184,13,3,1,0,0,1510,6,0,0,100
2185,13,3,1,0,0,1510,6,0,0,100
2186,13,3,1,0,0,1510,6,0,0,100
2187,13,3,1,0,0,1510,6,0,0,100
2188,13,3,1,0,0,1510,6,0,0,100
2189,13,3,1,0,0,1510,6,0,0,100
2190,13,3,1,0,0,1510,6,0,0,100
2191,13,3,1,0,0,1510,6,0,0,100
2192,13,3,1,0,0,1510,6,0,0,100
2193,13,3,1,0,0,1510,6,0,0,100
2194,13,3,1,0,0,1510,6,0,0,100
2195,13,3,1,0,0,1510,6,0,0,100
2196,13,3,1,0,0,1510,6,0,0,100
2197,13,3,1,0,0,1510,6,0,0,100
2198,13,3,1,0,0,1510,6,0,0,100
2199,13,3,1,0,0,1510,6,0,0,100
2200,13,3,1,0,0,1510,6,0,0,100
2201,13,3,1,0,0,1510,6,0,0,100
2202,13,3,1,0,0,1510,6,0,0,100
2203,13,3,1,0,0,1510,6,0,0,100
2204,13,3,1,0,0,1510,6,0,0,100
2205,13,3,1,0,0,1510,6,0,0,100
2206,13,3,1,0,0,1510,6,0,0,100
2207,13,3,1,0,0,1510,6,0,0,100
2208,13,3,1,0,0,1510,6,0,0,100
2209,13,3,1,0,0,1510,6,0,0,100
2210,13,3,1,0,0,1510,6,0,0,100
2211,13,3,1,0,0,1510,6,0,0,100
2212,13,3,1,0,0,1510,6,0,0,100
2213,13,3,1,0,0,1510,6,0,0,100
2214,13,3,1,0,0,1510,6,0,0,100
2215,13,3,1,0,0,1510,6,0,0,100
2216,13,3,1,0,0,1510,6,0,0,100
2217,13,3,1,0,0,1510,6,0,0,100
2218,13,3,1,0,0,1510,6,0,0,100
2219,13,3,1,0,0,1510,6,0,0,100
2220,13,3,1,0,0,1510,6,0,0,100
2221,13,3,1,0,0,1510,6,0,0,100
2222,13,3,1,0,0,1510,6,0,0,100
2223,13,3,1,0,0,1510,6,0,0,100
2224,13,3,1,0,0,1510,6,0,0,100
2225,13,3,1,0,0,1510,6,0,0,100
2226,13,3,1,0,0,1510,6,0,0,100
2227,13,3,1,0,0,1510,6,0,0,100
2228,13,3,1,0,0,1510,6,0,0,100
2229,13,3,1,0,0,1510,6,0,0,100
2230,13,3,1,0,0,1510,6,0,0,100
2231,13,3,1,0,0,1510,6,0,0,100
2232,13,3,1,0,0,1510,6,0,0,100
2233,13,3,1,0,0,1510,6,0,0,100
2234,13,3,1,0,0,1510,6,0,0,100
2235,13,3,1,0,0,1510,6,0,0,100
2236,13,3,1,0,0,1510,6,0,0,100
2237,13,3,1,0,0,1510,6,0,0,100
2238,13,3,1,0,0,1510,6,0,0,100
2239,13,3,1,0,0,1510,6,0,0,100
2240,13,3,1,0,0,1510,6,0,0,100
2241,13,3,1,0,0,1510,6,0,0,100
2242,13,3,1,0,0,1510,6,0,0,100
2243,13,3,1,0,0,1510,6,0,0,100
2244,13,3,1,0,0,1510,6,0,0,100
2245,13,3,1,0,0,1510,6,0,0,100
2246,13,3,1,0,0,1510,6,0,0,100
2247,13,3,1,0,0,1510,6,0,0,100
2248,13,3,1,0,0,1510,6,0,0,100
2249,13,3,1,0,0,1510,6,0,0,100
2250,13,3,1,0,0,1510,6,0,0,100
2251,13,3,1,0,0,1510,6,0,0,100
2252,13,3,1,0,0,1510,6,0,0,100
2253,13,3,1,0,0,1510,6,0,0,100
2254,13,3,1,0,0,1510,6,0,0,100
2255,13,3,1,0,0,1510,6,0,0,100
2256,13,3,1,0,0,1510,6,0,0,100
2257,13,3,1,0,0,1510,6,0,0,100
2258,13,3,1,0,0,1510,6,0,0,100
2259,13,3,1,0,0,1510,6,0,0,100
2260,13,3,1,0,0,1510,6,0,0,100
2261,13,3,1,0,0,1510,6,0,0,100
2262,13,3,1,0,0,1510,6,0,0,100
2263,13,3,1,0,0,1510,6,0,0,100
2264,13,3,1,0,0,1510,6,0,0,100
2265,13,3,1,0,0,1510,6,0,0,100
2266,13,3,1,0,0,1510,6,0,0,100
2267,13,3,1,0,0,1510,6,0,0,100
2268,13,3,1,0,0,1510,6,0,0,100
2269,13,3,1,0,0,1510,6,0,0,100
2270,13,3,1,0,0,1510,6,0,0,100
2271,13,3,1,0,0,1510,6,0,0,100
2272,13,3,1,0,0,1510,6,0,0,100
2273,13,3,1,0,0,1510,6,0,0,100
2274,13,3,1,0,0,1510,6,0,0,100
2275,13,3,1,0,0,1510,6,0,0,100
2276,13,3,1,0,0,1510,6,0,0,100
2277,13,3,1,0,0,1510,6,0,0,100
2278,13,3,1,0,0,1510,6,0,0,100
2279,13,3,1,0,0,1510,6,0,0,100
2280,13,3,1,0,0,1510,6,0,0,100
2281,13,3,1,0,0,1510,6,0,0,100
2282,13,3,1,0,0,1510,6,0,0,100
2283,13,3,1,0,0,1510,6,0,0,100
2284,13,3,1,0,0,1510,6,0,0,100
2285,13,3,1,0,0,1510,6,0,0,100
2286,13,3,1,0,0,1510,6,0,0,100
2287,13,3,1,0,0,1510,6,0,0,100
2288,13,3,1,0,0,1510,6,0,0,100
2289,13,3,1,0,0,1510,6,0,0,100
2290,13,3,1,0,0,1510,6,0,0,100
2291,13,3,1,0,0,1510,6,0,0,100
2292,13,3,1,0,0,1510,6,0,0,100
2293,13,3,1,0,0,1510,6,0,0,100
2294,13,3,1,0,0,1510,6,0,0,100
2295,13,3,1,0,0,1510,6,0,0,100
2296,13,3,1,0,0,1510,6,0,0,100
2297,13,3,1,0,0,1510,6,0,0,100
2298,13,3,1,0,0,1510,6,0,0,100
2299,13,3,1,0,0,1510,6,0,0,100
2300,13,3,1,0,0,1510,6,0,0,100
2301,13,3,1,0,0,1510,6,0,0,100
2302,13,3,1,0,0,1510,6,0,0,100
2303,13,3,1,0,0,1510,6,0,0,100
2304,13,3,1,0,0,1510,6,0,0,100
2305,13,3,1,0,0,1510,6,0,0,100
2306,13,3,1,0,0,1510,6,0,0,100
2307,13,3,1,0,0,1510,6,0,0,100
2308,13,3,1,0,0,1510,6,0,0,100
2309,13,3,1,0,0,1510,6,0,0,100
2310,13,3,1,0,0,1510,6,0,0,100
2311,13,3,1,0,0,1510,6,0,0,100
2312,13,3,1,0,0,1510,6,0,0,100
2313,13,3,1,0,0,1510,6,0,0,100
2314,13,3,1,0,0,1510,6,0,0,100
2315,13,3,1,0,0,1510,6,0,0,100
2316,13,3,1,0,0,1510,6,0,0,100
2317,13,3,1,0,0,1510,6,0,0,100
2318,13,3,1,0,0,1510,6,0,0,100
2319,13,3,1,0,0,1510,6,0,0,100
2320,13,3,1,0,0,1510,6,0,0,100
2321,13,3,1,0,0,1510,6,0,0,100
2322,13,3,1,0,0,1510,6,0,0,100
2323,13,3,1,0,0,1510,6,0,0,100
2324,13,3,1,0,0,1510,6,0,0,100
2325,13,3,1,0,0,1510,6,0,0,100
2326,13,3,1,0,0,1510,6,0,0,100
2327,13,3,1,0,0,1510,6,0,0,100
2328,13,3,1,0,0,1510,6,0,0,100
2329,13,3,1,0,0,1510,6,0,0,100
2330,13,3,1,0,0,1510,6,0,0,100
2331,13,3,1,0,0,1510,6,0,0,100
2332,13,3,1,0,0,1510,6,0,0,100
2333,13,3,1,0,0,1510,6,0,0,100
2334,13,3,1,0,0,1510,6,0,0,100
2335,13,3,1,0,0,1510,6,0,0,100
2336,13,3,1,0,0,1510,6,0,0,100
2337,13,3,1,0,0,1510,6,0,0,100
2338,13,3,1,0,0,1510,6,0,0,100
2339,13,3,1,0,0,1510,6,0,0,100
2340,13,3,1,0,0,1510,6,0,0,100
2341,13,3,1,0,0,1510,6,0,0,100
2342,13,3,1,0,0,1510,6,0,0,100
2343,13,3,1,0,0,1510,6,0,0,100
2344,13,3,1,0,0,1510,6,0,0,100
2345,13,3,1,0,0,1510,6,0,0,100
2346,13,3,1,0,0,1510,6,0,0,100
2347,13,3,1,0,0,1510,6,0,0,100
2348,13,3,1,0,0,1510,6,0,0,100
2349,13,3,1,0,0,1510,6,0,0,100
2350,13,3,1,0,0,1510,6,0,0,100
2351,13,3,1,0,0,1510,6,0,0,100
2352,13,3,1,0,0,1510,6,0,0,100
2353,13,3,1,0,0,1510,6,0,0,100
2354,13,3,1,0,0,1510,6,0,0,100
2355,13,3,1,0,0,1510,6,0,0,100
2356,13,3,1,0,0,1510,6,0,0,100
2357,13,3,1,0,0,1510,6,0,0,100
2358,13,3,1,0,0,1510,6,0,0,100
2359,13,3,1,0,0,1510,6,0,0,100
2360,13,3,1,0,0,1510,6,0,0,100
2361,13,3,1,0,0,1510,6,0,0,100
2362,13,3,1,0,0,1510,6,0,0,100
2363,13,3,1,0,0,1510,6,0,0,100
2364,13,3,1,0,0,1510,6,0,0,100
2365,13,3,1,0,0,1510,6,0,0,100
2366,13,3,1,0,0,1510,6,0,0,100
2367,13,3,1,0,0,1510,6,0,0,100
2368,13,3,1,0,0,1510,6,0,0,100
2369,13,3,1,0,0,1510,6,0,0,100
2370,13,3,1,0,0,1510,6,0,0,100
2371,13,3,1,0,0,1510,6,0,0,100
2372,13,3,1,0,0,1510,6,0,0,100
2373,13,3,1,0,0,1510,6,0,0,100
2374,13,3,1,0,0,1510,6,0,0,100
2375,13,3,1,0,0,1510,6,0,0,100
2376,13,3,1,0,0,1510,6,0,0,100
2377,13,3,1,0,0,1510,6,0,0,100
2378,13,3,1,0,0,1510,6,0,0,100
2379,13,3,1,0,0,1510,6,0,0,100
2380,13,3,1,0,0,1510,6,0,0,100
2381,13,3,1,0,0,1510,6,0,0,100
2382,13,3,1,0,0,1510,6,0,0,100
2383,13,3,1,0,0,1510,6,0,0,100
2384,13,3,1,0,0,1510,6,0,0,100
2385,13,3,1,0,0,1510,6,0,0,100
2386,13,3,1,0,0,1510,6,0,0,100
2387,13,3,1,0,0,1510,6,0,0,100
2388,13,3,1,0,0,1510,6,0,0,100
2389,13,3,1,0,0,1510,6,0,0,100
2390,13,3,1,0,0,1510,6,0,0,100
2391,13,3,1,0,0,1510,6,0,0,100
2392,13,3,1,0,0,1510,6,0,0,100
2393,13,3,1,0,0,1510,6,0,0,100
2394,13,3,1,0,0,1510,6,0,0,100
2395,13,3,1,0,0,1510,6,0,0,100
2396,13,3,1,0,0,1510,6,0,0,100
2397,13,3,1,0,0,1510,6,0,0,100
2398,13,3,1,0,0,1510,6,0,0,100
2399,13,3,1,0,0,1510,6,0,0,100
2400,13,3,1,0,0,1510,6,0,0,100
2401,13,3,1,0,0,1510,6,0,0,100
2402,13,3,1,0,0,1510,6,0,0,100
2403,13,3,1,0,0,1510,6,0,0,100
2404,13,3,1,0,0,1510,6,0,0,100
2405,13,3,1,0,0,1510,6,0,0,100
2406,13,3,1,0,0,1510,6,0,0,100
2407,13,3,1,0,0,1510,6,0,0,100
2408,13,3,1,0,0,1510,6,0,0,100
2409,13,3,1,0,0,1510,6,0,0,100
2410,13,3,1,0,0,1510,6,0,0,100
2411,13,3,1,0,0,1510,6,0,0,100
2412,13,3,1,0,0,1510,6,0,0,100
2413,13,3,1,0,0,1510,6,0,0,100
2414,13,3,1,0,0,1510,6,0,0,100
2415,13,3,1,0,0,1510,6,0,0,100
2416,13,3,1,0,0,1510,6,0,0,100
2417,13,3,1,0,0,1510,6,0,0,100
2418,13,3,1,0,0,1510,6,0,0,100
2419,13,3,1,0,0,1510,6,0,0,100
2420,13,3,1,0,0,1510,6,0,0,100
2421,13,3,1,0,0,1510,6,0,0,100
2422,13,3,1,0,0,1510,6,0,0,100
2423,13,3,1,0,0,1510,6,0,0,100
2424,13,3,1,0,0,1510,6,0,0,100
2425,13,3,1,0,0,1510,6,0,0,100
2426,13,3,1,0,0,1510,6,0,0,100
2427,13,3,1,0,0,1510,6,0,0,100
2428,13,3,1,0,0,1510,6,0,0,100
2429,13,3,1,0,0,1510,6,0,0,100
2430,13,3,1,0,0,1510,6,0,0,100
2431,13,3,1,0,0,1510,6,0,0,100
2432,13,3,1,0,0,1510,6,0,0,100
2433,13,3,1,0,0,1510,6,0,0,100
2434,13,3,1,0,0,1510,6,0,0,100
2435,13,3,1,0,0,1510,6,0,0,100
2436,13,3,1,0,0,1510,6,0,0,100
2437,13,3,1,0,0,1510,6,0,0,100
2438,13,3,1,0,0,1510,6,0,0,100
2439,13,3,1,0,0,1510,6,0,0,100
2440,13,3,1,0,0,1510,6,0,0,100
2441,13,3,1,0,0,1510,6,0,0,100
2442,13,3,1,0,0,1510,6,0,0,100
2443,13,3,1,0,0,1510,6,0,0,100
2444,13,3,1,0,0,1510,6,0,0,100
2445,13,3,1,0,0,1510,6,0,0,100
2446,13,3,1,0,0,1510,6,0,0,100
2447,13,3,1,0,0,1510,6,0,0,100
2448,13,3,1,0,0,1510,6,0,0,100
2449,13,3,1,0,0,1510,6,0,0,100
2450,13,3,1,0,0,1510,6,0,0,100
2451,13,3,1,0,0,1510,6,0,0,100
2452,13,3,1,0,0,1510,6,0,0,100
2453,13,3,1,0,0,1510,6,0,0,100
2454,13,3,1,0,0,1510,6,0,0,100
2455,13,3,1,0,0,1510,6,0,0,100
2456,13,3,1,0,0,1510,6,0,0,100
2457,13,3,1,0,0,1510,6,0,0,100
2458,13,3,1,0,0,1510,6,0,0,100
2459,13,3,1,0,0,1510,6,0,0,100
2460,13,3,1,0,0,1510,6,0,0,100
2461,13,3,1,0,0,1510,6,0,0,100
2462,13,3,1,0,0,1510,6,0,0,100
2463,13,3,1,0,0,1510,6,0,0,100
2464,13,3,1,0,0,1510,6,0,0,100
2465,13,3,1,0,0,1510,6,0,0,100
2466,13,3,1,0,0,1510,6,0,0,100
2467,13,3,1,0,0,1510,6,0,0,100
2468,13,3,1,0,0,1510,6,0,0,100
2469,13,3,1,0,0,1510,6,0,0,100
2470,13,3,1,0,0,1510,6,0,0,100
2471,13,3,1,0,0,1510,6,0,0,100
2472,13,3,1,0,0,1510,6,0,0,100
2473,13,3,1,0,0,1510,6,0,0,100
2474,13,3,1,0,0,1510,6,0,0,100
2475,13,3,1,0,0,1510,6,0,0,100
2476,13,3,1,0,0,1510,6,0,0,100
2477,13,3,1,0,0,1510,6,0,0,100
2478,13,3,1,0,0,1510,6,0,0,100
2479,13,3,1,0,0,1510,6,0,0,100
2480,13,3,1,0,0,1510,6,0,0,100
2481,13,3,1,0,0,1510,6,0,0,100
2482,13,3,1,0,0,1510,6,0,0,100
2483,13,3,1,0,0,1510,6,0,0,100
2484,13,3,1,0,0,1510,6,0,0,100
2485,13,3,1,0,0,1510,6,0,0,100
2486,13,3,1,0,0,1510,6,0,0,100
2487,13,3,1,0,0,1510,6,0,0,100
2488,13,3,1,0,0,1510,6,0,0,100
2489,13,3,1,0,0,1510,6,0,0,100
2490,13,3,1,0,0,1510,6,0,0,100
2491,13,3,1,0,0,1510,6,0,0,100
2492,13,3,1,0,0,1510,6,0,0,100
2493,13,3,1,0,0,1510,6,0,0,100
2494,13,3,1,0,0,1510,6,0,0,100
2495,13,3,1,0,0,1510,6,0,0,100
2496,13,3,1,0,0,1510,6,0,0,100
2497,13,3,1,0,0,1510,6,0,0,100
2498,13,3,1,0,0,1510,6,0,0,100
2499,13,3,1,0,0,1510,6,0,0,100
2500,13,3,1,0,0,1510,6,0,0,100
2501,13,3,1,0,0,1510,6,0,0,100
2502,13,3,1,0,0,1510,6,0,0,100
2503,13,3,1,0,0,1510,6,0,0,100
2504,13,3,1,0,0,1510,6,0,0,100
2505,13,3,1,0,0,1510,6,0,0,100
2506,13,3,1,0,0,1510,6,0,0,100
2507,13,3,1,0,0,1510,6,0,0,100
2508,13,3,1,0,0,1510,6,0,0,100
2509,13,3,1,0,0,1510,6,0,0,100
2510,13,3,1,0,0,1510,6,0,0,100
2511,13,3,1,0,0,1510,6,0,0,100
2512,13,3,1,0,0,1510,6,0,0,100
2513,13,3,1,0,0,1510,6,0,0,100
2514,13,3,1,0,0,1510,6,0,0,100
2515,13,3,1,0,0,1510,6,0,0,100
2516,13,3,1,0,0,1510,6,0,0,100
2517,13,3,1,0,0,1510,6,0,0,100
2518,13,3,1,0,0,1510,6,0,0,100
2519,13,3,1,0,0,1510,6,0,0,100
2520,13,3,1,0,0,1510,6,0,0,100
2521,13,3,1,0,0,1510,6,0,0,100
2522,13,3,1,0,0,1510,6,0,0,100
2523,13,3,1,0,0,1510,6,0,0,100
2524,13,3,1,0,0,1510,6,0,0,100
2525,13,3,1,0,0,1510,6,0,0,100
2526,13,3,1,0,0,1510,6,0,0,100
2527,13,3,1,0,0,1510,6,0,0,100
2528,13,3,1,0,0,1510,6,0,0,100
2529,13,3,1,0,0,1510,6,0,0,100
2530,13,3,1,0,0,1510,6,0,0,100
2531,13,3,1,0,0,1510,6,0,0,100
2532,13,3,1,0,0,1510,6,0,0,100
2533,13,3,1,0,0,1510,6,0,0,100
2534,13,3,1,0,0,1510,6,0,0,100
2535,13,3,1,0,0,1510,6,0,0,100
2536,13,3,1,0,0,1510,6,0,0,100
2537,13,3,1,0,0,1510,6,0,0,100
2538,13,3,1,0,0,1510,6,0,0,100
2539,13,3,1,0,0,1510,6,0,0,100
2540,13,3,1,0,0,1510,6,0,0,100
2541,13,3,1,0,0,1510,6,0,0,100
2542,13,3,1,0,0,1510,6,0,0,100
2543,13,3,1,0,0,1510,6,0,0,100
2544,13,3,1,0,0,1510,6,0,0,100
2545,13,3,1,0,0,1510,6,0,0,100
2546,13,3,1,0,0,1510,6,0,0,100
2547,13,3,1,0,0,1510,6,0,0,100
2548,13,3,1,0,0,1510,6,0,0,100
2549,13,3,1,0,0,1510,6,0,0,100
2550,13,3,1,0,0,1510,6,0,0,100
2551,13,3,1,0,0,1510,6,0,0,100
2552,13,3,1,0,0,1510,6,0,0,100
2553,13,3,1,0,0,1510,6,0,0,100
2554,13,3,1,0,0,1510,6,0,0,100
2555,13,3,1,0,0,1510,6,0,0,100
2556,13,3,1,0,0,1510,6,0,0,100
2557,13,3,1,0,0,1510,6,0,0,100
2558,13,3,1,0,0,1510,6,0,0,100
2559,13,3,1,0,0,1510,6,0,0,100
2560,13,3,1,0,0,1510,6,0,0,100
2561,13,3,1,0,0,1510,6,0,0,100
2562,13,3,1,0,0,1510,6,0,0,100
2563,13,3,1,0,0,1510,6,0,0,100
2564,13,3,1,0,0,1510,6,0,0,100
2565,13,3,1,0,0,1510,6,0,0,100
2566,13,3,1,0,0,1510,6,0,0,100
2567,13,3,1,0,0,1510,6,0,0,100
2568,13,3,1,0,0,1510,6,0,0,100
2569,13,3,1,0,0,1510,6,0,0,100
2570,13,3,1,0,0,1510,6,0,0,100
2571,13,3,1,0,0,1510,6,0,0,100
2572,13,3,1,0,0,1510,6,0,0,100
2573,13,3,1,0,0,1510,6,0,0,100
2574,13,3,1,0,0,1510,6,0,0,100
2575,13,3,1,0,0,1510,6,0,0,100
2576,13,3,1,0,0,1510,6,0,0,100
2577,13,3,1,0,0,1510,6,0,0,100
2578,13,3,1,0,0,1510,6,0,0,100
2579,13,3,1,0,0,1510,6,0,0,100
2580,13,3,1,0,0,1510,6,0,0,100
2581,13,3,1,0,0,1510,6,0,0,100
2582,13,3,1,0,0,1510,6,0,0,100
2583,13,3,1,0,0,1510,6,0,0,100
2584,13,3,1,0,0,1510,6,0,0,100
2585,13,3,1,0,0,1510,6,0,0,100
2586,13,3,1,0,0,1510,6,0,0,100
2587,13,3,1,0,0,1510,6,0,0,100
2588,13,3,1,0,0,1510,6,0,0,100
2589,13,3,1,0,0,1510,6,0,0,100
2590,13,3,1,0,0,1510,6,0,0,100
2591,13,3,1,0,0,1510,6,0,0,100
2592,13,3,1,0,0,1510,6,0,0,100
2593,13,3,1,0,0,1510,6,0,0,100
2594,13,3,1,0,0,1510,6,0,0,100
2595,13,3,1,0,0,1510,6,0,0,100
2596,13,3,1,0,0,1510,6,0,0,100
2597,13,3,1,0,0,1510,6,0,0,100
2598,13,3,1,0,0,1510,6,0,0,100
2599,13,3,1,0,0,1510,6,0,0,100
2600,13,3,1,0,0,1510,6,0,0,100
